"C:/Users/Braun/repos/ShatteredArcana/ShatteredArcana.uproject" 1
"../../../../../../Users/Braun/repos/ShatteredArcana/Binaries/Win64/UnrealEditor.modules" 2
"../../../Engine/Plugins/AudioGameplay/AudioGameplay.uplugin" 3
"../../../Engine/Plugins/AudioGameplayVolume/AudioGameplayVolume.uplugin" 4
"../../../Engine/Plugins/BaseMaterial/BaseMaterial.uplugin" 5
"../../../Engine/Plugins/BlueprintFileUtils/BlueprintFileUtils.uplugin" 6
"../../../Engine/Plugins/AudioInsights/AudioInsights.uplugin" 7
"../../../Engine/Plugins/Bridge/Bridge.uplugin" 8
"../../../Engine/Plugins/ChaosCloth/ChaosCloth.uplugin" 9
"../../../Engine/Plugins/ChaosClothAsset/ChaosClothAsset.uplugin" 10
"../../../Engine/Plugins/ChaosClothAssetEditor/ChaosClothAssetEditor.uplugin" 11
"../../../Engine/Plugins/ChaosVD/ChaosVD.uplugin" 12
"../../../Engine/Plugins/ChaosInsights/ChaosInsights.uplugin" 13
"../../../Engine/Plugins/Chooser/Chooser.uplugin" 14
"../../../Engine/Plugins/CmdLinkServer/CmdLinkServer.uplugin" 15
"../../../Engine/Plugins/DiscoveryBeaconReceiver/DiscoveryBeaconReceiver.uplugin" 16
"../../../Engine/Plugins/Fab/Fab.uplugin" 17
"../../../Engine/Plugins/FastBuildController/FastBuildController.uplugin" 18
"../../../Engine/Plugins/JsonBlueprintUtilities/JsonBlueprintUtilities.uplugin" 19
"../../../Engine/Plugins/LightWeightInstancesEditor/LightWeightInstancesEditor.uplugin" 20
"../../../Engine/Plugins/MassInsights/MassInsights.uplugin" 21
"../../../Engine/Plugins/IoStoreInsights/IoStoreInsights.uplugin" 22
"../../../Engine/Plugins/Mutable/Mutable.uplugin" 23
"../../../Engine/Plugins/PCG/PCG.uplugin" 24
"../../../Engine/Plugins/MeshPainting/MeshPainting.uplugin" 25
"../../../Engine/Plugins/MemoryUsageQueries/MemoryUsageQueries.uplugin" 26
"../../../Engine/Plugins/UbaController/UbaController.uplugin" 27
"../../../Engine/Plugins/ScriptPlugin/ScriptPlugin.uplugin" 28
"../../../Engine/Plugins/WorldMetrics/WorldMetrics.uplugin" 29
"../../../Engine/Plugins/XGEController/XGEController.uplugin" 30
"../../../Engine/Plugins/EnhancedInput/EnhancedInput.uplugin" 31
"../../../Engine/Plugins/TextureGraph/TextureGraph.uplugin" 32
"../../../Engine/Plugins/AI/EnvironmentQueryEditor/EnvironmentQueryEditor.uplugin" 33
"../../../Engine/Plugins/AI/HTNPlanner/HTNPlanner.uplugin" 34
"../../../Engine/Plugins/AI/MassAI/MassAI.uplugin" 35
"../../../Engine/Plugins/AI/MassCrowd/MassCrowd.uplugin" 36
"../../../Engine/Plugins/AI/MLAdapter/MLAdapter.uplugin" 37
"../../../Engine/Plugins/Cameras/CameraShakePreviewer/CameraShakePreviewer.uplugin" 38
"../../../Engine/Plugins/Cameras/GameplayCameras/GameplayCameras.uplugin" 39
"../../../Engine/Plugins/AI/AISupport/AISupport.uplugin" 40
"../../../Engine/Plugins/RenderGraphInsights/RenderGraphInsights.uplugin" 41
"../../../Engine/Plugins/Compositing/LensDistortion/LensDistortion.uplugin" 42
"../../../Engine/Plugins/Cameras/EngineCameras/EngineCameras.uplugin" 43
"../../../Engine/Plugins/Compositing/Composite/Composite.uplugin" 44
"../../../Engine/Plugins/Compositing/OpenColorIO/OpenColorIO.uplugin" 45
"../../../Engine/Plugins/Compositing/OpenCVLensDistortion/OpenCVLensDistortion.uplugin" 46
"../../../Engine/Plugins/Compositing/HoldoutComposite/HoldoutComposite.uplugin" 47
"../../../Engine/Plugins/Enterprise/AxFImporter/AxFImporter.uplugin" 48
"../../../Engine/Plugins/Enterprise/DatasmithCADImporter/DatasmithCADImporter.uplugin" 49
"../../../Engine/Plugins/Enterprise/DataprepEditor/DataprepEditor.uplugin" 50
"../../../Engine/Plugins/Enterprise/DatasmithImporter/DatasmithImporter.uplugin" 51
"../../../Engine/Plugins/Enterprise/DatasmithC4DImporter/DatasmithC4DImporter.uplugin" 52
"../../../Engine/Plugins/Enterprise/DatasmithContent/DatasmithContent.uplugin" 53
"../../../Engine/Plugins/TraceUtilities/TraceUtilities.uplugin" 54
"../../../Engine/Plugins/Enterprise/LidarPointCloud/LidarPointCloud.uplugin" 55
"../../../Engine/Plugins/Compositing/Composure/Composure.uplugin" 56
"../../../Engine/Plugins/FX/CascadeToNiagaraConverter/CascadeToNiagaraConverter.uplugin" 57
"../../../Engine/Plugins/Enterprise/GLTFExporter/GLTFExporter.uplugin" 58
"../../../Engine/Plugins/Enterprise/VariantManager/VariantManager.uplugin" 59
"../../../Engine/Plugins/FX/Niagara/Niagara.uplugin" 60
"../../../Engine/Plugins/FX/NiagaraFluids/NiagaraFluids.uplugin" 61
"../../../Engine/Plugins/FX/NiagaraPreviewContent/NiagaraPreviewContent.uplugin" 62
"../../../Engine/Plugins/Enterprise/VariantManagerContent/VariantManagerContent.uplugin" 63
"../../../Engine/Plugins/FX/NiagaraNanite/NiagaraNanite.uplugin" 64
"../../../Engine/Plugins/Interchange/Assets/InterchangeAssets.uplugin" 65
"../../../Engine/Plugins/FX/Cascade/Cascade.uplugin" 66
"../../../Engine/Plugins/Interchange/Editor/InterchangeEditor.uplugin" 67
"../../../Engine/Plugins/FX/ExampleCustomDataInterface/ExampleCustomDataInterface.uplugin" 68
"../../../Engine/Plugins/Enterprise/MDLImporter/MDLImporter.uplugin" 69
"../../../Engine/Plugins/Media/AndroidMedia/AndroidMedia.uplugin" 70
"../../../Engine/Plugins/Media/AjaMedia/AjaMedia.uplugin" 71
"../../../Engine/Plugins/Media/AppleProResMedia/AppleProResMedia.uplugin" 72
"../../../Engine/Plugins/Media/AndroidCamera/AndroidCamera.uplugin" 73
"../../../Engine/Plugins/FX/NiagaraMRQ/NiagaraMRQ.uplugin" 74
"../../../Engine/Plugins/Media/AvidDNxMedia/AvidDNxMedia.uplugin" 75
"../../../Engine/Plugins/Media/AudioCaptureTimecodeProvider/AudioCaptureTimecodeProvider.uplugin" 76
"../../../Engine/Plugins/FX/NiagaraSimCaching/NiagaraSimCaching.uplugin" 77
"../../../Engine/Plugins/Media/AvidDNxHDDecoderElectra/AvidDNxHDDecoderElectra.uplugin" 78
"../../../Engine/Plugins/Compositing/CompositeCore/CompositeCore.uplugin" 79
"../../../Engine/Plugins/Interchange/Runtime/Interchange.uplugin" 80
"../../../Engine/Plugins/Media/D3D12VideoDecodersElectra/D3D12VideoDecodersElectra.uplugin" 81
"../../../Engine/Plugins/Media/AppleProResDecoderElectra/AppleProResDecoderElectra.uplugin" 82
"../../../Engine/Plugins/Media/ElectraCDM/ElectraCDM.uplugin" 83
"../../../Engine/Plugins/Media/BlackmagicMedia/BlackmagicMedia.uplugin" 84
"../../../Engine/Plugins/Media/ElectraPlayer/ElectraPlayer.uplugin" 85
"../../../Engine/Plugins/Media/ElectraCodecs/ElectraCodecs.uplugin" 86
"../../../Engine/Plugins/Media/ElectraSubtitles/ElectraSubtitles.uplugin" 87
"../../../Engine/Plugins/Media/ElectraUtil/ElectraUtil.uplugin" 88
"../../../Engine/Plugins/Media/FlacDecoderElectra/FlacDecoderElectra.uplugin" 89
"../../../Engine/Plugins/Media/HAPDecoderElectra/HAPDecoderElectra.uplugin" 90
"../../../Engine/Plugins/Media/ImgMedia/ImgMedia.uplugin" 91
"../../../Engine/Plugins/Media/HAPMedia/HAPMedia.uplugin" 92
"../../../Engine/Plugins/Media/HardwareEncoders/HardwareEncoders.uplugin" 93
"../../../Engine/Plugins/Media/MediaMovieStreamer/MediaMovieStreamer.uplugin" 94
"../../../Engine/Plugins/Media/MediaFrameworkUtilities/MediaFrameworkUtilities.uplugin" 95
"../../../Engine/Plugins/Media/MediaCompositing/MediaCompositing.uplugin" 96
"../../../Engine/Plugins/Media/MediaPlayerEditor/MediaPlayerEditor.uplugin" 97
"../../../Engine/Plugins/Media/LinearTimecode/LinearTimecode.uplugin" 98
"../../../Engine/Plugins/Enterprise/DatasmithFBXImporter/DatasmithFBXImporter.uplugin" 99
"../../../Engine/Plugins/Media/MfMedia/MfMedia.uplugin" 100
"../../../Engine/Plugins/Media/MediaViewer/MediaViewer.uplugin" 101
"../../../Engine/Plugins/Media/NDIMedia/NDIMedia.uplugin" 102
"../../../Engine/Plugins/Media/MediaPlate/MediaPlate.uplugin" 103
"../../../Engine/Plugins/Media/PixelCapture/PixelCapture.uplugin" 104
"../../../Engine/Plugins/Media/AvfMedia/AvfMedia.uplugin" 105
"../../../Engine/Plugins/Media/MediaIOFramework/MediaIOFramework.uplugin" 106
"../../../Engine/Plugins/Media/VPxDecoderElectra/VPxDecoderElectra.uplugin" 107
"../../../Engine/Plugins/Media/WebMMedia/WebMMedia.uplugin" 108
"../../../Engine/Plugins/Media/WmfMedia/WmfMedia.uplugin" 109
"../../../Engine/Plugins/Media/BinkMedia/BinkMedia.uplugin" 110
"../../../Engine/Plugins/Media/OpusDecoderElectra/OpusDecoderElectra.uplugin" 111
"../../../Engine/Plugins/Media/PixelStreaming2/PixelStreaming2.uplugin" 112
"../../../Engine/Plugins/Media/PixelStreaming/PixelStreaming.uplugin" 113
"../../../Engine/Plugins/MetaHuman/MetaHumanCoreTechLib/MetaHumanCoreTech.uplugin" 114
"../../../Engine/Plugins/Online/EOSOverlayInputProvider/EOSOverlayInputProvider.uplugin" 115
"../../../Engine/Plugins/Media/TimecodeSynchronizer/TimecodeSynchronizer.uplugin" 116
"../../../Engine/Plugins/MetaHuman/MetaHumanAnimator/MetaHuman.uplugin" 117
"../../../Engine/Plugins/Online/OnlineFramework/OnlineFramework.uplugin" 118
"../../../Engine/Plugins/Media/MJPEGDecoderElectra/MJPEGDecoderElectra.uplugin" 119
"../../../Engine/Plugins/Online/OnlineFrameworkCommon/OnlineFrameworkCommon.uplugin" 120
"../../../Engine/Plugins/MetaHuman/MetaHumanCalibrationProcessing/MetaHumanCalibrationProcessing.uplugin" 121
"../../../Engine/Plugins/MetaHuman/MetaHumanCharacter/MetaHumanCharacter.uplugin" 122
"../../../Engine/Plugins/Online/EOSShared/EOSShared.uplugin" 123
"../../../Engine/Plugins/Online/OnlineServicesEOS/OnlineServicesEOS.uplugin" 124
"../../../Engine/Plugins/MetaHuman/MetaHumanSDK/MetaHumanSDK.uplugin" 125
"../../../Engine/Plugins/Online/OnlineBase/OnlineBase.uplugin" 126
"../../../Engine/Plugins/MetaHuman/MetaHumanLiveLink/MetaHumanLiveLink.uplugin" 127
"../../../Engine/Plugins/Online/OnlineServicesNull/OnlineServicesNull.uplugin" 128
"../../../Engine/Plugins/Online/OnlineServicesEpicCommon/OnlineServicesEpicCommon.uplugin" 129
"../../../Engine/Plugins/Online/OnlineSubsystemApple/OnlineSubsystemApple.uplugin" 130
"../../../Engine/Plugins/Online/OnlineSubsystem/OnlineSubsystem.uplugin" 131
"../../../Engine/Plugins/Online/OnlineServicesEOSGS/OnlineServicesEOSGS.uplugin" 132
"../../../Engine/Plugins/Online/OnlineSubsystemNull/OnlineSubsystemNull.uplugin" 133
"../../../Engine/Plugins/Online/OnlineSubsystemGoogle/OnlineSubsystemGoogle.uplugin" 134
"../../../Engine/Plugins/Online/OnlineSubsystemTencent/OnlineSubsystemTencent.uplugin" 135
"../../../Engine/Plugins/Online/OnlineSubsystemEOS/OnlineSubsystemEOS.uplugin" 136
"../../../Engine/Plugins/Online/SocketSubsystemEOS/SocketSubsystemEOS.uplugin" 137
"../../../Engine/Plugins/Online/OnlineSubsystemSteam/OnlineSubsystemSteam.uplugin" 138
"../../../Engine/Plugins/Online/OnlineServices/OnlineServices.uplugin" 139
"../../../Engine/Plugins/Online/OnlineSubsystemFacebook/OnlineSubsystemFacebook.uplugin" 140
"../../../Engine/Plugins/Online/OnlineSubsystemUtils/OnlineSubsystemUtils.uplugin" 141
"../../../Engine/Plugins/Slate/SlateInsights/SlateInsights.uplugin" 142
"../../../Engine/Plugins/Online/WebAuth/WebAuth.uplugin" 143
"../../../Engine/Plugins/Animation/ACLPlugin/ACLPlugin.uplugin" 144
"../../../Engine/Plugins/Web/HttpBlueprint/HttpBlueprint.uplugin" 145
"../../../Engine/Plugins/Animation/AnimationWarping/AnimationWarping.uplugin" 146
"../../../Engine/Plugins/Online/SocketSubsystemSteamIP/SocketSubsystemSteamIP.uplugin" 147
"../../../Engine/Plugins/Animation/AnimatorKit/AnimatorKit.uplugin" 148
"../../../Engine/Plugins/Animation/BlendStack/BlendStack.uplugin" 149
"../../../Engine/Plugins/Animation/AnimationData/AnimationData.uplugin" 150
"../../../Engine/Plugins/Animation/DeformerGraph/DeformerGraph.uplugin" 151
"../../../Engine/Plugins/Animation/AnimationLocomotionLibrary/AnimationLocomotionLibrary.uplugin" 152
"../../../Engine/Plugins/Online/OnlineSubsystemAmazon/OnlineSubsystemAmazon.uplugin" 153
"../../../Engine/Plugins/Animation/EaseCurveTool/EaseCurveTool.uplugin" 154
"../../../Engine/Plugins/Animation/GeneSplicer/GeneSplicer.uplugin" 155
"../../../Engine/Plugins/Animation/AnimationModifierLibrary/AnimationModifierLibrary.uplugin" 156
"../../../Engine/Plugins/Animation/ControlRig/ControlRig.uplugin" 157
"../../../Engine/Plugins/Slate/SlateScripting/SlateScripting.uplugin" 158
"../../../Engine/Plugins/Animation/GameplayInsights/GameplayInsights.uplugin" 159
"../../../Engine/Plugins/Animation/BlendSpaceMotionAnalysis/BlendSpaceMotionAnalysis.uplugin" 160
"../../../Engine/Plugins/Animation/LiveLink/LiveLink.uplugin" 161
"../../../Engine/Plugins/Animation/LiveLinkCurveDebugUI/LiveLinkCurveDebugUI.uplugin" 162
"../../../Engine/Plugins/Animation/IKRig/IKRig.uplugin" 163
"../../../Engine/Plugins/Animation/LiveLinkExampleDevice/LiveLinkExampleDevice.uplugin" 164
"../../../Engine/Plugins/Animation/ControlRigModules/ControlRigModules.uplugin" 165
"../../../Engine/Plugins/Animation/PerformanceCaptureCore/PerformanceCaptureCore.uplugin" 166
"../../../Engine/Plugins/Animation/LiveLinkDevice/LiveLinkDevice.uplugin" 167
"../../../Engine/Plugins/Animation/MotionWarping/MotionWarping.uplugin" 168
"../../../Engine/Plugins/Animation/RigLogic/RigLogic.uplugin" 169
"../../../Engine/Plugins/Developer/AnimationSharing/AnimationSharing.uplugin" 170
"../../../Engine/Plugins/Animation/DNACalib/DNACalib.uplugin" 171
"../../../Engine/Plugins/Animation/LiveLinkHub/LiveLinkHub.uplugin" 172
"../../../Engine/Plugins/Animation/TweeningUtils/TweeningUtils.uplugin" 173
"../../../Engine/Plugins/Animation/LiveLinkUnrealDevice/LiveLinkUnrealDevice.uplugin" 174
"../../../Engine/Plugins/Developer/DirectoryPlaceholder/DirectoryPlaceholder.uplugin" 175
"../../../Engine/Plugins/Developer/FieldNotificationTrace/FieldNotificationTrace.uplugin" 176
"../../../Engine/Plugins/Developer/DumpGPUServices/DumpGPUServices.uplugin" 177
"../../../Engine/Plugins/Developer/CLionSourceCodeAccess/CLionSourceCodeAccess.uplugin" 178
"../../../Engine/Plugins/Developer/GitSourceControl/GitSourceControl.uplugin" 179
"../../../Engine/Plugins/Developer/N10XSourceCodeAccess/N10XSourceCodeAccess.uplugin" 180
"../../../Engine/Plugins/Developer/NullSourceCodeAccess/NullSourceCodeAccess.uplugin" 181
"../../../Engine/Plugins/Developer/KDevelopSourceCodeAccess/KDevelopSourceCodeAccess.uplugin" 182
"../../../Engine/Plugins/Developer/OneSkyLocalizationService/OneSkyLocalizationService.uplugin" 183
"../../../Engine/Plugins/Animation/SkeletalMeshModelingTools/SkeletalMeshModelingTools.uplugin" 184
"../../../Engine/Plugins/Online/OnlineServicesOSSAdapter/OnlineServicesOSSAdapter.uplugin" 185
"../../../Engine/Plugins/Developer/NamingTokens/NamingTokens.uplugin" 186
"../../../Engine/Plugins/Animation/PoseSearch/PoseSearch.uplugin" 187
"../../../Engine/Plugins/Developer/CodeLiteSourceCodeAccess/CodeLiteSourceCodeAccess.uplugin" 188
"../../../Engine/Plugins/Developer/ProjectLauncher/ProjectLauncher.uplugin" 189
"../../../Engine/Plugins/Developer/PerforceSourceControl/PerforceSourceControl.uplugin" 190
"../../../Engine/Plugins/Developer/PixWinPlugin/PixWinPlugin.uplugin" 191
"../../../Engine/Plugins/Developer/PluginUtils/PluginUtils.uplugin" 192
"../../../Engine/Plugins/Developer/RenderDocPlugin/RenderDocPlugin.uplugin" 193
"../../../Engine/Plugins/Developer/RiderSourceCodeAccess/RiderSourceCodeAccess.uplugin" 194
"../../../Engine/Plugins/Developer/SubversionSourceControl/SubversionSourceControl.uplugin" 195
"../../../Engine/Plugins/Developer/GPUReshape/GPUReshape.uplugin" 196
"../../../Engine/Plugins/Developer/VisualStudioCodeSourceCodeAccess/VisualStudioCodeSourceCodeAccess.uplugin" 197
"../../../Engine/Plugins/Animation/ControlRigSpline/ControlRigSpline.uplugin" 198
"../../../Engine/Plugins/Developer/VisualStudioSourceCodeAccess/VisualStudioSourceCodeAccess.uplugin" 199
"../../../Engine/Plugins/Experimental/AIAssistant/AIAssistant.uplugin" 200
"../../../Engine/Plugins/Experimental/AdvancedRenamer/AdvancedRenamer.uplugin" 201
"../../../Engine/Plugins/Developer/TextureFormatOodle/TextureFormatOodle.uplugin" 202
"../../../Engine/Plugins/Developer/TraceSourceFiltering/TraceSourceFilters.uplugin" 203
"../../../Engine/Plugins/Experimental/AnimToTexture/AnimToTexture.uplugin" 204
"../../../Engine/Plugins/Developer/PlasticSourceControl/PlasticSourceControl.uplugin" 205
"../../../Engine/Plugins/Developer/PropertyAccessNode/PropertyAccessNode.uplugin" 206
"../../../Engine/Plugins/Experimental/BlueprintSnapNodes/BlueprintSnapNodes.uplugin" 207
"../../../Engine/Plugins/Developer/XcodeGPUDebuggerPlugin/XcodeGPUDebuggerPlugin.uplugin" 208
"../../../Engine/Plugins/Developer/BlankPlugin/BlankPlugin.uplugin" 209
"../../../Engine/Plugins/Experimental/AsyncMessageSystemTests/AsyncMessageSystemTests.uplugin" 210
"../../../Engine/Plugins/Experimental/AvalancheSequenceNavigator/AvalancheSequenceNavigator.uplugin" 211
"../../../Engine/Plugins/Developer/UObjectPlugin/UObjectPlugin.uplugin" 212
"../../../Engine/Plugins/Experimental/BackChannel/BackChannel.uplugin" 213
"../../../Engine/Plugins/Experimental/AvalancheDisplayCluster/AvalancheDisplayCluster.uplugin" 214
"../../../Engine/Plugins/Experimental/CelestialVault/CelestialVault.uplugin" 215
"../../../Engine/Plugins/Experimental/ChaosClothEditor/ChaosClothEditor.uplugin" 216
"../../../Engine/Plugins/Experimental/AsyncMessageSystem/AsyncMessageSystem.uplugin" 217
"../../../Engine/Plugins/Experimental/ChaosFlesh/ChaosFlesh.uplugin" 218
"../../../Engine/Plugins/Experimental/ChaosModularVehicle/ChaosModularVehicle.uplugin" 219
"../../../Engine/Plugins/Experimental/AbilitySystemGameFeatureActions/AbilitySystemGameFeatureActions.uplugin" 220
"../../../Engine/Plugins/Experimental/ChaosCaching/ChaosCaching.uplugin" 221
"../../../Engine/Plugins/Experimental/ChaosModularVehicleExamples/ChaosModularVehicleExamples.uplugin" 222
"../../../Engine/Plugins/Experimental/ChaosRigidAsset/ChaosRigidAsset.uplugin" 223
"../../../Engine/Plugins/Experimental/ChaosOutfitAsset/ChaosOutfitAsset.uplugin" 224
"../../../Engine/Plugins/Experimental/ChaosUserDataPT/ChaosUserDataPT.uplugin" 225
"../../../Engine/Plugins/Experimental/ChaosCachingUSD/ChaosCachingUSD.uplugin" 226
"../../../Engine/Plugins/Experimental/ChaosMover/ChaosMover.uplugin" 227
"../../../Engine/Plugins/Experimental/BlueprintStats/BlueprintStats.uplugin" 228
"../../../Engine/Plugins/Experimental/ChaosVehiclesPlugin/ChaosVehiclesPlugin.uplugin" 229
"../../../Engine/Plugins/Experimental/ChaosSolverPlugin/ChaosSolverPlugin.uplugin" 230
"../../../Engine/Plugins/Experimental/CineCameraRigs/CineCameraRigs.uplugin" 231
"../../../Engine/Plugins/Experimental/CineCameraSceneCapture/CineCameraSceneCapture.uplugin" 232
"../../../Engine/Plugins/Experimental/CinematicPrestreaming/CinematicPrestreaming.uplugin" 233
"../../../Engine/Plugins/Experimental/CodeEditor/CodeEditor.uplugin" 234
"../../../Engine/Plugins/Experimental/CodeView/CodeView.uplugin" 235
"../../../Engine/Plugins/Experimental/ColorCorrectRegions/ColorCorrectRegions.uplugin" 236
"../../../Engine/Plugins/Experimental/ControlRigPhysics/ControlRigPhysics.uplugin" 237
"../../../Engine/Plugins/Experimental/DaySequence/DaySequence.uplugin" 238
"../../../Engine/Plugins/Experimental/CharacterAI/CharacterAI.uplugin" 239
"../../../Engine/Plugins/Experimental/CommonConversation/CommonConversation.uplugin" 240
"../../../Engine/Plugins/Experimental/Buoyancy/Buoyancy.uplugin" 241
"../../../Engine/Plugins/Experimental/DynamicWind/DynamicWind.uplugin" 242
"../../../Engine/Plugins/Experimental/Dataflow/Dataflow.uplugin" 243
"../../../Engine/Plugins/Experimental/ControlFlows/ControlFlows.uplugin" 244
"../../../Engine/Plugins/Experimental/DefaultInstallBundleManager/DefaultInstallBundleManager.uplugin" 245
"../../../Engine/Plugins/Experimental/DrawDebugLibrary/DrawDebugLibrary.uplugin" 246
"../../../Engine/Plugins/Experimental/ChaosNiagara/ChaosNiagara.uplugin" 247
"../../../Engine/Plugins/Experimental/FieldSystemPlugin/FieldSystemPlugin.uplugin" 248
"../../../Engine/Plugins/Experimental/ChaosEditor/ChaosEditor.uplugin" 249
"../../../Engine/Plugins/Experimental/AutomationUtils/AutomationUtils.uplugin" 250
"../../../Engine/Plugins/Experimental/DynamicMaterialMediaStreamBridge/DynamicMaterialMediaStreamBridge.uplugin" 251
"../../../Engine/Plugins/Experimental/CinematicSequenceNavigator/CinematicSequenceNavigator.uplugin" 252
"../../../Engine/Plugins/Experimental/EditorDataStorage/EditorDataStorage.uplugin" 253
"../../../Engine/Plugins/Experimental/GameplayBehaviors/GameplayBehaviors.uplugin" 254
"../../../Engine/Plugins/Experimental/EditorPerformance/EditorPerformance.uplugin" 255
"../../../Engine/Plugins/Experimental/GameplayGraph/GameplayGraph.uplugin" 256
"../../../Engine/Plugins/Experimental/EvaluationNotifies/EvaluationNotifies.uplugin" 257
"../../../Engine/Plugins/Experimental/Fracture/Fracture.uplugin" 258
"../../../Engine/Plugins/Experimental/FullBodyIK/FullBodyIK.uplugin" 259
"../../../Engine/Plugins/Experimental/GeometryCacheAbcFile/GeometryCacheAbcFile.uplugin" 260
"../../../Engine/Plugins/Experimental/GeometryFlow/GeometryFlow.uplugin" 261
"../../../Engine/Plugins/Experimental/GameplayTargetingSystem/TargetingSystem.uplugin" 262
"../../../Engine/Plugins/Experimental/FastGeoStreaming/FastGeoStreaming.uplugin" 263
"../../../Engine/Plugins/Experimental/GizmoFramework/GizmoFramework.uplugin" 264
"../../../Engine/Plugins/Experimental/HairModelingToolset/HairModelingToolset.uplugin" 265
"../../../Engine/Plugins/Experimental/EditorTelemetry/EditorTelemetry.uplugin" 266
"../../../Engine/Plugins/Experimental/GeometryCollectionPlugin/GeometryCollectionPlugin.uplugin" 267
"../../../Engine/Plugins/Experimental/HairCardGenerator/HairCardGenerator.uplugin" 268
"../../../Engine/Plugins/Experimental/GeometryCacheLevelSequenceBaker/GeometryCacheLevelSequenceBaker.uplugin" 269
"../../../Engine/Plugins/Experimental/ImageWidgets/ImageWidgets.uplugin" 270
"../../../Engine/Plugins/Experimental/HairStrandsMutable/HairStrandsMutable.uplugin" 271
"../../../Engine/Plugins/Experimental/ImagePlate/ImagePlate.uplugin" 272
"../../../Engine/Plugins/Experimental/ImpostorBaker/ImpostorBaker.uplugin" 273
"../../../Engine/Plugins/Experimental/InlineMaterialInstance/InlineMaterialInstance.uplugin" 274
"../../../Engine/Plugins/Experimental/Gauntlet/Gauntlet.uplugin" 275
"../../../Engine/Plugins/Experimental/GeometryDataflow/GeometryDataflow.uplugin" 276
"../../../Engine/Plugins/Experimental/GlobalConfigurationData/GlobalConfigurationData.uplugin" 277
"../../../Engine/Plugins/Experimental/FloatingProperties/FloatingProperties.uplugin" 278
"../../../Engine/Plugins/Experimental/JWT/JWT.uplugin" 279
"../../../Engine/Plugins/Experimental/GizmoEdMode/GizmoEdMode.uplugin" 280
"../../../Engine/Plugins/Experimental/LiveLinkControlRig/LiveLinkControlRig.uplugin" 281
"../../../Engine/Plugins/Experimental/InEditorDocumentation/InEditorDocumentation.uplugin" 282
"../../../Engine/Plugins/Experimental/InstanceDataObjectFixupTool/InstanceDataObjectFixupTool.uplugin" 283
"../../../Engine/Plugins/Experimental/Iris/Iris.uplugin" 284
"../../../Engine/Plugins/Experimental/GameInputWindows/GameInputWindows.uplugin" 285
"../../../Engine/Plugins/Experimental/LocalizableMessage/LocalizableMessage.uplugin" 286
"../../../Engine/Plugins/Experimental/InteractionInterface/InteractionInterface.uplugin" 287
"../../../Engine/Plugins/Experimental/GPULightmass/GPULightmass.uplugin" 288
"../../../Engine/Plugins/Experimental/LevelSequenceNavigatorBridge/LevelSequenceNavigatorBridge.uplugin" 289
"../../../Engine/Plugins/Experimental/EditorDataStorageFeatures/EditorDataStorageFeatures.uplugin" 290
"../../../Engine/Plugins/Experimental/MeshModelingToolsetExp/MeshModelingToolsetExp.uplugin" 291
"../../../Engine/Plugins/Experimental/Landmass/Landmass.uplugin" 292
"../../../Engine/Plugins/Experimental/MotoSynth/MotoSynth.uplugin" 293
"../../../Engine/Plugins/Experimental/ActorPalette/ActorPalette.uplugin" 294
"../../../Engine/Plugins/Experimental/MoverAnimNext/MoverAnimNext.uplugin" 295
"../../../Engine/Plugins/Developer/XCodeSourceCodeAccess/XCodeSourceCodeAccess.uplugin" 296
"../../../Engine/Plugins/Experimental/LearningAgents/LearningAgents.uplugin" 297
"../../../Engine/Plugins/Experimental/MediaStream/MediaStream.uplugin" 298
"../../../Engine/Plugins/Experimental/LiveLinkOpenVR/LiveLinkOpenVR.uplugin" 299
"../../../Engine/Plugins/Experimental/MovieSceneAnimMixer/MovieSceneAnimMixer.uplugin" 300
"../../../Engine/Plugins/Experimental/MovieScenePoseSearchTracks/MovieScenePoseSearchTracks.uplugin" 301
"../../../Engine/Plugins/Experimental/MutableDataflow/MutableDataflow.uplugin" 302
"../../../Engine/Plugins/Experimental/MotorSimOutputMotoSynth/MotorSimOutputMotoSynth.uplugin" 303
"../../../Engine/Plugins/Experimental/MoverExamples/MoverExamples.uplugin" 304
"../../../Engine/Plugins/Experimental/NeuralRendering/NeuralRendering.uplugin" 305
"../../../Engine/Plugins/Experimental/MutableClothing/MutableClothing.uplugin" 306
"../../../Engine/Plugins/Experimental/LowLevelNetTrace/LowLevelNetTrace.uplugin" 307
"../../../Engine/Plugins/Experimental/NNERuntimeBasicCpu/NNERuntimeBasicCpu.uplugin" 308
"../../../Engine/Plugins/Experimental/NaniteAssemblyEditorUtils/NaniteAssemblyEditorUtils.uplugin" 309
"../../../Engine/Plugins/Experimental/LiveLinkFaceImporter/LiveLinkFaceImporter.uplugin" 310
"../../../Engine/Plugins/Experimental/NFORDenoise/NFORDenoise.uplugin" 311
"../../../Engine/Plugins/Experimental/MLflow/MLflow.uplugin" 312
"../../../Engine/Plugins/Experimental/MeshResizing/MeshResizing.uplugin" 313
"../../../Engine/Plugins/Experimental/OpenImageDenoise/OpenImageDenoise.uplugin" 314
"../../../Engine/Plugins/Experimental/MutablePopulation/MutablePopulation.uplugin" 315
"../../../Engine/Plugins/Experimental/PanoramicCapture/PanoramicCapture.uplugin" 316
"../../../Engine/Plugins/Experimental/NNERuntimeIREE/NNERuntimeIREE.uplugin" 317
"../../../Engine/Plugins/Experimental/Mover/Mover.uplugin" 318
"../../../Engine/Plugins/Experimental/MetasoundExperimental/MetasoundExperimental.uplugin" 319
"../../../Engine/Plugins/Experimental/MoverTests/MoverTests.uplugin" 320
"../../../Engine/Plugins/Experimental/PCGBiomeCore/PCGBiomeCore.uplugin" 321
"../../../Engine/Plugins/Experimental/PCGBiomeSample/PCGBiomeSample.uplugin" 322
"../../../Engine/Plugins/Experimental/PixelStreamingPlayer/PixelStreamingPlayer.uplugin" 323
"../../../Engine/Plugins/Experimental/MoverIntegrations/MoverIntegrations.uplugin" 324
"../../../Engine/Plugins/Experimental/PlainPropsEngine/PlainPropsEngine.uplugin" 325
"../../../Engine/Plugins/Experimental/PlainProps/PlainProps.uplugin" 326
"../../../Engine/Plugins/Experimental/OptiXDenoise/OptiXDenoise.uplugin" 327
"../../../Engine/Plugins/Experimental/PlainPropsUObject/PlainPropsUObject.uplugin" 328
"../../../Engine/Plugins/Experimental/PhysicsControl/PhysicsControl.uplugin" 329
"../../../Engine/Plugins/Experimental/PluginReferenceViewer/PluginReferenceViewer.uplugin" 330
"../../../Engine/Plugins/Experimental/PluginAudit/PluginAudit.uplugin" 331
"../../../Engine/Plugins/Experimental/PlanarCutPlugin/PlanarCut.uplugin" 332
"../../../Engine/Plugins/Experimental/PSDImporter/PSDImporter.uplugin" 333
"../../../Engine/Plugins/Experimental/PythonMLPackages/PythonMLPackages.uplugin" 334
"../../../Engine/Plugins/Experimental/NNERuntimeRDG/NNERuntimeRDG.uplugin" 335
"../../../Engine/Plugins/Experimental/PythonScriptPlugin/PythonScriptPlugin.uplugin" 336
"../../../Engine/Plugins/Experimental/QuicMessaging/QuicMessaging.uplugin" 337
"../../../Engine/Plugins/Experimental/ProceduralVegetationEditor/ProceduralVegetationEditor.uplugin" 338
"../../../Engine/Plugins/Experimental/RawInput/RawInput.uplugin" 339
"../../../Engine/Plugins/Experimental/NNERuntimeCoreML/NNERuntimeCoreML.uplugin" 340
"../../../Engine/Plugins/Experimental/RazerChromaDevices/RazerChromaDevices.uplugin" 341
"../../../Engine/Plugins/Experimental/RemoteControlActorModifierBridge/RemoteControlActorModifierBridge.uplugin" 342
"../../../Engine/Plugins/Experimental/PostProcessMaterialChainGraph/PostProcessMaterialChainGraph.uplugin" 343
"../../../Engine/Plugins/Experimental/RemoteSession/RemoteSession.uplugin" 344
"../../../Engine/Plugins/Experimental/PlatformCrypto/PlatformCrypto.uplugin" 345
"../../../Engine/Plugins/Experimental/NaniteDisplacedMesh/NaniteDisplacedMesh.uplugin" 346
"../../../Engine/Plugins/Experimental/PythonFoundationPackages/PythonFoundationPackages.uplugin" 347
"../../../Engine/Plugins/Experimental/RemoteControlComponents/RemoteControlComponents.uplugin" 348
"../../../Engine/Plugins/Experimental/PluginTemplateTool/PluginTemplateTool.uplugin" 349
"../../../Engine/Plugins/Experimental/SecuritySandbox/SecuritySandbox.uplugin" 350
"../../../Engine/Plugins/Experimental/RenderGrid/RenderGrid.uplugin" 351
"../../../Engine/Plugins/Experimental/RigLogicUAF/RigLogicUAF.uplugin" 352
"../../../Engine/Plugins/Experimental/PSDImporterMaterialDesignerBridge/PSDImporterMaterialDesignerBridge.uplugin" 353
"../../../Engine/Plugins/Experimental/Shotgrid/Shotgrid.uplugin" 354
"../../../Engine/Plugins/Experimental/SerializationUtils/SerializationUtils.uplugin" 355
"../../../Engine/Plugins/Experimental/SimpleHMD/SimpleHMD.uplugin" 356
"../../../Engine/Plugins/Experimental/ScreenReader/ScreenReader.uplugin" 357
"../../../Engine/Plugins/Experimental/StructUtils/StructUtils.uplugin" 358
"../../../Engine/Plugins/Experimental/SequenceNavigator/SequenceNavigator.uplugin" 359
"../../../Engine/Plugins/Experimental/SlateScreenReader/SlateScreenReader.uplugin" 360
"../../../Engine/Plugins/Experimental/SlateModelViewViewModel/SlateModelViewViewModel.uplugin" 361
"../../../Engine/Plugins/Experimental/SubtitlesAndClosedCaptions/SubtitlesAndClosedCaptions.uplugin" 362
"../../../Engine/Plugins/Experimental/StateGraph/StateGraph.uplugin" 363
"../../../Engine/Plugins/Experimental/RigLogicMutable/RigLogicMutable.uplugin" 364
"../../../Engine/Plugins/Experimental/SkeletalReduction/SkeletalReduction.uplugin" 365
"../../../Engine/Plugins/Experimental/Tensorboard/Tensorboard.uplugin" 366
"../../../Engine/Plugins/Experimental/TetMeshing/TetMeshing.uplugin" 367
"../../../Engine/Plugins/Experimental/SpatialReadiness/SpatialReadiness.uplugin" 368
"../../../Engine/Plugins/Experimental/VirtualHeightfieldMesh/VirtualHeightfieldMesh.uplugin" 369
"../../../Engine/Plugins/Experimental/UIFramework/UIFramework.uplugin" 370
"../../../Engine/Plugins/Experimental/RuntimeTelemetry/RuntimeTelemetry.uplugin" 371
"../../../Engine/Plugins/Experimental/SurfaceEffects/SurfaceEffects.uplugin" 372
"../../../Engine/Plugins/Experimental/TechAudioTools/TechAudioTools.uplugin" 373
"../../../Engine/Plugins/Experimental/TargetDeviceServicesScripting/TargetDeviceServicesScripting.uplugin" 374
"../../../Engine/Plugins/Experimental/Volumetrics/Volumetrics.uplugin" 375
"../../../Engine/Plugins/Experimental/Water/Water.uplugin" 376
"../../../Engine/Plugins/Experimental/ToolPresets/ToolPresets.uplugin" 377
"../../../Engine/Plugins/Experimental/WaterExtras/WaterExtras.uplugin" 378
"../../../Engine/Plugins/Experimental/WaterAdvanced/WaterAdvanced.uplugin" 379
"../../../Engine/Plugins/Experimental/SlateIM/SlateIM.uplugin" 380
"../../../Engine/Plugins/Experimental/UserToolBoxCore/UserToolBoxCore.uplugin" 381
"../../../Engine/Plugins/Experimental/SubmitToolEditor/SubmitToolEditor.uplugin" 382
"../../../Engine/Plugins/Experimental/WidgetEditorToolPalette/WidgetEditorToolPalette.uplugin" 383
"../../../Engine/Plugins/Experimental/XRCreativeFramework/XRCreativeFramework.uplugin" 384
"../../../Engine/Plugins/Messaging/MessagingDebugger/MessagingDebugger.uplugin" 385
"../../../Engine/Plugins/Experimental/Workspace/Workspace.uplugin" 386
"../../../Engine/Plugins/Messaging/UdpMessaging/UdpMessaging.uplugin" 387
"../../../Engine/Plugins/Experimental/WebSocketMessaging/WebSocketMessaging.uplugin" 388
"../../../Engine/Plugins/Experimental/TextToSpeech/TextToSpeech.uplugin" 389
"../../../Engine/Plugins/PCGInterops/PCGGeometryScriptInterop/PCGGeometryScriptInterop.uplugin" 390
"../../../Engine/Plugins/PCGInterops/PCGPythonInterop/PCGPythonInterop.uplugin" 391
"../../../Engine/Plugins/NetcodeUnitTest/NUTUnrealEngine/NUTUnrealEngine.uplugin" 392
"../../../Engine/Plugins/Experimental/WebSocketNetworking/WebSocketNetworking.uplugin" 393
"../../../Engine/Plugins/Experimental/VirtualProductionUtilities/VirtualProductionUtilities.uplugin" 394
"../../../Engine/Plugins/Tests/AutomationDriverTests/AutomationDriverTests.uplugin" 395
"../../../Engine/Plugins/Tests/CQTest/CQTest.uplugin" 396
"../../../Engine/Plugins/PCGInterops/PCGExternalDataInterop/PCGExternalDataInterop.uplugin" 397
"../../../Engine/Plugins/Tests/CQTestExperimental/CQTestExperimental.uplugin" 398
"../../../Engine/Plugins/Tests/FbxAutomationTestBuilder/FbxAutomationTestBuilder.uplugin" 399
"../../../Engine/Plugins/Protocols/MQTT/MQTT.uplugin" 400
"../../../Engine/Plugins/Tests/CQTestEnhancedInput/CQTestEnhancedInput.uplugin" 401
"../../../Engine/Plugins/Tests/AudioCQTests/AudioCQTests.uplugin" 402
"../../../Engine/Plugins/Tests/FunctionalTestingEditor/FunctionalTestingEditor.uplugin" 403
"../../../Engine/Plugins/Experimental/WaveFunctionCollapse/WaveFunctionCollapse.uplugin" 404
"../../../Engine/Plugins/Tests/RHITests/RHITests.uplugin" 405
"../../../Engine/Plugins/Tests/EditorTests/EditorTests.uplugin" 406
"../../../Engine/Plugins/NetcodeUnitTest/NetcodeUnitTest/NetcodeUnitTest.uplugin" 407
"../../../Engine/Plugins/Tests/PythonAutomationTest/PythonAutomationTest.uplugin" 408
"../../../Engine/Plugins/Tests/InterchangeTests/InterchangeTests.uplugin" 409
"../../../Engine/Plugins/Tests/WidgetAutomationTests/WidgetAutomationTests.uplugin" 410
"../../../Engine/Plugins/Tests/TestFramework/TestFramework.uplugin" 411
"../../../Engine/Plugins/VirtualProduction/AvalancheSceneState/AvalancheSceneState.uplugin" 412
"../../../Engine/Plugins/VirtualProduction/AvalancheDataLink/AvalancheDataLink.uplugin" 413
"../../../Engine/Plugins/VirtualProduction/CameraCalibration/CameraCalibration.uplugin" 414
"../../../Engine/Plugins/VirtualProduction/CameraCalibrationCore/CameraCalibrationCore.uplugin" 415
"../../../Engine/Plugins/Tests/TestSamples/TestSamples.uplugin" 416
"../../../Engine/Plugins/Tests/RuntimeTests/RuntimeTests.uplugin" 417
"../../../Engine/Plugins/VirtualProduction/CustomDetailsView/CustomDetailsView.uplugin" 418
"../../../Engine/Plugins/Portal/LauncherChunkInstaller/LauncherChunkInstaller.uplugin" 419
"../../../Engine/Plugins/VirtualProduction/ClonerEffector/ClonerEffector.uplugin" 420
"../../../Engine/Plugins/VirtualProduction/ActorModifier/ActorModifier.uplugin" 421
"../../../Engine/Plugins/VirtualProduction/DataCharts/DataCharts.uplugin" 422
"../../../Engine/Plugins/VirtualProduction/CompositePlane/CompositePlane.uplugin" 423
"../../../Engine/Plugins/VirtualProduction/DataLinkOAuth/DataLinkOAuth.uplugin" 424
"../../../Engine/Plugins/VirtualProduction/DynamicMaterial/DynamicMaterial.uplugin" 425
"../../../Engine/Plugins/VirtualProduction/ICVFX/ICVFX.uplugin" 426
"../../../Engine/Plugins/VirtualProduction/CameraCalibrationML/CameraCalibrationML.uplugin" 427
"../../../Engine/Plugins/VirtualProduction/ActorModifierCore/ActorModifierCore.uplugin" 428
"../../../Engine/Plugins/VirtualProduction/ICVFXTesting/ICVFXTesting.uplugin" 429
"../../../Engine/Plugins/VirtualProduction/LiveLinkFreeD/LiveLinkFreeD.uplugin" 430
"../../../Engine/Plugins/VirtualProduction/LiveLinkCamera/LiveLinkCamera.uplugin" 431
"../../../Engine/Plugins/VirtualProduction/DataLink/DataLink.uplugin" 432
"../../../Engine/Plugins/VirtualProduction/EpicStageApp/EpicStageApp.uplugin" 433
"../../../Engine/Plugins/VirtualProduction/Avalanche/Avalanche.uplugin" 434
"../../../Engine/Plugins/VirtualProduction/GeometryMask/GeometryMask.uplugin" 435
"../../../Engine/Plugins/VirtualProduction/LensComponent/LensComponent.uplugin" 436
"../../../Engine/Plugins/VirtualProduction/LiveLinkInputDevice/LiveLinkInputDevice.uplugin" 437
"../../../Engine/Plugins/VirtualProduction/LiveLinkMasterLockit/LiveLinkMasterLockit.uplugin" 438
"../../../Engine/Plugins/VirtualProduction/LiveLinkOpenTrackIO/LiveLinkOpenTrackIO.uplugin" 439
"../../../Engine/Plugins/VirtualProduction/OperatorStack/OperatorStack.uplugin" 440
"../../../Engine/Plugins/VirtualProduction/LiveLinkXR/LiveLinkXR.uplugin" 441
"../../../Engine/Plugins/VirtualProduction/LiveLinkPrestonMDR/LiveLinkPrestonMDR.uplugin" 442
"../../../Engine/Plugins/VirtualProduction/MultiUserTakes/MultiUserTakes.uplugin" 443
"../../../Engine/Plugins/VirtualProduction/PerformanceCaptureWorkflow/PerformanceCaptureWorkflow.uplugin" 444
"../../../Engine/Plugins/VirtualProduction/PropertyAnimator/PropertyAnimator.uplugin" 445
"../../../Engine/Plugins/VirtualProduction/PropertyAnimatorCore/PropertyAnimatorCore.uplugin" 446
"../../../Engine/Plugins/VirtualProduction/SceneState/SceneState.uplugin" 447
"../../../Engine/Plugins/VirtualProduction/RemoteControlProtocolMIDI/RemoteControlProtocolMIDI.uplugin" 448
"../../../Engine/Plugins/VirtualProduction/SceneStateDataLink/SceneStateDataLink.uplugin" 449
"../../../Engine/Plugins/Messaging/TcpMessaging/TcpMessaging.uplugin" 450
"../../../Engine/Plugins/VirtualProduction/LiveLinkLens/LiveLinkLens.uplugin" 451
"../../../Engine/Plugins/VirtualProduction/RemoteControlProtocolOSC/RemoteControlProtocolOSC.uplugin" 452
"../../../Engine/Plugins/VirtualProduction/CaptureData/CaptureData.uplugin" 453
"../../../Engine/Plugins/VirtualProduction/StormSync/StormSync.uplugin" 454
"../../../Engine/Plugins/VirtualProduction/StageMonitoring/StageMonitoring.uplugin" 455
"../../../Engine/Plugins/Experimental/UserToolBoxBasicCommand/UserToolBoxBasicCommand.uplugin" 456
"../../../Engine/Plugins/VirtualProduction/StormSyncAvalancheBridge/StormSyncAvalancheBridge.uplugin" 457
"../../../Engine/Plugins/VirtualProduction/Switchboard/Switchboard.uplugin" 458
"../../../Engine/Plugins/VirtualProduction/SVGImporter/SVGImporter.uplugin" 459
"../../../Engine/Plugins/VirtualProduction/Takes/Takes.uplugin" 460
"../../../Engine/Plugins/VirtualProduction/CinematicAssemblyTools/CinematicAssemblyTools.uplugin" 461
"../../../Engine/Plugins/VirtualProduction/LevelSnapshots/LevelSnapshots.uplugin" 462
"../../../Engine/Plugins/VirtualProduction/VirtualScouting/VirtualScouting.uplugin" 463
"../../../Engine/Plugins/VirtualProduction/RemoteControlProtocolDMX/RemoteControlProtocolDMX.uplugin" 464
"../../../Engine/Plugins/VirtualProduction/VirtualCameraCore/VirtualCameraCore.uplugin" 465
"../../../Engine/Plugins/VirtualProduction/TextureShare/TextureShare.uplugin" 466
"../../../Engine/Plugins/VirtualProduction/RemoteControlWebInterface/RemoteControlWebInterface.uplugin" 467
"../../../Engine/Plugins/Editor/AssetRegistryExport/AssetRegistryExport.uplugin" 468
"../../../Engine/Plugins/VirtualProduction/RemoteControlInterception/RemoteControlInterception.uplugin" 469
"../../../Engine/Plugins/VirtualProduction/LiveLinkVRPN/LiveLinkVRPN.uplugin" 470
"../../../Engine/Plugins/VirtualProduction/Text3D/Text3D.uplugin" 471
"../../../Engine/Plugins/2D/Paper2D/Paper2D.uplugin" 472
"../../../Engine/Plugins/Editor/AssetSearch/AssetSearch.uplugin" 473
"../../../Engine/Plugins/Editor/BlueprintHeaderView/BlueprintHeaderView.uplugin" 474
"../../../Engine/Plugins/Editor/ConsoleVariablesEditor/ConsoleVariables.uplugin" 475
"../../../Engine/Plugins/Editor/ColorGrading/ColorGrading.uplugin" 476
"../../../Engine/Plugins/Compression/OodleNetwork/OodleNetwork.uplugin" 477
"../../../Engine/Plugins/Editor/AssetManagerEditor/AssetManagerEditor.uplugin" 478
"../../../Engine/Plugins/Editor/AssetReferenceRestrictions/AssetReferenceRestrictions.uplugin" 479
"../../../Engine/Plugins/Editor/ChangelistReview/ChangelistReview.uplugin" 480
"../../../Engine/Plugins/Editor/BlueprintMaterialTextureNodes/BlueprintMaterialTextureNodes.uplugin" 481
"../../../Engine/Plugins/VirtualProduction/TimedDataMonitor/TimedDataMonitor.uplugin" 482
"../../../Engine/Plugins/VirtualProduction/SequencerPlaylists/SequencerPlaylists.uplugin" 483
"../../../Engine/Plugins/Editor/CryptoKeys/CryptoKeys.uplugin" 484
"../../../Engine/Plugins/Editor/EditorSysConfigAssistant/EditorSysConfigAssistant.uplugin" 485
"../../../Engine/Plugins/Editor/EngineAssetDefinitions/EngineAssetDefinitions.uplugin" 486
"../../../Engine/Plugins/Editor/EditorScriptingUtilities/EditorScriptingUtilities.uplugin" 487
"../../../Engine/Plugins/VirtualProduction/VirtualCamera/VirtualCamera.uplugin" 488
"../../../Engine/Plugins/Editor/FacialAnimation/FacialAnimation.uplugin" 489
"../../../Engine/Plugins/Editor/DisplayClusterLaunch/DisplayClusterLaunch.uplugin" 490
"../../../Engine/Plugins/Editor/GameplayTagsEditor/GameplayTagsEditor.uplugin" 491
"../../../Engine/Plugins/Editor/LandscapePatch/LandscapePatch.uplugin" 492
"../../../Engine/Plugins/Editor/DataValidation/DataValidation.uplugin" 493
"../../../Engine/Plugins/Editor/MaterialAnalyzer/MaterialAnalyzer.uplugin" 494
"../../../Engine/Plugins/Editor/LiveUpdateForSlate/LiveUpdateForSlate.uplugin" 495
"../../../Engine/Plugins/Editor/EditorDebugTools/EditorDebugTools.uplugin" 496
"../../../Engine/Plugins/Editor/GuidedTutorials/GuidedTutorials.uplugin" 497
"../../../Engine/Plugins/Editor/MobileLauncherProfileWizard/MobileLauncherProfileWizard.uplugin" 498
"../../../Engine/Plugins/Editor/CurveEditorTools/CurveEditorTools.uplugin" 499
"../../../Engine/Plugins/Editor/MakeCookedEditorAsDLC/MakeCookedEditorAsDLC.uplugin" 500
"../../../Engine/Plugins/Editor/MeshLODToolset/MeshLODToolset.uplugin" 501
"../../../Engine/Plugins/Editor/MacGraphicsSwitching/MacGraphicsSwitching.uplugin" 502
"../../../Engine/Plugins/Editor/StylusInput/StylusInput.uplugin" 503
"../../../Engine/Plugins/Editor/ModelViewViewModelPreview/ModelViewViewModelPreview.uplugin" 504
"../../../Engine/Plugins/Editor/ProxyLODPlugin/ProxyLODPlugin.uplugin" 505
"../../../Engine/Plugins/Editor/ModelingToolsEditorMode/ModelingToolsEditorMode.uplugin" 506
"../../../Engine/Plugins/Editor/PluginBrowser/PluginBrowser.uplugin" 507
"../../../Engine/Plugins/Importers/AlembicHairImporter/AlembicHairImporter.uplugin" 508
"../../../Engine/Plugins/Editor/SampleToolsEditorMode/SampleToolsEditorMode.uplugin" 509
"../../../Engine/Plugins/Editor/ScriptableToolsEditorMode/ScriptableToolsEditorMode.uplugin" 510
"../../../Engine/Plugins/Importers/AlembicImporter/AlembicImporter.uplugin" 511
"../../../Engine/Plugins/Importers/USDImporterMDL/USDImporterMDL.uplugin" 512
"../../../Engine/Plugins/Editor/SequencerAnimTools/SequencerAnimTools.uplugin" 513
"../../../Engine/Plugins/Editor/UMGWidgetPreview/UMGWidgetPreview.uplugin" 514
"../../../Engine/Plugins/Importers/USDImporter/USDImporter.uplugin" 515
"../../../Engine/Plugins/Editor/GeometryMode/GeometryMode.uplugin" 516
"../../../Engine/Plugins/MovieScene/CustomizableSequencerTracks/CustomizableSequencerTracks.uplugin" 517
"../../../Engine/Plugins/Editor/WaveformEditor/WaveformEditor.uplugin" 518
"../../../Engine/Plugins/MovieScene/MoviePipelineMaskRenderPass/MoviePipelineMaskRenderPass.uplugin" 519
"../../../Engine/Plugins/MovieScene/MovieRenderPipeline/MovieRenderPipeline.uplugin" 520
"../../../Engine/Plugins/Editor/StaticMeshEditorModeling/StaticMeshEditorModeling.uplugin" 521
"../../../Engine/Plugins/Editor/UVEditor/UVEditor.uplugin" 522
"../../../Engine/Plugins/MovieScene/ActorSequence/ActorSequence.uplugin" 523
"../../../Engine/Plugins/MovieScene/TemplateSequence/TemplateSequence.uplugin" 524
"../../../Engine/Plugins/Editor/SpeedTreeImporter/SpeedTreeImporter.uplugin" 525
"../../../Engine/Plugins/Importers/USDMultiUser/USDMultiUser.uplugin" 526
"../../../Engine/Plugins/MovieScene/LevelSequenceEditor/LevelSequenceEditor.uplugin" 527
"../../../Engine/Plugins/Editor/WorldPartitionHLODUtilities/WorldPartitionHLODUtilities.uplugin" 528
"../../../Engine/Plugins/NNE/NNERuntimeORT/NNERuntimeORT.uplugin" 529
"../../../Engine/Plugins/Performance/PerformanceMonitor/PerformanceMonitor.uplugin" 530
"../../../Engine/Plugins/MovieScene/MovieSceneTextTrack/MovieSceneTextTrack.uplugin" 531
"../../../Engine/Plugins/Runtime/ActorLayerUtilities/ActorLayerUtilities.uplugin" 532
"../../../Engine/Plugins/MovieScene/ReplayTracks/ReplayTracks.uplugin" 533
"../../../Engine/Plugins/Runtime/AndroidDeviceProfileSelector/AndroidDeviceProfileSelector.uplugin" 534
"../../../Engine/Plugins/MovieScene/SequenceValidator/SequenceValidator.uplugin" 535
"../../../Engine/Plugins/Runtime/AndroidBackgroundService/AndroidBackgroundService.uplugin" 536
"../../../Engine/Plugins/Runtime/AndroidPermission/AndroidPermission.uplugin" 537
"../../../Engine/Plugins/MovieScene/SequencerScripting/SequencerScripting.uplugin" 538
"../../../Engine/Plugins/Runtime/AnimationBudgetAllocator/AnimationBudgetAllocator.uplugin" 539
"../../../Engine/Plugins/Runtime/AndroidFileServer/AndroidFileServer.uplugin" 540
"../../../Engine/Plugins/Runtime/ADM/ADM.uplugin" 541
"../../../Engine/Plugins/Runtime/AppleImageUtils/AppleImageUtils.uplugin" 542
"../../../Engine/Plugins/VirtualProduction/RemoteControl/RemoteControl.uplugin" 543
"../../../Engine/Plugins/Runtime/AssetTags/AssetTags.uplugin" 544
"../../../Engine/Plugins/Runtime/ArchVisCharacter/ArchVisCharacter.uplugin" 545
"../../../Engine/Plugins/Runtime/AudioModulation/AudioModulation.uplugin" 546
"../../../Engine/Plugins/Runtime/ApexDestruction/ApexDestruction.uplugin" 547
"../../../Engine/Plugins/Runtime/AudioCapture/AudioCapture.uplugin" 548
"../../../Engine/Plugins/NNE/NNEDenoiser/NNEDenoiser.uplugin" 549
"../../../Engine/Plugins/Runtime/AudioMotorSim/AudioMotorSim.uplugin" 550
"../../../Engine/Plugins/Runtime/AndroidMoviePlayer/AndroidMoviePlayer.uplugin" 551
"../../../Engine/Plugins/Runtime/CableComponent/CableComponent.uplugin" 552
"../../../Engine/Plugins/Runtime/ChunkDownloader/ChunkDownloader.uplugin" 553
"../../../Engine/Plugins/Runtime/AudioSynesthesia/AudioSynesthesia.uplugin" 554
"../../../Engine/Plugins/Runtime/CommonUI/CommonUI.uplugin" 555
"../../../Engine/Plugins/Runtime/DataRegistry/DataRegistry.uplugin" 556
"../../../Engine/Plugins/Runtime/ComputeFramework/ComputeFramework.uplugin" 557
"../../../Engine/Plugins/Runtime/ExampleDeviceProfileSelector/ExampleDeviceProfileSelector.uplugin" 558
"../../../Engine/Plugins/Runtime/AudioWidgets/AudioWidgets.uplugin" 559
"../../../Engine/Plugins/Runtime/GameFeatures/GameFeatures.uplugin" 560
"../../../Engine/Plugins/Runtime/GameplayInteractions/GameplayInteractions.uplugin" 561
"../../../Engine/Plugins/Runtime/GameplayBehaviorSmartObjects/GameplayBehaviorSmartObjects.uplugin" 562
"../../../Engine/Plugins/Runtime/GameplayAbilities/GameplayAbilities.uplugin" 563
"../../../Engine/Plugins/Runtime/GeometryCache/GeometryCache.uplugin" 564
"../../../Engine/Plugins/Runtime/GameplayStateTree/GameplayStateTree.uplugin" 565
"../../../Engine/Plugins/Runtime/GeometryProcessing/GeometryProcessing.uplugin" 566
"../../../Engine/Plugins/Runtime/GeoReferencing/GeoReferencing.uplugin" 567
"../../../Engine/Plugins/Runtime/GooglePAD/GooglePAD.uplugin" 568
"../../../Engine/Plugins/Runtime/GameInput/GameInput.uplugin" 569
"../../../Engine/Plugins/Runtime/GeometryScripting/GeometryScripting.uplugin" 570
"../../../Engine/Plugins/Runtime/Firebase/Firebase.uplugin" 571
"../../../Engine/Plugins/Runtime/HPMotionController/HPMotionController.uplugin" 572
"../../../Engine/Plugins/Runtime/GoogleCloudMessaging/GoogleCloudMessaging.uplugin" 573
"../../../Engine/Plugins/Runtime/HairStrands/HairStrands.uplugin" 574
"../../../Engine/Plugins/Runtime/Harmonix/Harmonix.uplugin" 575
"../../../Engine/Plugins/Runtime/HDRIBackdrop/HDRIBackdrop.uplugin" 576
"../../../Engine/Plugins/Runtime/HTTPChunkInstaller/HTTPChunkInstaller.uplugin" 577
"../../../Engine/Plugins/Runtime/AppleMoviePlayer/AppleMoviePlayer.uplugin" 578
"../../../Engine/Plugins/Runtime/InstancedActors/InstancedActors.uplugin" 579
"../../../Engine/Plugins/Runtime/IOSReplayKit/IOSReplayKit.uplugin" 580
"../../../Engine/Plugins/Runtime/LevelStreamingPersistence/LevelStreamingPersistence.uplugin" 581
"../../../Engine/Plugins/Runtime/LinuxDeviceProfileSelector/LinuxDeviceProfileSelector.uplugin" 582
"../../../Engine/Plugins/Runtime/LiveLinkOvernDisplay/LiveLinkOverNDisplay.uplugin" 583
"../../../Engine/Plugins/Runtime/IOSDeviceProfileSelector/IOSDeviceProfileSelector.uplugin" 584
"../../../Engine/Plugins/Runtime/LocationServicesAndroidImpl/LocationServicesAndroidImpl.uplugin" 585
"../../../Engine/Plugins/Runtime/LocationServicesIOSImpl/LocationServicesIOSImpl.uplugin" 586
"../../../Engine/Plugins/Runtime/Metasound/Metasound.uplugin" 587
"../../../Engine/Plugins/Runtime/MicrosoftSpatialAudio/MicroSoftSpatialSound.uplugin" 588
"../../../Engine/Plugins/Runtime/LocationServicesBPLibrary/LocationServicesBPLibrary.uplugin" 589
"../../../Engine/Plugins/Runtime/ModularGameplay/ModularGameplay.uplugin" 590
"../../../Engine/Plugins/Runtime/ModelViewViewModel/ModelViewViewModel.uplugin" 591
"../../../Engine/Plugins/Runtime/MassGameplay/MassGameplay.uplugin" 592
"../../../Engine/Plugins/Runtime/MultiServerReplication/MultiServerReplication.uplugin" 593
"../../../Engine/Plugins/Runtime/MixedRealityCaptureFramework/MixedRealityCaptureFramework.uplugin" 594
"../../../Engine/Plugins/Runtime/MsQuic/MsQuic.uplugin" 595
"../../../Engine/Plugins/Runtime/MusicEnvironment/MusicEnvironment.uplugin" 596
"../../../Engine/Plugins/Runtime/NavCorridor/NavCorridor.uplugin" 597
"../../../Engine/Plugins/Runtime/nDisplay/nDisplay.uplugin" 598
"../../../Engine/Plugins/Runtime/nDisplayModularFeatures/nDisplayModularFeatures.uplugin" 599
"../../../Engine/Plugins/Runtime/InputDebugging/InputDebugging.uplugin" 600
"../../../Engine/Plugins/Runtime/ExternalGPUStatistics/ExternalGPUStatistics.uplugin" 601
"../../../Engine/Plugins/Runtime/OpenXREyeTracker/OpenXREyeTracker.uplugin" 602
"../../../Engine/Plugins/Runtime/OpenXRHandTracking/OpenXRHandTracking.uplugin" 603
"../../../Engine/Plugins/Runtime/NetworkPredictionExtras/NetworkPredictionExtras.uplugin" 604
"../../../Engine/Plugins/Runtime/MassEntity/MassEntity.uplugin" 605
"../../../Engine/Plugins/Runtime/NetworkPrediction/NetworkPrediction.uplugin" 606
"../../../Engine/Plugins/Runtime/OpenXRMsftHandInteraction/OpenXRMsftHandInteraction.uplugin" 607
"../../../Engine/Plugins/Runtime/OpenXR/OpenXR.uplugin" 608
"../../../Engine/Plugins/Runtime/OpenXRViveTracker/OpenXRViveTracker.uplugin" 609
"../../../Engine/Plugins/Runtime/OSC/OSC.uplugin" 610
"../../../Engine/Plugins/Runtime/OptionalMobileFeaturesBPLibrary/OptionalMobileFeaturesBPLibrary.uplugin" 611
"../../../Engine/Plugins/Runtime/ProceduralMeshComponent/ProceduralMeshComponent.uplugin" 612
"../../../Engine/Plugins/Runtime/PropertyAccess/PropertyAccessEditor.uplugin" 613
"../../../Engine/Plugins/Performance/AutomatedPerfTesting/AutomatedPerfTesting.uplugin" 614
"../../../Engine/Plugins/Runtime/OpenCV/OpenCV.uplugin" 615
"../../../Engine/Plugins/Runtime/MobilePatchingUtils/MobilePatchingUtils.uplugin" 616
"../../../Engine/Plugins/Runtime/RigVM/RigVM.uplugin" 617
"../../../Engine/Plugins/Runtime/NetworkPredictionInsights/NetworkPredictionInsights.uplugin" 618
"../../../Engine/Plugins/Runtime/ResonanceAudio/ResonanceAudio.uplugin" 619
"../../../Engine/Plugins/Runtime/SkeletalMerging/SkeletalMerging.uplugin" 620
"../../../Engine/Plugins/Runtime/SignificanceManager/SignificanceManager.uplugin" 621
"../../../Engine/Plugins/Runtime/RenderTrace/RenderTrace.uplugin" 622
"../../../Engine/Plugins/Runtime/PropertyBindingUtils/PropertyBindingUtils.uplugin" 623
"../../../Engine/Plugins/Runtime/MeshModelingToolset/MeshModelingToolset.uplugin" 624
"../../../Engine/Plugins/Runtime/SmartObjects/SmartObjects.uplugin" 625
"../../../Engine/Plugins/Runtime/ScriptableToolsFramework/ScriptableToolsFramework.uplugin" 626
"../../../Engine/Plugins/Runtime/SoundCueTemplates/SoundCueTemplates.uplugin" 627
"../../../Engine/Plugins/Runtime/Spatialization/Spatialization.uplugin" 628
"../../../Engine/Plugins/Runtime/SoundMod/SoundMod.uplugin" 629
"../../../Engine/Plugins/Runtime/PreLoadScreenMoviePlayer/PreLoadScreenMoviePlayer.uplugin" 630
"../../../Engine/Plugins/Runtime/ReplicationSystemTestPlugin/ReplicationSystemTestPlugin.uplugin" 631
"../../../Engine/Plugins/Runtime/Soundscape/Soundscape.uplugin" 632
"../../../Engine/Plugins/Runtime/SoundUtilities/SoundUtilities.uplugin" 633
"../../../Engine/Plugins/Runtime/SoundFields/SoundFields.uplugin" 634
"../../../Engine/Plugins/Runtime/WarpUtils/WarpUtils.uplugin" 635
"../../../Engine/Plugins/Runtime/ReplicationGraph/ReplicationGraph.uplugin" 636
"../../../Engine/Plugins/Runtime/WaveTable/WaveTable.uplugin" 637
"../../../Engine/Plugins/Runtime/SunPosition/SunPosition.uplugin" 638
"../../../Engine/Plugins/Runtime/WebMMoviePlayer/WebMMoviePlayer.uplugin" 639
"../../../Engine/Plugins/Runtime/StateTree/StateTree.uplugin" 640
"../../../Engine/Plugins/Runtime/WindowsDeviceProfileSelector/WindowsDeviceProfileSelector.uplugin" 641
"../../../Engine/Plugins/Runtime/WorldConditions/WorldConditions.uplugin" 642
"../../../Engine/Plugins/Runtime/WebBrowserNativeProxy/WebBrowserNativeProxy.uplugin" 643
"../../../Engine/Plugins/Runtime/ZoneGraph/ZoneGraph.uplugin" 644
"../../../Engine/Plugins/Runtime/MIDIDevice/MIDIDevice.uplugin" 645
"../../../Engine/Plugins/Runtime/ZoneGraphAnnotations/ZoneGraphAnnotations.uplugin" 646
"../../../Engine/Plugins/Experimental/CharacterFXEditor/BaseCharacterFXEditor/BaseCharacterFXEditor.uplugin" 647
"../../../Engine/Plugins/Experimental/UAF/UAFChooser/UAFChooser.uplugin" 648
"../../../Engine/Plugins/Experimental/UAF/UAF/UAF.uplugin" 649
"../../../Engine/Plugins/Runtime/CustomMeshComponent/CustomMeshComponent.uplugin" 650
"../../../Engine/Plugins/Experimental/UAF/UAFMirroring/UAFMirroring.uplugin" 651
"../../../Engine/Plugins/Experimental/UAF/UAFTests/UAFTests.uplugin" 652
"../../../Engine/Plugins/Experimental/UAF/UAFPoseSearch/UAFPoseSearch.uplugin" 653
"../../../Engine/Plugins/Runtime/XRBase/XRBase.uplugin" 654
"../../../Engine/Plugins/Runtime/WindowsMoviePlayer/WindowsMoviePlayer.uplugin" 655
"../../../Engine/Plugins/Experimental/UAF/UAFWarping/UAFWarping.uplugin" 656
"../../../Engine/Plugins/Runtime/WebBrowserWidget/WebBrowserWidget.uplugin" 657
"../../../Engine/Plugins/Online/VoiceChat/VoiceChat/VoiceChat.uplugin" 658
"../../../Engine/Plugins/Runtime/Synthesis/Synthesis.uplugin" 659
"../../../Engine/Plugins/Experimental/UAF/UAFControlRig/UAFControlRig.uplugin" 660
"../../../Engine/Plugins/Developer/Concert/ConcertMain/ConcertMain.uplugin" 661
"../../../Engine/Plugins/Runtime/USDCore/USDCore.uplugin" 662
"../../../Engine/Plugins/Experimental/AVCodecs/LibVpxCodecs/LibVpxCodecs.uplugin" 663
"../../../Engine/Plugins/Experimental/UAF/UAFStateTree/UAFStateTree.uplugin" 664
"../../../Engine/Plugins/Experimental/AVCodecs/AVCodecsCore/AVCodecsCore.uplugin" 665
"../../../Engine/Plugins/Experimental/CharacterFXEditor/ExampleCharacterFXEditor/ExampleCharacterFXEditor.uplugin" 666
"../../../Engine/Plugins/Experimental/AVCodecs/WMFCodecs/WMFCodecs.uplugin" 667
"../../../Engine/Plugins/Experimental/UAF/UAFAnimGraph/UAFAnimGraph.uplugin" 668
"../../../Engine/Plugins/Experimental/AVCodecs/VTCodecs/VTCodecs.uplugin" 669
"../../../Engine/Plugins/Online/VoiceChat/EOSVoiceChat/EOSVoiceChat.uplugin" 670
"../../../Engine/Plugins/VirtualProduction/CaptureManager/CaptureManagerApp/CaptureManagerApp.uplugin" 671
"../../../Engine/Plugins/Experimental/Enterprise/DataprepGeometryOperations/DataprepGeometryOperations.uplugin" 672
"../../../Engine/Plugins/Experimental/Enterprise/DatasmithRuntime/DatasmithRuntime.uplugin" 673
"../../../Engine/Plugins/Experimental/AVCodecs/NVCodecs/NVCodecs.uplugin" 674
"../../../Engine/Plugins/VirtualProduction/CaptureManager/CaptureManagerDevices/CaptureManagerDevices.uplugin" 675
"../../../Engine/Plugins/Runtime/XR/XRScribe/XRScribe.uplugin" 676
"../../../Engine/Plugins/Online/Android/AndroidFetchBackgroundDownload/AndroidFetchBackgroundDownload.uplugin" 677
"../../../Engine/Plugins/Online/Android/OnlineSubsystemGooglePlay/OnlineSubsystemGooglePlay.uplugin" 678
"../../../Engine/Plugins/VirtualProduction/CaptureManager/CaptureManagerCore/CaptureManagerCore.uplugin" 679
"../../../Engine/Plugins/Experimental/Enterprise/DatasmithInterchange/DatasmithInterchange.uplugin" 680
"../../../Engine/Plugins/VirtualProduction/CaptureManager/CaptureManagerEditor/CaptureManagerEditor.uplugin" 681
"../../../Engine/Plugins/Runtime/AR/ARUtilities/ARUtilities.uplugin" 682
"../../../Engine/Plugins/Editor/Localization/PortableObjectFileDataSource/PortableObjectFileDataSource.uplugin" 683
"../../../Engine/Plugins/Runtime/Database/ADOSupport/ADOSupport.uplugin" 684
"../../../Engine/Plugins/Runtime/Database/DatabaseSupport/DatabaseSupport.uplugin" 685
"../../../Engine/Plugins/Runtime/XR/XRVisualization/XRVisualization.uplugin" 686
"../../../Engine/Plugins/Experimental/AVCodecs/AMFCodecs/AMFCodecs.uplugin" 687
"../../../Engine/Plugins/Runtime/Database/SQLiteCore/SQLiteCore.uplugin" 688
"../../../Engine/Plugins/Runtime/Database/RemoteDatabaseSupport/RemoteDatabaseSupport.uplugin" 689
"../../../Engine/Plugins/Runtime/Windows/WinDualShock/WinDualShock.uplugin" 690
"../../../Engine/Plugins/Animation/MLDeformer/ChaosClothGenerator/ChaosClothGenerator.uplugin" 691
"../../../Engine/Plugins/Runtime/Windows/XInputDevice/XInputDevice.uplugin" 692
"../../../Engine/Plugins/Animation/MLDeformer/NearestNeighborModel/NearestNeighborModel.uplugin" 693
"../../../Engine/Plugins/VirtualProduction/DMX/DatasmithMVR/DatasmithMVR.uplugin" 694
"../../../Engine/Plugins/Animation/MLDeformer/MLDeformerFramework/MLDeformerFramework.uplugin" 695
"../../../Engine/Plugins/Animation/MLDeformer/ChaosFleshGenerator/ChaosFleshGenerator.uplugin" 696
"../../../Engine/Plugins/VirtualProduction/DMX/DMXControlConsole/DMXControlConsole.uplugin" 697
"../../../Engine/Plugins/Runtime/Windows/WinVirtualKeyboard/WinVirtualKeyboard.uplugin" 698
"../../../Engine/Plugins/VirtualProduction/DMX/DMXDisplayCluster/DMXDisplayCluster.uplugin" 699
"../../../Engine/Plugins/Runtime/Database/SQLiteSupport/SQLiteSupport.uplugin" 700
"../../../Engine/Plugins/VirtualProduction/DMX/DMXEngine/DMXEngine.uplugin" 701
"../../../Engine/Plugins/VirtualProduction/DMX/DMXModularFeatures/DMXModularFeatures.uplugin" 702
"../../../Engine/Plugins/Animation/MLDeformer/VertexDeltaModel/VertexDeltaModel.uplugin" 703
"../../../Engine/Plugins/Animation/MLDeformer/NeuralMorphModel/NeuralMorphModel.uplugin" 704
"../../../Engine/Plugins/Editor/ContentBrowser/ContentBrowserAliasDataSource/ContentBrowserAliasDataSource.uplugin" 705
"../../../Engine/Plugins/Editor/ContentBrowser/ContentBrowserFileDataSource/ContentBrowserFileDataSource.uplugin" 706
"../../../Engine/Plugins/VirtualProduction/DMX/DMXFixtures/DMXFixtures.uplugin" 707
"../../../Engine/Plugins/Editor/ContentBrowser/ContentBrowserAssetDataSource/ContentBrowserAssetDataSource.uplugin" 708
"../../../Engine/Plugins/VirtualProduction/DMX/DMXGDTF/DMXGDTF.uplugin" 709
"../../../Engine/Plugins/VirtualProduction/DMX/DMXProtocol/DMXProtocol.uplugin" 710
"../../../Engine/Plugins/Runtime/Analytics/AnalyticsMulticast/AnalyticsMulticast.uplugin" 711
"../../../Engine/Plugins/VirtualProduction/DMX/DMXPixelMapping/DMXPixelMapping.uplugin" 712
"../../../Engine/Plugins/Runtime/Analytics/FileLogging/FileLogging.uplugin" 713
"../../../Engine/Plugins/Runtime/Analytics/Adjust/Adjust.uplugin" 714
"../../../Engine/Plugins/Runtime/Steam/SteamAudio/SteamAudio.uplugin" 715
"../../../Engine/Plugins/Runtime/Steam/SteamShared/SteamShared.uplugin" 716
"../../../Engine/Plugins/Runtime/Steam/SteamController/SteamController.uplugin" 717
"../../../Engine/Plugins/Runtime/Steam/SteamSockets/SteamSockets.uplugin" 718
"../../../Engine/Plugins/Runtime/MeshReconstruction/DummyMeshReconstructor/DummyMeshReconstructor.uplugin" 719
"../../../Engine/Plugins/Experimental/Web/WebAPI/WebAPI.uplugin" 720
"../../../Engine/Plugins/VirtualProduction/Rivermax/RivermaxSync/RivermaxSync.uplugin" 721
"../../../Engine/Plugins/Editor/ContentBrowser/ContentBrowserClassDataSource/ContentBrowserClassDataSource.uplugin" 722
"../../../Engine/Plugins/Editor/ObjectMixer/LightMixer/LightMixer.uplugin" 723
"../../../Engine/Plugins/VirtualProduction/Rivermax/RivermaxMedia/RivermaxMedia.uplugin" 724
"../../../Engine/Plugins/Editor/ObjectMixer/ObjectMixer/ObjectMixer.uplugin" 725
"../../../Engine/Plugins/Runtime/Nvidia/GeForceNOWWrapper/GeForceNOWWrapper.uplugin" 726
"../../../Engine/Plugins/VirtualProduction/Rivermax/RivermaxCore/RivermaxCore.uplugin" 727
"../../../Engine/Plugins/Experimental/Animation/CurveExpression/CurveExpression.uplugin" 728
"../../../Engine/Plugins/Experimental/Animation/ContextualAnimation/ContextualAnimation.uplugin" 729
"../../../Engine/Plugins/Experimental/Animation/HierarchyTable/HierarchyTable.uplugin" 730
"../../../Engine/Plugins/Experimental/Animation/HierarchyTableAnimation/HierarchyTableAnimation.uplugin" 731
"../../../Engine/Plugins/Experimental/Animation/MotionTrajectory/MotionTrajectory.uplugin" 732
"../../../Engine/Plugins/Experimental/Animation/RelativeIKOp/RelativeIKOp.uplugin" 733
"../../../Engine/Plugins/Experimental/Animation/RigMapper/RigMapper.uplugin" 734
"../../../Engine/Plugins/Experimental/Animation/RigMapperOp/RigMapperOp.uplugin" 735
"../../../Engine/Plugins/Experimental/Animation/PackedAttributes/PackedAttributes.uplugin" 736
"../../../Engine/Plugins/Experimental/PCGInterops/PCGFastGeoInterop/PCGFastGeoInterop.uplugin" 737
"../../../Engine/Plugins/Experimental/Animation/Locomotor/Locomotor.uplugin" 738
"../../../Engine/Plugins/Experimental/Animation/TrajectoryTools/TrajectoryTools.uplugin" 739
"../../../Engine/Plugins/Experimental/Animation/SkeletalMeshMorphTargetEditingTools/SkeletalMeshMorphTargetEditingTools.uplugin" 740
"../../../Engine/Plugins/Runtime/Analytics/AnalyticsBlueprintLibrary/AnalyticsBlueprintLibrary.uplugin" 741
"../../../Engine/Plugins/Experimental/PCGInterops/PCGInstancedActorsInterop/PCGInstancedActorsInterop.uplugin" 742
"../../../Engine/Plugins/Interchange/Extensions/OpenUSD/InterchangeOpenUSD.uplugin" 743
"../../../Engine/Plugins/Experimental/PCGInterops/PCGNiagaraInterop/PCGNiagaraInterop.uplugin" 744
"../../../Engine/Plugins/Experimental/PCGInterops/PCGWaterInterop/PCGWaterInterop.uplugin" 745
"../../../Engine/Plugins/Interchange/Extensions/OpenVDB/InterchangeOpenVDB.uplugin" 746
"../../../Engine/Plugins/Experimental/MetaHuman/MetaHumanCalibrationDiagnostics/MetaHumanCalibrationDiagnostics.uplugin" 747
"../../../Engine/Plugins/Experimental/MetaHuman/MetaHumanRuntime/MetaHumanRuntime.uplugin" 748
"../../../Engine/Plugins/Runtime/Nvidia/Reflex/Reflex.uplugin" 749
"../../../Engine/Plugins/Experimental/VirtualProduction/VPRoles/VPRoles.uplugin" 750
"../../../Engine/Plugins/Experimental/VirtualProduction/VPSettings/VPSettings.uplugin" 751
"../../../Engine/Plugins/Runtime/PacketHandlers/AESGCMHandlerComponent/AESGCMHandlerComponent.uplugin" 752
"../../../Engine/Plugins/Runtime/PacketHandlers/AESHandlerComponent/AESHandlerComponent.uplugin" 753
"../../../Engine/Plugins/Experimental/Animation/Optimus/Optimus.uplugin" 754
"../../../Engine/Plugins/Runtime/Advertising/IOSTapJoy/IOSTapJoy.uplugin" 755
"../../../Engine/Plugins/Developer/Concert/ConcertInsights/ConcertInsightsClient/ConcertInsightsClient.uplugin" 756
"../../../Engine/Plugins/Developer/Concert/ConcertUI/ConcertSharedSlate/ConcertSharedSlate.uplugin" 757
"../../../Engine/Plugins/Developer/Concert/ConcertInsights/ConcertInsightsCore/ConcertInsightsCore.uplugin" 758
"../../../Engine/Plugins/Developer/Concert/ConcertInsights/ConcertInsightsServer/ConcertInsightsServer.uplugin" 759
"../../../Engine/Plugins/Experimental/PCGInterops/PCGNaniteAssembliesInterop/PCGNaniteAssembliesInterop.uplugin" 760
"../../../Engine/Plugins/Developer/Concert/ConcertInsights/ConcertInsightsVisualizer/ConcertInsightsVisualizer.uplugin" 761
"../../../Engine/Plugins/Developer/Concert/ConcertScripting/ConcertReplicationScripting/ConcertReplicationScripting.uplugin" 762
"../../../Engine/Plugins/Experimental/VirtualProduction/LedWallCalibration/LedWallCalibration.uplugin" 763
"../../../Engine/Plugins/Developer/Concert/ConcertApp/DisasterRecoveryClient/DisasterRecoveryClient.uplugin" 764
"../../../Engine/Plugins/Experimental/Animation/MLDeformer/DetailPoseModel/DetailPoseModel.uplugin" 765
"../../../Engine/Plugins/Developer/Concert/ConcertUI/ConcertClientSharedSlate/ConcertClientSharedSlate.uplugin" 766
"../../../Engine/Plugins/Experimental/MetaHuman/MetaHumanCharacterUAF/MetaHumanCharacterUAF.uplugin" 767
"../../../Engine/Plugins/Runtime/AR/Google/GoogleARCoreServices/GoogleARCoreServices.uplugin" 768
"../../../Engine/Plugins/Developer/Concert/ConcertApp/MultiUserServer/MultiUserServer.uplugin" 769
"../../../Engine/Plugins/Runtime/PacketHandlers/DTLSHandlerComponent/DTLSHandlerComponent.uplugin" 770
"../../../Engine/Plugins/Developer/Concert/ConcertApp/MultiUserClient/MultiUserClient.uplugin" 771
"../../../Engine/Plugins/Developer/Concert/ConcertSync/ConcertSyncServer/ConcertSyncServer.uplugin" 772
"../../../Engine/Plugins/Developer/Concert/ConcertSync/ConcertSyncClient/ConcertSyncClient.uplugin" 773
"../../../Engine/Plugins/Runtime/AR/AppleAR/AppleARKitFaceSupport/AppleARKitFaceSupport.uplugin" 774
"../../../Engine/Plugins/Developer/Concert/ConcertSync/ConcertSyncCore/ConcertSyncCore.uplugin" 775
"../../../Engine/Plugins/Developer/Concert/ConcertSync/ConcertSyncTest/ConcertSyncTest.uplugin" 776
"../../../Engine/Plugins/Online/IOS/OnlineSubsystemIOS/OnlineSubsystemIOS.uplugin" 777
"../../../Engine/Plugins/Runtime/AR/AppleAR/AppleARKit/AppleARKit.uplugin" 778
"../../../Engine/Plugins/Runtime/AR/Google/GoogleARCore/GoogleARCore.uplugin" 779
"../../../Engine/Platforms/Android/Plugins/Animation/ACLPlugin/ACLPlugin_Android.uplugin" 780
"../../../Engine/Platforms/Android/Plugins/Animation/RigLogic/RigLogic_Android.uplugin" 781
"../../../Engine/Platforms/IOS/Plugins/Animation/RigLogic/RigLogic_IOS.uplugin" 782
"C:/Users/Braun/repos/ShatteredArcana/Plugins/CoMModKit/CoMModKit.uplugin" 783
"../../../Engine/Content/Internationalization/icudt64l/cnvalias.icu" 784
"../../../Engine/Content/Internationalization/icudt64l/res_index.res" 785
"../../../Engine/Content/Internationalization/icudt64l/plurals.res" 786
"../../../Engine/Content/Internationalization/icudt64l/lang/en.res" 787
"../../../Engine/Content/Internationalization/icudt64l/lang/pool.res" 788
"../../../Engine/Content/Internationalization/icudt64l/lang/root.res" 789
"../../../Engine/Content/Internationalization/icudt64l/region/en.res" 790
"../../../Engine/Content/Internationalization/icudt64l/region/pool.res" 791
"../../../Engine/Content/Internationalization/icudt64l/region/root.res" 792
"../../../Engine/Content/Internationalization/icudt64l/windowsZones.res" 793
"../../../Engine/Content/Internationalization/icudt64l/zoneinfo64.res" 794
"../../../Engine/Content/Internationalization/icudt64l/keyTypeData.res" 795
"../../../Engine/Content/Internationalization/icudt64l/timezoneTypes.res" 796
"../../../Engine/Content/Internationalization/icudt64l/likelySubtags.res" 797
"../../../Engine/Content/Internationalization/icudt64l/en_US.res" 798
"../../../Engine/Content/Internationalization/icudt64l/pool.res" 799
"../../../Engine/Content/Internationalization/icudt64l/en.res" 800
"../../../Engine/Content/Internationalization/icudt64l/root.res" 801
"../../../Engine/Content/Internationalization/icudt64l/supplementalData.res" 802
"../../../Engine/Config/ConfigRedirects.ini" 803
"C:/Users/Braun/AppData/Local/UnrealEngine/5.7/Saved/Config/WindowsEditor/Manifest.ini" 804
"../../../Engine/Config/BaseEngine.ini" 805
"../../../Engine/Config/Windows/BaseWindowsEngine.ini" 806
"../../../../../../Users/Braun/repos/ShatteredArcana/Config/DefaultEngine.ini" 807
"../../../Engine/Config/BaseGame.ini" 808
"../../../../../../Users/Braun/repos/ShatteredArcana/Config/DefaultGame.ini" 809
"../../../Engine/Config/Windows/WindowsGame.ini" 810
"../../../Engine/Config/BaseInput.ini" 811
"../../../Engine/Config/Windows/BaseWindowsInput.ini" 812
"../../../../../../Users/Braun/repos/ShatteredArcana/Config/DefaultInput.ini" 813
"../../../Engine/Config/Windows/WindowsInput.ini" 814
"../../../Engine/Config/BaseDeviceProfiles.ini" 815
"../../../Engine/Config/BaseGameUserSettings.ini" 816
"../../../Engine/Config/BaseScalability.ini" 817
"../../../Engine/Config/BaseRuntimeOptions.ini" 818
"../../../Engine/Config/BaseInstallBundle.ini" 819
"../../../Engine/Config/BaseHardware.ini" 820
"../../../Engine/Config/BaseCompat.ini" 821
"../../../Engine/Config/BaseLightmass.ini" 822
"../../../Engine/Config/BaseEditor.ini" 823
"C:/Users/Braun/repos/ShatteredArcana/Saved/Config/WindowsEditor/Editor.ini" 824
"../../../Engine/Config/BaseMaterialExpressions.ini" 825
"../../../Engine/Config/BaseEditorPerProjectUserSettings.ini" 826
"../../../Engine/Config/Windows/WindowsEditorPerProjectUserSettings.ini" 827
"C:/Users/Braun/repos/ShatteredArcana/Saved/Config/WindowsEditor/EditorPerProjectUserSettings.ini" 828
"../../../Engine/Config/BaseEditorSettings.ini" 829
"../../../Engine/Config/Windows/WindowsEditorSettings.ini" 830
"C:/Users/Braun/AppData/Local/UnrealEngine/5.7/Saved/Config/WindowsEditor/EditorSettings.ini" 831
"../../../Engine/Config/BaseEditorKeyBindings.ini" 832
"C:/Users/Braun/AppData/Local/UnrealEngine/5.7/Saved/Config/WindowsEditor/EditorLayout.ini" 833
"../../../Engine/Config/IOS/BaseIOSEngine.ini" 834
"../../../Engine/Config/Unix/UnixEngine.ini" 835
"../../../Engine/Config/Android/BaseAndroidEngine.ini" 836
"../../../Engine/Config/Mac/BaseMacEngine.ini" 837
"../../../../../../Users/Braun/repos/ShatteredArcana/Intermediate/CachedAssetRegistryDiscovery.bin" 838
"../../../Engine/Config/Linux/BaseLinuxEngine.ini" 839
"../../../../../../Users/Braun/repos/ShatteredArcana/Binaries/Win64/ShatteredArcana.target" 840
"../../../Engine/Config/Android/AndroidEngine.ini" 841
"../../../../../../Users/Braun/repos/ShatteredArcana/Binaries/Win64/ShatteredArcanaEditor.target" 842
"../../../Engine/Platforms/VisionOS/Config/BaseVisionOSEngine.ini" 843
"../../../Engine/Config/TVOS/TVOSEngine.ini" 844
"../../../Engine/Platforms/VisionOS/Config/VisionOSEngine.ini" 845
"../../../Engine/Config/Linux/LinuxEngine.ini" 846
"../../../Engine/Config/IOS/BaseIOSGame.ini" 847
"../../../Engine/Config/Android/BaseAndroidGame.ini" 848
"../../../Engine/Config/Mac/MacGame.ini" 849
"../../../Engine/Config/IOS/IOSGame.ini" 850
"../../../Engine/Config/Android/BaseAndroidInput.ini" 851
"../../../Engine/Config/Mac/BaseMacInput.ini" 852
"../../../Engine/Config/IOS/BaseIOSInput.ini" 853
"../../../Engine/Config/Linux/LinuxGame.ini" 854
"../../../Engine/Config/Android/AndroidScalability.ini" 855
"../../../Engine/Config/IOS/IOSScalability.ini" 856
"../../../Engine/Config/Android/BaseAndroidInstallBundle.ini" 857
"../../../Engine/Config/IOS/BaseIOSInstallBundle.ini" 858
"../../../Engine/Config/PluginBase.ini" 859
"../../../Engine/Plugins/ChaosVD/Config/DefaultChaosVD.ini" 860
"../../../Engine/Plugins/EnhancedInput/Config/BaseEnhancedInput.ini" 861
"../../../Engine/Plugins/Fab/Config/BaseFab.ini" 862
"../../../Engine/Plugins/TraceUtilities/Config/BaseTraceUtilities.ini" 863
"../../../Engine/Plugins/Cameras/GameplayCameras/Config/BaseGameplayCameras.ini" 864
"../../../Engine/Plugins/Compositing/CompositeCore/Config/BaseCompositeCore.ini" 865
"../../../Engine/Plugins/Enterprise/DatasmithContent/Config/BaseDatasmithContent.ini" 866
"../../../Engine/Plugins/Enterprise/GLTFExporter/Config/BaseGLTFExporter.ini" 867
"../../../Engine/Plugins/Enterprise/GLTFExporter/Config/DefaultGLTFExporter.ini" 868
"../../../Engine/Plugins/Enterprise/VariantManagerContent/Config/BaseVariantManagerContent.ini" 869
"../../../Engine/Plugins/FX/Niagara/Config/BaseNiagara.ini" 870
"../../../Engine/Plugins/Interchange/Assets/Config/BaseInterchangeAssets.ini" 871
"../../../Engine/Plugins/Interchange/Runtime/Config/BaseInterchange.ini" 872
"../../../Engine/Plugins/MetaHuman/MetaHumanSDK/Config/BaseMetaHumanSDK.ini" 873
"../../../Engine/Plugins/Animation/DeformerGraph/Config/BaseDeformerGraph.ini" 874
"../../../Engine/Plugins/Animation/ControlRig/Config/BaseControlRig.ini" 875
"../../../Engine/Plugins/Animation/IKRig/Config/BaseIKRig.ini" 876
"../../../Engine/Plugins/Experimental/FullBodyIK/Config/BaseFullBodyIK.ini" 877
"../../../Engine/Plugins/Experimental/ToolPresets/Config/BaseToolPresets.ini" 878
"../../../Engine/Plugins/VirtualProduction/Takes/Config/BaseTakes.ini" 879
"../../../Engine/Plugins/2D/Paper2D/Config/BasePaper2D.ini" 880
"../../../Engine/Plugins/Editor/EditorScriptingUtilities/Config/BaseEditorScriptingUtilities.ini" 881
"../../../Engine/Plugins/Runtime/GameplayAbilities/Config/BaseGameplayAbilities.ini" 882
"../../../Engine/Plugins/Runtime/HairStrands/Config/BaseHairStrands.ini" 883
"../../../Engine/Plugins/Runtime/Metasound/Config/BaseMetasound.ini" 884
"../../../Engine/Plugins/Runtime/Metasound/Config/DefaultMetasound.ini" 885
"../../../Engine/Plugins/Runtime/RigVM/Config/BaseRigVM.ini" 886
"../../../Engine/Plugins/Runtime/PropertyBindingUtils/Config/BasePropertyBindingUtils.ini" 887
"../../../Engine/Plugins/Runtime/StateTree/Config/BaseStateTree.ini" 888
"../../../Engine/Plugins/Runtime/Synthesis/Config/BaseSynthesis.ini" 889
"../../../Engine/Plugins/ChaosVD/Config/Engine.ini" 890
"../../../Engine/Plugins/EnhancedInput/Config/Input.ini" 891
"../../../Engine/Plugins/Runtime/GameplayAbilities/Config/Input.ini" 892
"../../../Engine/Plugins/Runtime/InputDebugging/Config/Input.ini" 893
"../../../Engine/Plugins/Runtime/Windows/XInputDevice/Config/Input.ini" 894
"../../../Engine/Plugins/Online/OnlineSubsystemUtils/Config/Editor.ini" 895
"../../../Engine/Plugins/Runtime/RigVM/Config/Editor.ini" 896
"../../../Engine/Plugins/NNE/NNEDenoiser/Config/Game.ini" 897
"../../../Engine/Plugins/Runtime/GameplayAbilities/Binaries/Win64/UnrealEditor.modules" 898
"../../../Engine/Plugins/Editor/GameplayTagsEditor/Binaries/Win64/UnrealEditor.modules" 899
"../../../Engine/Plugins/FX/Niagara/Binaries/Win64/UnrealEditor.modules" 900
"../../../Engine/Plugins/Runtime/DataRegistry/Binaries/Win64/UnrealEditor.modules" 901
"../../../Engine/Plugins/Experimental/PythonScriptPlugin/Binaries/Win64/UnrealEditor.modules" 902
"../../../Engine/Plugins/Editor/ContentBrowser/ContentBrowserFileDataSource/Binaries/Win64/UnrealEditor.modules" 903
"../../../Engine/Plugins/EnhancedInput/Binaries/Win64/UnrealEditor.modules" 904
"../../../Engine/Plugins/Editor/DataValidation/Binaries/Win64/UnrealEditor.modules" 905
"../../../Engine/Plugins/AudioInsights/Binaries/Win64/UnrealEditor.modules" 906
"../../../Engine/Plugins/Runtime/AudioWidgets/Binaries/Win64/UnrealEditor.modules" 907
"../../../Engine/Plugins/Runtime/AudioSynesthesia/Binaries/Win64/UnrealEditor.modules" 908
"../../../Engine/Plugins/Bridge/Binaries/Win64/UnrealEditor.modules" 909
"../../../Engine/Plugins/Editor/EditorScriptingUtilities/Binaries/Win64/UnrealEditor.modules" 910
"../../../Engine/Plugins/MetaHuman/MetaHumanSDK/Binaries/Win64/UnrealEditor.modules" 911
"../../../Engine/Plugins/Animation/ControlRig/Binaries/Win64/UnrealEditor.modules" 912
"../../../Engine/Plugins/Runtime/HairStrands/Binaries/Win64/UnrealEditor.modules" 913
"../../../Engine/Plugins/Animation/RigLogic/Binaries/Win64/UnrealEditor.modules" 914
"../../../Engine/Plugins/Interchange/Runtime/Binaries/Win64/UnrealEditor.modules" 915
"../../../Engine/Plugins/Online/EOSShared/Binaries/Win64/UnrealEditor.modules" 916
"../../../Engine/Plugins/Runtime/RigVM/Binaries/Win64/UnrealEditor.modules" 917
"../../../Engine/Plugins/MovieScene/LevelSequenceEditor/Binaries/Win64/UnrealEditor.modules" 918
"../../../Engine/Plugins/Runtime/PropertyAccess/Binaries/Win64/UnrealEditor.modules" 919
"../../../Engine/Plugins/MovieScene/SequencerScripting/Binaries/Win64/UnrealEditor.modules" 920
"../../../Engine/Plugins/Animation/TweeningUtils/Binaries/Win64/UnrealEditor.modules" 921
"../../../Engine/Plugins/Runtime/GeometryCache/Binaries/Win64/UnrealEditor.modules" 922
"../../../Engine/Plugins/Animation/DeformerGraph/Binaries/Win64/UnrealEditor.modules" 923
"../../../Engine/Plugins/Experimental/Dataflow/Binaries/Win64/UnrealEditor.modules" 924
"../../../Engine/Plugins/Runtime/ComputeFramework/Binaries/Win64/UnrealEditor.modules" 925
"../../../Engine/Plugins/Runtime/GeometryProcessing/Binaries/Win64/UnrealEditor.modules" 926
"../../../Engine/Plugins/Enterprise/VariantManagerContent/Binaries/Win64/UnrealEditor.modules" 927
"../../../Engine/Plugins/Enterprise/VariantManager/Binaries/Win64/UnrealEditor.modules" 928
"../../../Engine/Plugins/Interchange/Assets/Binaries/Win64/UnrealEditor.modules" 929
"../../../Engine/Plugins/Experimental/CharacterFXEditor/BaseCharacterFXEditor/Binaries/Win64/UnrealEditor.modules" 930
"../../../Engine/Plugins/Runtime/ProceduralMeshComponent/Binaries/Win64/UnrealEditor.modules" 931
"../../../Engine/Plugins/Experimental/MeshModelingToolsetExp/Binaries/Win64/UnrealEditor.modules" 932
"../../../Engine/Plugins/Editor/ModelingToolsEditorMode/Binaries/Win64/UnrealEditor.modules" 933
"../../../Engine/Plugins/Experimental/ChaosCaching/Binaries/Win64/UnrealEditor.modules" 934
"../../../Engine/Plugins/Experimental/EditorDataStorage/Binaries/Win64/UnrealEditor.modules" 935
"../../../Engine/Plugins/Experimental/EditorDataStorageFeatures/Binaries/Win64/UnrealEditor.modules" 936
"../../../Engine/Plugins/Animation/SkeletalMeshModelingTools/Binaries/Win64/UnrealEditor.modules" 937
"../../../Engine/Plugins/Runtime/MeshModelingToolset/Binaries/Win64/UnrealEditor.modules" 938
"../../../Engine/Plugins/Editor/ProxyLODPlugin/Binaries/Win64/UnrealEditor.modules" 939
"../../../Engine/Plugins/Editor/MeshLODToolset/Binaries/Win64/UnrealEditor.modules" 940
"../../../Engine/Plugins/Experimental/ToolPresets/Binaries/Win64/UnrealEditor.modules" 941
"../../../Engine/Plugins/Editor/StylusInput/Binaries/Win64/UnrealEditor.modules" 942
"../../../Engine/Plugins/VirtualProduction/Takes/Binaries/Win64/UnrealEditor.modules" 943
"../../../Engine/Plugins/Experimental/PlanarCutPlugin/Binaries/Win64/UnrealEditor.modules" 944
"../../../Engine/Plugins/Experimental/GeometryFlow/Binaries/Win64/UnrealEditor.modules" 945
"../../../Engine/Plugins/Runtime/AudioCapture/Binaries/Win64/UnrealEditor.modules" 946
"../../../Engine/Plugins/Developer/NamingTokens/Binaries/Win64/UnrealEditor.modules" 947
"../../../Engine/Plugins/Editor/EngineAssetDefinitions/Binaries/Win64/UnrealEditor.modules" 948
"../../../Engine/Plugins/ChaosCloth/Binaries/Win64/UnrealEditor.modules" 949
"../../../Engine/Plugins/ChaosInsights/Binaries/Win64/UnrealEditor.modules" 950
"../../../Engine/Plugins/ChaosVD/Binaries/Win64/UnrealEditor.modules" 951
"../../../Engine/Plugins/CmdLinkServer/Binaries/Win64/UnrealEditor.modules" 952
"../../../Engine/Plugins/Fab/Binaries/Win64/UnrealEditor.modules" 953
"../../../Engine/Plugins/IoStoreInsights/Binaries/Win64/UnrealEditor.modules" 954
"../../../Engine/Plugins/MassInsights/Binaries/Win64/UnrealEditor.modules" 955
"../../../Engine/Plugins/MeshPainting/Binaries/Win64/UnrealEditor.modules" 956
"../../../Engine/Plugins/Interchange/Editor/Binaries/Win64/UnrealEditor.modules" 957
"../../../Engine/Plugins/RenderGraphInsights/Binaries/Win64/UnrealEditor.modules" 958
"../../../Engine/Plugins/UbaController/Binaries/Win64/UnrealEditor.modules" 959
"../../../Engine/Plugins/TraceUtilities/Binaries/Win64/UnrealEditor.modules" 960
"../../../Engine/Plugins/WorldMetrics/Binaries/Win64/UnrealEditor.modules" 961
"../../../Engine/Plugins/XGEController/Binaries/Win64/UnrealEditor.modules" 962
"../../../Engine/Plugins/AI/AISupport/Binaries/Win64/UnrealEditor.modules" 963
"../../../Engine/Plugins/AI/EnvironmentQueryEditor/Binaries/Win64/UnrealEditor.modules" 964
"../../../Engine/Plugins/Cameras/CameraShakePreviewer/Binaries/Win64/UnrealEditor.modules" 965
"../../../Engine/Plugins/Cameras/GameplayCameras/Binaries/Win64/UnrealEditor.modules" 966
"../../../Engine/Plugins/Runtime/StateTree/Binaries/Win64/UnrealEditor.modules" 967
"../../../Engine/Plugins/MovieScene/TemplateSequence/Binaries/Win64/UnrealEditor.modules" 968
"../../../Engine/Plugins/Animation/GameplayInsights/Binaries/Win64/UnrealEditor.modules" 969
"../../../Engine/Plugins/Runtime/PropertyBindingUtils/Binaries/Win64/UnrealEditor.modules" 970
"../../../Engine/Plugins/Cameras/EngineCameras/Binaries/Win64/UnrealEditor.modules" 971
"../../../Engine/Plugins/Enterprise/DatasmithContent/Binaries/Win64/UnrealEditor.modules" 972
"../../../Engine/Plugins/Enterprise/GLTFExporter/Binaries/Win64/UnrealEditor.modules" 973
"../../../Engine/Plugins/FX/Cascade/Binaries/Win64/UnrealEditor.modules" 974
"../../../Engine/Plugins/FX/NiagaraPreviewContent/Binaries/Win64/UnrealEditor.modules" 975
"../../../Engine/Plugins/FX/NiagaraSimCaching/Binaries/Win64/UnrealEditor.modules" 976
"../../../Engine/Plugins/Media/AndroidMedia/Binaries/Win64/UnrealEditor.modules" 977
"../../../Engine/Plugins/Media/AvfMedia/Binaries/Win64/UnrealEditor.modules" 978
"../../../Engine/Plugins/Media/ImgMedia/Binaries/Win64/UnrealEditor.modules" 979
"../../../Engine/Plugins/Media/MediaPlayerEditor/Binaries/Win64/UnrealEditor.modules" 980
"../../../Engine/Plugins/Media/MediaCompositing/Binaries/Win64/UnrealEditor.modules" 981
"../../../Engine/Plugins/Media/MediaPlate/Binaries/Win64/UnrealEditor.modules" 982
"../../../Engine/Plugins/Compositing/CompositeCore/Binaries/Win64/UnrealEditor.modules" 983
"../../../Engine/Plugins/Media/WmfMedia/Binaries/Win64/UnrealEditor.modules" 984
"../../../Engine/Plugins/Online/OnlineBase/Binaries/Win64/UnrealEditor.modules" 985
"../../../Engine/Plugins/Online/OnlineSubsystem/Binaries/Win64/UnrealEditor.modules" 986
"../../../Engine/Plugins/Online/OnlineSubsystemNull/Binaries/Win64/UnrealEditor.modules" 987
"../../../Engine/Plugins/Online/OnlineSubsystemUtils/Binaries/Win64/UnrealEditor.modules" 988
"../../../Engine/Plugins/Online/OnlineServices/Binaries/Win64/UnrealEditor.modules" 989
"../../../Engine/Plugins/Animation/ACLPlugin/Binaries/Win64/UnrealEditor.modules" 990
"../../../Engine/Plugins/Animation/AnimationData/Binaries/Win64/UnrealEditor.modules" 991
"../../../Engine/Plugins/Animation/AnimationModifierLibrary/Binaries/Win64/UnrealEditor.modules" 992
"../../../Engine/Plugins/Animation/BlendSpaceMotionAnalysis/Binaries/Win64/UnrealEditor.modules" 993
"../../../Engine/Plugins/Animation/ControlRigSpline/Binaries/Win64/UnrealEditor.modules" 994
"../../../Engine/Plugins/Animation/EaseCurveTool/Binaries/Win64/UnrealEditor.modules" 995
"../../../Engine/Plugins/Animation/IKRig/Binaries/Win64/UnrealEditor.modules" 996
"../../../Engine/Plugins/Experimental/FullBodyIK/Binaries/Win64/UnrealEditor.modules" 997
"../../../Engine/Plugins/Developer/AnimationSharing/Binaries/Win64/UnrealEditor.modules" 998
"../../../Engine/Plugins/Runtime/SignificanceManager/Binaries/Win64/UnrealEditor.modules" 999
"../../../Engine/Plugins/Developer/CLionSourceCodeAccess/Binaries/Win64/UnrealEditor.modules" 1000
"../../../Engine/Plugins/Developer/DumpGPUServices/Binaries/Win64/UnrealEditor.modules" 1001
"../../../Engine/Plugins/Developer/GPUReshape/Binaries/Win64/UnrealEditor.modules" 1002
"../../../Engine/Plugins/Developer/GitSourceControl/Binaries/Win64/UnrealEditor.modules" 1003
"../../../Engine/Plugins/Developer/N10XSourceCodeAccess/Binaries/Win64/UnrealEditor.modules" 1004
"../../../Engine/Plugins/Developer/PerforceSourceControl/Binaries/Win64/UnrealEditor.modules" 1005
"../../../Engine/Plugins/Developer/PixWinPlugin/Binaries/Win64/UnrealEditor.modules" 1006
"../../../Engine/Plugins/Developer/PlasticSourceControl/Binaries/Win64/UnrealEditor.modules" 1007
"../../../Engine/Plugins/Developer/ProjectLauncher/Binaries/Win64/UnrealEditor.modules" 1008
"../../../Engine/Plugins/Developer/PropertyAccessNode/Binaries/Win64/UnrealEditor.modules" 1009
"../../../Engine/Plugins/Developer/PluginUtils/Binaries/Win64/UnrealEditor.modules" 1010
"../../../Engine/Plugins/Developer/RenderDocPlugin/Binaries/Win64/UnrealEditor.modules" 1011
"../../../Engine/Plugins/Developer/RiderSourceCodeAccess/Binaries/Win64/UnrealEditor.modules" 1012
"../../../Engine/Plugins/Developer/TextureFormatOodle/Binaries/Win64/UnrealEditor.modules" 1013
"../../../Engine/Plugins/Developer/SubversionSourceControl/Binaries/Win64/UnrealEditor.modules" 1014
"../../../Engine/Plugins/Developer/UObjectPlugin/Binaries/Win64/UnrealEditor.modules" 1015
"../../../Engine/Plugins/Developer/VisualStudioCodeSourceCodeAccess/Binaries/Win64/UnrealEditor.modules" 1016
"../../../Engine/Plugins/Developer/VisualStudioSourceCodeAccess/Binaries/Win64/UnrealEditor.modules" 1017
"../../../Engine/Plugins/Experimental/AdvancedRenamer/Binaries/Win64/UnrealEditor.modules" 1018
"../../../Engine/Plugins/Experimental/AutomationUtils/Binaries/Win64/UnrealEditor.modules" 1019
"../../../Engine/Plugins/Experimental/BackChannel/Binaries/Win64/UnrealEditor.modules" 1020
"../../../Engine/Plugins/Experimental/ChaosEditor/Binaries/Win64/UnrealEditor.modules" 1021
"../../../Engine/Plugins/Experimental/GeometryCollectionPlugin/Binaries/Win64/UnrealEditor.modules" 1022
"../../../Engine/Plugins/Experimental/Fracture/Binaries/Win64/UnrealEditor.modules" 1023
"../../../Engine/Plugins/Experimental/ChaosSolverPlugin/Binaries/Win64/UnrealEditor.modules" 1024
"../../../Engine/Plugins/Experimental/GeometryDataflow/Binaries/Win64/UnrealEditor.modules" 1025
"../../../Engine/Plugins/Experimental/ChaosNiagara/Binaries/Win64/UnrealEditor.modules" 1026
"../../../Engine/Plugins/Experimental/ChaosUserDataPT/Binaries/Win64/UnrealEditor.modules" 1027
"../../../Engine/Plugins/Experimental/CharacterAI/Binaries/Win64/UnrealEditor.modules" 1028
"../../../Engine/Plugins/Experimental/EditorTelemetry/Binaries/Win64/UnrealEditor.modules" 1029
"../../../Engine/Plugins/Experimental/EditorPerformance/Binaries/Win64/UnrealEditor.modules" 1030
"../../../Engine/Plugins/Experimental/GlobalConfigurationData/Binaries/Win64/UnrealEditor.modules" 1031
"../../../Engine/Plugins/Experimental/LocalizableMessage/Binaries/Win64/UnrealEditor.modules" 1032
"../../../Engine/Plugins/Experimental/LevelSequenceNavigatorBridge/Binaries/Win64/UnrealEditor.modules" 1033
"../../../Engine/Plugins/Experimental/SequenceNavigator/Binaries/Win64/UnrealEditor.modules" 1034
"../../../Engine/Plugins/Experimental/NFORDenoise/Binaries/Win64/UnrealEditor.modules" 1035
"../../../Engine/Plugins/Experimental/PlatformCrypto/Binaries/Win64/UnrealEditor.modules" 1036
"../../../Engine/Plugins/Experimental/SkeletalReduction/Binaries/Win64/UnrealEditor.modules" 1037
"../../../Engine/Plugins/Experimental/RuntimeTelemetry/Binaries/Win64/UnrealEditor.modules" 1038
"../../../Engine/Plugins/Messaging/TcpMessaging/Binaries/Win64/UnrealEditor.modules" 1039
"../../../Engine/Plugins/Messaging/UdpMessaging/Binaries/Win64/UnrealEditor.modules" 1040
"../../../Engine/Plugins/Tests/InterchangeTests/Binaries/Win64/UnrealEditor.modules" 1041
"../../../Engine/Plugins/Portal/LauncherChunkInstaller/Binaries/Win64/UnrealEditor.modules" 1042
"../../../Engine/Plugins/Compression/OodleNetwork/Binaries/Win64/UnrealEditor.modules" 1043
"../../../Engine/Plugins/Editor/AssetManagerEditor/Binaries/Win64/UnrealEditor.modules" 1044
"../../../Engine/Plugins/Editor/ContentBrowser/ContentBrowserAssetDataSource/Binaries/Win64/UnrealEditor.modules" 1045
"../../../Engine/Plugins/2D/Paper2D/Binaries/Win64/UnrealEditor.modules" 1046
"../../../Engine/Plugins/Editor/BlueprintHeaderView/Binaries/Win64/UnrealEditor.modules" 1047
"../../../Engine/Plugins/Editor/ColorGrading/Binaries/Win64/UnrealEditor.modules" 1048
"../../../Engine/Plugins/Editor/ObjectMixer/ObjectMixer/Binaries/Win64/UnrealEditor.modules" 1049
"../../../Engine/Plugins/Editor/CryptoKeys/Binaries/Win64/UnrealEditor.modules" 1050
"../../../Engine/Plugins/Editor/ChangelistReview/Binaries/Win64/UnrealEditor.modules" 1051
"../../../Engine/Plugins/Editor/CurveEditorTools/Binaries/Win64/UnrealEditor.modules" 1052
"../../../Engine/Plugins/Editor/EditorDebugTools/Binaries/Win64/UnrealEditor.modules" 1053
"../../../Engine/Plugins/Editor/GeometryMode/Binaries/Win64/UnrealEditor.modules" 1054
"../../../Engine/Plugins/Editor/FacialAnimation/Binaries/Win64/UnrealEditor.modules" 1055
"../../../Engine/Plugins/Editor/MaterialAnalyzer/Binaries/Win64/UnrealEditor.modules" 1056
"../../../Engine/Plugins/Editor/MobileLauncherProfileWizard/Binaries/Win64/UnrealEditor.modules" 1057
"../../../Engine/Plugins/Editor/PluginBrowser/Binaries/Win64/UnrealEditor.modules" 1058
"../../../Engine/Plugins/Editor/SequencerAnimTools/Binaries/Win64/UnrealEditor.modules" 1059
"../../../Engine/Plugins/Editor/UMGWidgetPreview/Binaries/Win64/UnrealEditor.modules" 1060
"../../../Engine/Plugins/Editor/UVEditor/Binaries/Win64/UnrealEditor.modules" 1061
"../../../Engine/Plugins/Editor/WorldPartitionHLODUtilities/Binaries/Win64/UnrealEditor.modules" 1062
"../../../Engine/Plugins/Importers/AlembicImporter/Binaries/Win64/UnrealEditor.modules" 1063
"../../../Engine/Plugins/MovieScene/ActorSequence/Binaries/Win64/UnrealEditor.modules" 1064
"../../../Engine/Plugins/Editor/SpeedTreeImporter/Binaries/Win64/UnrealEditor.modules" 1065
"../../../Engine/Plugins/Runtime/ActorLayerUtilities/Binaries/Win64/UnrealEditor.modules" 1066
"../../../Engine/Plugins/Runtime/AndroidDeviceProfileSelector/Binaries/Win64/UnrealEditor.modules" 1067
"../../../Engine/Plugins/MovieScene/SequenceValidator/Binaries/Win64/UnrealEditor.modules" 1068
"../../../Engine/Plugins/Runtime/AndroidFileServer/Binaries/Win64/UnrealEditor.modules" 1069
"../../../Engine/Plugins/Runtime/AndroidPermission/Binaries/Win64/UnrealEditor.modules" 1070
"../../../Engine/Plugins/Runtime/AppleImageUtils/Binaries/Win64/UnrealEditor.modules" 1071
"../../../Engine/Plugins/Runtime/AssetTags/Binaries/Win64/UnrealEditor.modules" 1072
"../../../Engine/Plugins/Runtime/ArchVisCharacter/Binaries/Win64/UnrealEditor.modules" 1073
"../../../Engine/Plugins/NNE/NNEDenoiser/Binaries/Win64/UnrealEditor.modules" 1074
"../../../Engine/Plugins/NNE/NNERuntimeORT/Binaries/Win64/UnrealEditor.modules" 1075
"../../../Engine/Plugins/Runtime/ChunkDownloader/Binaries/Win64/UnrealEditor.modules" 1076
"../../../Engine/Plugins/Runtime/CableComponent/Binaries/Win64/UnrealEditor.modules" 1077
"../../../Engine/Plugins/Runtime/ExampleDeviceProfileSelector/Binaries/Win64/UnrealEditor.modules" 1078
"../../../Engine/Plugins/Runtime/GooglePAD/Binaries/Win64/UnrealEditor.modules" 1079
"../../../Engine/Plugins/Runtime/InputDebugging/Binaries/Win64/UnrealEditor.modules" 1080
"../../../Engine/Plugins/Runtime/LocationServicesBPLibrary/Binaries/Win64/UnrealEditor.modules" 1081
"../../../Engine/Plugins/Runtime/Metasound/Binaries/Win64/UnrealEditor.modules" 1082
"../../../Engine/Plugins/Runtime/WaveTable/Binaries/Win64/UnrealEditor.modules" 1083
"../../../Engine/Plugins/Runtime/MsQuic/Binaries/Win64/UnrealEditor.modules" 1084
"../../../Engine/Plugins/Runtime/MobilePatchingUtils/Binaries/Win64/UnrealEditor.modules" 1085
"../../../Engine/Plugins/Runtime/ResonanceAudio/Binaries/Win64/UnrealEditor.modules" 1086
"../../../Engine/Plugins/Runtime/SoundFields/Binaries/Win64/UnrealEditor.modules" 1087
"../../../Engine/Plugins/Runtime/Synthesis/Binaries/Win64/UnrealEditor.modules" 1088
"../../../Engine/Plugins/Runtime/WebMMoviePlayer/Binaries/Win64/UnrealEditor.modules" 1089
"../../../Engine/Plugins/Media/WebMMedia/Binaries/Win64/UnrealEditor.modules" 1090
"../../../Engine/Plugins/Runtime/WindowsDeviceProfileSelector/Binaries/Win64/UnrealEditor.modules" 1091
"../../../Engine/Plugins/Runtime/WindowsMoviePlayer/Binaries/Win64/UnrealEditor.modules" 1092
"../../../Engine/Plugins/Runtime/CustomMeshComponent/Binaries/Win64/UnrealEditor.modules" 1093
"../../../Engine/Plugins/Editor/Localization/PortableObjectFileDataSource/Binaries/Win64/UnrealEditor.modules" 1094
"../../../Engine/Plugins/Runtime/Windows/XInputDevice/Binaries/Win64/UnrealEditor.modules" 1095
"../../../Engine/Plugins/Editor/ContentBrowser/ContentBrowserClassDataSource/Binaries/Win64/UnrealEditor.modules" 1096
"../../../Engine/Plugins/Editor/ObjectMixer/LightMixer/Binaries/Win64/UnrealEditor.modules" 1097
"C:/Users/Braun/repos/ShatteredArcana/Plugins/CoMModKit/Binaries/Win64/UnrealEditor.modules" 1098
"../../../Engine/Config/BaseSourceControlSettings.ini" 1099
"../../../Engine/Content/Internationalization/icudt64l/coll/ucadata.icu" 1100
"../../../Engine/Content/Internationalization/icudt64l/coll/en_US.res" 1101
"../../../Engine/Content/Internationalization/icudt64l/coll/en.res" 1102
"../../../Engine/Content/Internationalization/icudt64l/coll/root.res" 1103
"../../../Engine/Content/Certificates/ThirdParty/cacert.pem" 1104
"../../../Engine/Config/ConsoleVariables.ini" 1105
"../../../Engine/Binaries/Win64/Android/UnrealEditor.modules" 1106
"../../../Engine/Binaries/Win64/IOS/UnrealEditor.modules" 1107
"../../../Engine/Binaries/Win64/Linux/UnrealEditor.modules" 1108
"../../../Engine/Content/Localization/Editor/en/Editor.locres" 1109
"../../../Engine/Content/Localization/Keywords/en/Keywords.locres" 1110
"../../../Engine/Content/Localization/Category/en/Category.locres" 1111
"../../../Engine/Content/Localization/ToolTips/en/ToolTips.locres" 1112
"../../../Engine/Content/Localization/PropertyNames/en/PropertyNames.locres" 1113
"../../../Engine/Content/Localization/Engine/en/Engine.locres" 1114
"../../../Engine/Plugins/MetaHuman/MetaHumanSDK/Content/Localization/MetaHumanSDK/en/MetaHumanSDK.locres" 1115
"../../../Engine/Plugins/MetaHuman/MetaHumanSDK/Content/Localization/MetaHumanSDK_Properties/en/MetaHumanSDK_Properties.locres" 1116
"../../../Engine/Plugins/MetaHuman/MetaHumanSDK/Content/Localization/MetaHumanSDK_Tooltips/en/MetaHumanSDK_Tooltips.locres" 1117
"../../../Engine/Plugins/Online/OnlineSubsystem/Content/Localization/OnlineSubsystem/en/OnlineSubsystem.locres" 1118
"../../../Engine/Plugins/Online/OnlineSubsystemUtils/Content/Localization/OnlineSubsystemUtils/en/OnlineSubsystemUtils.locres" 1119
"../../../Engine/Plugins/Online/Android/OnlineSubsystemGooglePlay/Content/Localization/OnlineSubsystemGooglePlay/en/OnlineSubsystemGooglePlay.locres" 1120
"../../../Engine/Plugins/Online/IOS/OnlineSubsystemIOS/Content/Localization/OnlineSubsystemIOS/en/OnlineSubsystemIOS.locres" 1121
"../../../Engine/Content/Internationalization/icudt64l/numberingSystems.res" 1122
"../../../Engine/Content/Internationalization/icudt64l/curr/supplementalData.res" 1123
"../../../Engine/Content/Internationalization/icudt64l/curr/en.res" 1124
"../../../Engine/Content/Internationalization/icudt64l/curr/pool.res" 1125
"../../../Engine/Content/Internationalization/icudt64l/curr/root.res" 1126
"../../../Engine/Content/Internationalization/icudt64l/lang/af.res" 1127
"../../../Engine/Content/Internationalization/icudt64l/region/af.res" 1128
"../../../Engine/Content/Internationalization/icudt64l/lang/agq.res" 1129
"../../../Engine/Content/Internationalization/icudt64l/region/agq.res" 1130
"../../../Engine/Content/Internationalization/icudt64l/lang/ak.res" 1131
"../../../Engine/Content/Internationalization/icudt64l/region/ak.res" 1132
"../../../Engine/Content/Internationalization/icudt64l/lang/am.res" 1133
"../../../Engine/Content/Internationalization/icudt64l/region/am.res" 1134
"../../../Engine/Content/Internationalization/icudt64l/lang/ar.res" 1135
"../../../Engine/Content/Internationalization/icudt64l/region/ar.res" 1136
"../../../Engine/Content/Internationalization/icudt64l/region/ar_AE.res" 1137
"../../../Engine/Content/Internationalization/icudt64l/lang/ar_EG.res" 1138
"../../../Engine/Content/Internationalization/icudt64l/lang/ar_LY.res" 1139
"../../../Engine/Content/Internationalization/icudt64l/region/ar_LY.res" 1140
"../../../Engine/Content/Internationalization/icudt64l/lang/ar_SA.res" 1141
"../../../Engine/Content/Internationalization/icudt64l/region/ar_SA.res" 1142
"../../../Engine/Content/Internationalization/icudt64l/lang/as.res" 1143
"../../../Engine/Content/Internationalization/icudt64l/region/as.res" 1144
"../../../Engine/Content/Internationalization/icudt64l/lang/asa.res" 1145
"../../../Engine/Content/Internationalization/icudt64l/region/asa.res" 1146
"../../../Engine/Content/Internationalization/icudt64l/lang/ast.res" 1147
"../../../Engine/Content/Internationalization/icudt64l/region/ast.res" 1148
"../../../Engine/Content/Internationalization/icudt64l/lang/az.res" 1149
"../../../Engine/Content/Internationalization/icudt64l/lang/az_Cyrl.res" 1150
"../../../Engine/Content/Internationalization/icudt64l/lang/az_AZ.res" 1151
"../../../Engine/Content/Internationalization/icudt64l/lang/az_Latn_AZ.res" 1152
"../../../Engine/Content/Internationalization/icudt64l/lang/az_Latn.res" 1153
"../../../Engine/Content/Internationalization/icudt64l/region/az_AZ.res" 1154
"../../../Engine/Content/Internationalization/icudt64l/region/az_Latn_AZ.res" 1155
"../../../Engine/Content/Internationalization/icudt64l/region/az_Latn.res" 1156
"../../../Engine/Content/Internationalization/icudt64l/region/az.res" 1157
"../../../Engine/Content/Internationalization/icudt64l/region/az_Cyrl.res" 1158
"../../../Engine/Content/Internationalization/icudt64l/lang/bas.res" 1159
"../../../Engine/Content/Internationalization/icudt64l/region/bas.res" 1160
"../../../Engine/Content/Internationalization/icudt64l/lang/be.res" 1161
"../../../Engine/Content/Internationalization/icudt64l/region/be.res" 1162
"../../../Engine/Content/Internationalization/icudt64l/lang/bem.res" 1163
"../../../Engine/Content/Internationalization/icudt64l/region/bem.res" 1164
"../../../Engine/Content/Internationalization/icudt64l/lang/bez.res" 1165
"../../../Engine/Content/Internationalization/icudt64l/region/bez.res" 1166
"../../../Engine/Content/Internationalization/icudt64l/lang/bg.res" 1167
"../../../Engine/Content/Internationalization/icudt64l/region/bg.res" 1168
"../../../Engine/Content/Internationalization/icudt64l/lang/bm.res" 1169
"../../../Engine/Content/Internationalization/icudt64l/region/bm.res" 1170
"../../../Engine/Content/Internationalization/icudt64l/lang/bn.res" 1171
"../../../Engine/Content/Internationalization/icudt64l/region/bn.res" 1172
"../../../Engine/Content/Internationalization/icudt64l/lang/bn_IN.res" 1173
"../../../Engine/Content/Internationalization/icudt64l/region/bn_IN.res" 1174
"../../../Engine/Content/Internationalization/icudt64l/lang/bo.res" 1175
"../../../Engine/Content/Internationalization/icudt64l/region/bo.res" 1176
"../../../Engine/Content/Internationalization/icudt64l/region/bo_IN.res" 1177
"../../../Engine/Content/Internationalization/icudt64l/lang/br.res" 1178
"../../../Engine/Content/Internationalization/icudt64l/region/br.res" 1179
"../../../Engine/Content/Internationalization/icudt64l/lang/brx.res" 1180
"../../../Engine/Content/Internationalization/icudt64l/region/brx.res" 1181
"../../../Engine/Content/Internationalization/icudt64l/lang/bs.res" 1182
"../../../Engine/Content/Internationalization/icudt64l/lang/bs_Cyrl.res" 1183
"../../../Engine/Content/Internationalization/icudt64l/lang/bs_BA.res" 1184
"../../../Engine/Content/Internationalization/icudt64l/lang/bs_Latn_BA.res" 1185
"../../../Engine/Content/Internationalization/icudt64l/lang/bs_Latn.res" 1186
"../../../Engine/Content/Internationalization/icudt64l/region/bs_BA.res" 1187
"../../../Engine/Content/Internationalization/icudt64l/region/bs_Latn_BA.res" 1188
"../../../Engine/Content/Internationalization/icudt64l/region/bs_Latn.res" 1189
"../../../Engine/Content/Internationalization/icudt64l/region/bs.res" 1190
"../../../Engine/Content/Internationalization/icudt64l/region/bs_Cyrl.res" 1191
"../../../Engine/Content/Internationalization/icudt64l/lang/ca.res" 1192
"../../../Engine/Content/Internationalization/icudt64l/region/ca.res" 1193
"../../../Engine/Content/Internationalization/icudt64l/lang/ccp.res" 1194
"../../../Engine/Content/Internationalization/icudt64l/region/ccp.res" 1195
"../../../Engine/Content/Internationalization/icudt64l/lang/ce.res" 1196
"../../../Engine/Content/Internationalization/icudt64l/region/ce.res" 1197
"../../../Engine/Content/Internationalization/icudt64l/lang/ceb.res" 1198
"../../../Engine/Content/Internationalization/icudt64l/region/ceb.res" 1199
"../../../Engine/Content/Internationalization/icudt64l/lang/cgg.res" 1200
"../../../Engine/Content/Internationalization/icudt64l/region/cgg.res" 1201
"../../../Engine/Content/Internationalization/icudt64l/lang/chr.res" 1202
"../../../Engine/Content/Internationalization/icudt64l/region/chr.res" 1203
"../../../Engine/Content/Internationalization/icudt64l/lang/ckb.res" 1204
"../../../Engine/Content/Internationalization/icudt64l/region/ckb.res" 1205
"../../../Engine/Content/Internationalization/icudt64l/lang/cs.res" 1206
"../../../Engine/Content/Internationalization/icudt64l/region/cs.res" 1207
"../../../Engine/Content/Internationalization/icudt64l/lang/cy.res" 1208
"../../../Engine/Content/Internationalization/icudt64l/region/cy.res" 1209
"../../../Engine/Content/Internationalization/icudt64l/lang/da.res" 1210
"../../../Engine/Content/Internationalization/icudt64l/region/da.res" 1211
"../../../Engine/Content/Internationalization/icudt64l/lang/dav.res" 1212
"../../../Engine/Content/Internationalization/icudt64l/region/dav.res" 1213
"../../../Engine/Content/Internationalization/icudt64l/lang/de.res" 1214
"../../../Engine/Content/Internationalization/icudt64l/lang/de_AT.res" 1215
"../../../Engine/Content/Internationalization/icudt64l/region/de_AT.res" 1216
"../../../Engine/Content/Internationalization/icudt64l/region/de.res" 1217
"../../../Engine/Content/Internationalization/icudt64l/lang/de_CH.res" 1218
"../../../Engine/Content/Internationalization/icudt64l/region/de_CH.res" 1219
"../../../Engine/Content/Internationalization/icudt64l/lang/de_LU.res" 1220
"../../../Engine/Content/Internationalization/icudt64l/lang/dje.res" 1221
"../../../Engine/Content/Internationalization/icudt64l/region/dje.res" 1222
"../../../Engine/Content/Internationalization/icudt64l/lang/dsb.res" 1223
"../../../Engine/Content/Internationalization/icudt64l/region/dsb.res" 1224
"../../../Engine/Content/Internationalization/icudt64l/lang/dua.res" 1225
"../../../Engine/Content/Internationalization/icudt64l/region/dua.res" 1226
"../../../Engine/Content/Internationalization/icudt64l/lang/dyo.res" 1227
"../../../Engine/Content/Internationalization/icudt64l/region/dyo.res" 1228
"../../../Engine/Content/Internationalization/icudt64l/lang/dz.res" 1229
"../../../Engine/Content/Internationalization/icudt64l/region/dz.res" 1230
"../../../Engine/Content/Internationalization/icudt64l/lang/ebu.res" 1231
"../../../Engine/Content/Internationalization/icudt64l/region/ebu.res" 1232
"../../../Engine/Content/Internationalization/icudt64l/lang/ee.res" 1233
"../../../Engine/Content/Internationalization/icudt64l/region/ee.res" 1234
"../../../Engine/Content/Internationalization/icudt64l/lang/el.res" 1235
"../../../Engine/Content/Internationalization/icudt64l/region/el.res" 1236
"../../../Engine/Content/Internationalization/icudt64l/lang/en_001.res" 1237
"../../../Engine/Content/Internationalization/icudt64l/lang/en_150.res" 1238
"../../../Engine/Content/Internationalization/icudt64l/region/en_150.res" 1239
"../../../Engine/Content/Internationalization/icudt64l/lang/en_AG.res" 1240
"../../../Engine/Content/Internationalization/icudt64l/region/en_AG.res" 1241
"../../../Engine/Content/Internationalization/icudt64l/lang/en_AI.res" 1242
"../../../Engine/Content/Internationalization/icudt64l/region/en_AI.res" 1243
"../../../Engine/Content/Internationalization/icudt64l/lang/en_AT.res" 1244
"../../../Engine/Content/Internationalization/icudt64l/region/en_AT.res" 1245
"../../../Engine/Content/Internationalization/icudt64l/lang/en_AU.res" 1246
"../../../Engine/Content/Internationalization/icudt64l/region/en_AU.res" 1247
"../../../Engine/Content/Internationalization/icudt64l/lang/en_BB.res" 1248
"../../../Engine/Content/Internationalization/icudt64l/region/en_BB.res" 1249
"../../../Engine/Content/Internationalization/icudt64l/lang/en_BE.res" 1250
"../../../Engine/Content/Internationalization/icudt64l/region/en_BE.res" 1251
"../../../Engine/Content/Internationalization/icudt64l/lang/en_BM.res" 1252
"../../../Engine/Content/Internationalization/icudt64l/region/en_BM.res" 1253
"../../../Engine/Content/Internationalization/icudt64l/lang/en_BS.res" 1254
"../../../Engine/Content/Internationalization/icudt64l/region/en_BS.res" 1255
"../../../Engine/Content/Internationalization/icudt64l/lang/en_BW.res" 1256
"../../../Engine/Content/Internationalization/icudt64l/region/en_BW.res" 1257
"../../../Engine/Content/Internationalization/icudt64l/lang/en_BZ.res" 1258
"../../../Engine/Content/Internationalization/icudt64l/region/en_BZ.res" 1259
"../../../Engine/Content/Internationalization/icudt64l/lang/en_CA.res" 1260
"../../../Engine/Content/Internationalization/icudt64l/region/en_CA.res" 1261
"../../../Engine/Content/Internationalization/icudt64l/lang/en_CC.res" 1262
"../../../Engine/Content/Internationalization/icudt64l/region/en_CC.res" 1263
"../../../Engine/Content/Internationalization/icudt64l/lang/en_CH.res" 1264
"../../../Engine/Content/Internationalization/icudt64l/region/en_CH.res" 1265
"../../../Engine/Content/Internationalization/icudt64l/lang/en_CK.res" 1266
"../../../Engine/Content/Internationalization/icudt64l/region/en_CK.res" 1267
"../../../Engine/Content/Internationalization/icudt64l/lang/en_CM.res" 1268
"../../../Engine/Content/Internationalization/icudt64l/region/en_CM.res" 1269
"../../../Engine/Content/Internationalization/icudt64l/lang/en_CX.res" 1270
"../../../Engine/Content/Internationalization/icudt64l/region/en_CX.res" 1271
"../../../Engine/Content/Internationalization/icudt64l/lang/en_CY.res" 1272
"../../../Engine/Content/Internationalization/icudt64l/region/en_CY.res" 1273
"../../../Engine/Content/Internationalization/icudt64l/lang/en_DE.res" 1274
"../../../Engine/Content/Internationalization/icudt64l/region/en_DE.res" 1275
"../../../Engine/Content/Internationalization/icudt64l/lang/en_DG.res" 1276
"../../../Engine/Content/Internationalization/icudt64l/region/en_DG.res" 1277
"../../../Engine/Content/Internationalization/icudt64l/lang/en_DK.res" 1278
"../../../Engine/Content/Internationalization/icudt64l/region/en_DK.res" 1279
"../../../Engine/Content/Internationalization/icudt64l/lang/en_DM.res" 1280
"../../../Engine/Content/Internationalization/icudt64l/region/en_DM.res" 1281
"../../../Engine/Content/Internationalization/icudt64l/lang/en_ER.res" 1282
"../../../Engine/Content/Internationalization/icudt64l/region/en_ER.res" 1283
"../../../Engine/Content/Internationalization/icudt64l/lang/en_FI.res" 1284
"../../../Engine/Content/Internationalization/icudt64l/region/en_FI.res" 1285
"../../../Engine/Content/Internationalization/icudt64l/lang/en_FJ.res" 1286
"../../../Engine/Content/Internationalization/icudt64l/region/en_FJ.res" 1287
"../../../Engine/Content/Internationalization/icudt64l/lang/en_FK.res" 1288
"../../../Engine/Content/Internationalization/icudt64l/region/en_FK.res" 1289
"../../../Engine/Content/Internationalization/icudt64l/lang/en_FM.res" 1290
"../../../Engine/Content/Internationalization/icudt64l/region/en_FM.res" 1291
"../../../Engine/Content/Internationalization/icudt64l/lang/en_GB.res" 1292
"../../../Engine/Content/Internationalization/icudt64l/region/en_GB.res" 1293
"../../../Engine/Content/Internationalization/icudt64l/lang/en_GD.res" 1294
"../../../Engine/Content/Internationalization/icudt64l/region/en_GD.res" 1295
"../../../Engine/Content/Internationalization/icudt64l/lang/en_GG.res" 1296
"../../../Engine/Content/Internationalization/icudt64l/region/en_GG.res" 1297
"../../../Engine/Content/Internationalization/icudt64l/lang/en_GH.res" 1298
"../../../Engine/Content/Internationalization/icudt64l/region/en_GH.res" 1299
"../../../Engine/Content/Internationalization/icudt64l/lang/en_GI.res" 1300
"../../../Engine/Content/Internationalization/icudt64l/region/en_GI.res" 1301
"../../../Engine/Content/Internationalization/icudt64l/lang/en_GM.res" 1302
"../../../Engine/Content/Internationalization/icudt64l/region/en_GM.res" 1303
"../../../Engine/Content/Internationalization/icudt64l/lang/en_GY.res" 1304
"../../../Engine/Content/Internationalization/icudt64l/region/en_GY.res" 1305
"../../../Engine/Content/Internationalization/icudt64l/lang/en_HK.res" 1306
"../../../Engine/Content/Internationalization/icudt64l/region/en_HK.res" 1307
"../../../Engine/Content/Internationalization/icudt64l/lang/en_IE.res" 1308
"../../../Engine/Content/Internationalization/icudt64l/region/en_IE.res" 1309
"../../../Engine/Content/Internationalization/icudt64l/lang/en_IL.res" 1310
"../../../Engine/Content/Internationalization/icudt64l/region/en_IL.res" 1311
"../../../Engine/Content/Internationalization/icudt64l/lang/en_IM.res" 1312
"../../../Engine/Content/Internationalization/icudt64l/region/en_IM.res" 1313
"../../../Engine/Content/Internationalization/icudt64l/lang/en_IN.res" 1314
"../../../Engine/Content/Internationalization/icudt64l/region/en_IN.res" 1315
"../../../Engine/Content/Internationalization/icudt64l/lang/en_IO.res" 1316
"../../../Engine/Content/Internationalization/icudt64l/region/en_IO.res" 1317
"../../../Engine/Content/Internationalization/icudt64l/lang/en_JE.res" 1318
"../../../Engine/Content/Internationalization/icudt64l/region/en_JE.res" 1319
"../../../Engine/Content/Internationalization/icudt64l/lang/en_JM.res" 1320
"../../../Engine/Content/Internationalization/icudt64l/region/en_JM.res" 1321
"../../../Engine/Content/Internationalization/icudt64l/lang/en_KE.res" 1322
"../../../Engine/Content/Internationalization/icudt64l/region/en_KE.res" 1323
"../../../Engine/Content/Internationalization/icudt64l/lang/en_KI.res" 1324
"../../../Engine/Content/Internationalization/icudt64l/region/en_KI.res" 1325
"../../../Engine/Content/Internationalization/icudt64l/lang/en_KN.res" 1326
"../../../Engine/Content/Internationalization/icudt64l/region/en_KN.res" 1327
"../../../Engine/Content/Internationalization/icudt64l/lang/en_KY.res" 1328
"../../../Engine/Content/Internationalization/icudt64l/region/en_KY.res" 1329
"../../../Engine/Content/Internationalization/icudt64l/lang/en_LC.res" 1330
"../../../Engine/Content/Internationalization/icudt64l/region/en_LC.res" 1331
"../../../Engine/Content/Internationalization/icudt64l/lang/en_LR.res" 1332
"../../../Engine/Content/Internationalization/icudt64l/region/en_LR.res" 1333
"../../../Engine/Content/Internationalization/icudt64l/lang/en_LS.res" 1334
"../../../Engine/Content/Internationalization/icudt64l/region/en_LS.res" 1335
"../../../Engine/Content/Internationalization/icudt64l/lang/en_MG.res" 1336
"../../../Engine/Content/Internationalization/icudt64l/region/en_MG.res" 1337
"../../../Engine/Content/Internationalization/icudt64l/lang/en_MO.res" 1338
"../../../Engine/Content/Internationalization/icudt64l/region/en_MO.res" 1339
"../../../Engine/Content/Internationalization/icudt64l/lang/en_MS.res" 1340
"../../../Engine/Content/Internationalization/icudt64l/region/en_MS.res" 1341
"../../../Engine/Content/Internationalization/icudt64l/lang/en_MT.res" 1342
"../../../Engine/Content/Internationalization/icudt64l/region/en_MT.res" 1343
"../../../Engine/Content/Internationalization/icudt64l/lang/en_MU.res" 1344
"../../../Engine/Content/Internationalization/icudt64l/region/en_MU.res" 1345
"../../../Engine/Content/Internationalization/icudt64l/lang/en_MW.res" 1346
"../../../Engine/Content/Internationalization/icudt64l/region/en_MW.res" 1347
"../../../Engine/Content/Internationalization/icudt64l/lang/en_MY.res" 1348
"../../../Engine/Content/Internationalization/icudt64l/region/en_MY.res" 1349
"../../../Engine/Content/Internationalization/icudt64l/lang/en_NA.res" 1350
"../../../Engine/Content/Internationalization/icudt64l/region/en_NA.res" 1351
"../../../Engine/Content/Internationalization/icudt64l/lang/en_NF.res" 1352
"../../../Engine/Content/Internationalization/icudt64l/region/en_NF.res" 1353
"../../../Engine/Content/Internationalization/icudt64l/lang/en_NG.res" 1354
"../../../Engine/Content/Internationalization/icudt64l/region/en_NG.res" 1355
"../../../Engine/Content/Internationalization/icudt64l/lang/en_NL.res" 1356
"../../../Engine/Content/Internationalization/icudt64l/region/en_NL.res" 1357
"../../../Engine/Content/Internationalization/icudt64l/lang/en_NR.res" 1358
"../../../Engine/Content/Internationalization/icudt64l/region/en_NR.res" 1359
"../../../Engine/Content/Internationalization/icudt64l/lang/en_NU.res" 1360
"../../../Engine/Content/Internationalization/icudt64l/region/en_NU.res" 1361
"../../../Engine/Content/Internationalization/icudt64l/lang/en_NZ.res" 1362
"../../../Engine/Content/Internationalization/icudt64l/region/en_NZ.res" 1363
"../../../Engine/Content/Internationalization/icudt64l/lang/en_PG.res" 1364
"../../../Engine/Content/Internationalization/icudt64l/region/en_PG.res" 1365
"../../../Engine/Content/Internationalization/icudt64l/lang/en_PH.res" 1366
"../../../Engine/Content/Internationalization/icudt64l/region/en_PH.res" 1367
"../../../Engine/Content/Internationalization/icudt64l/lang/en_PK.res" 1368
"../../../Engine/Content/Internationalization/icudt64l/region/en_PK.res" 1369
"../../../Engine/Content/Internationalization/icudt64l/lang/en_PN.res" 1370
"../../../Engine/Content/Internationalization/icudt64l/region/en_PN.res" 1371
"../../../Engine/Content/Internationalization/icudt64l/lang/en_PW.res" 1372
"../../../Engine/Content/Internationalization/icudt64l/region/en_PW.res" 1373
"../../../Engine/Content/Internationalization/icudt64l/lang/en_RW.res" 1374
"../../../Engine/Content/Internationalization/icudt64l/region/en_RW.res" 1375
"../../../Engine/Content/Internationalization/icudt64l/lang/en_SB.res" 1376
"../../../Engine/Content/Internationalization/icudt64l/region/en_SB.res" 1377
"../../../Engine/Content/Internationalization/icudt64l/lang/en_SC.res" 1378
"../../../Engine/Content/Internationalization/icudt64l/region/en_SC.res" 1379
"../../../Engine/Content/Internationalization/icudt64l/lang/en_SD.res" 1380
"../../../Engine/Content/Internationalization/icudt64l/region/en_SD.res" 1381
"../../../Engine/Content/Internationalization/icudt64l/lang/en_SE.res" 1382
"../../../Engine/Content/Internationalization/icudt64l/region/en_SE.res" 1383
"../../../Engine/Content/Internationalization/icudt64l/lang/en_SG.res" 1384
"../../../Engine/Content/Internationalization/icudt64l/region/en_SG.res" 1385
"../../../Engine/Content/Internationalization/icudt64l/lang/en_SH.res" 1386
"../../../Engine/Content/Internationalization/icudt64l/region/en_SH.res" 1387
"../../../Engine/Content/Internationalization/icudt64l/lang/en_SI.res" 1388
"../../../Engine/Content/Internationalization/icudt64l/region/en_SI.res" 1389
"../../../Engine/Content/Internationalization/icudt64l/lang/en_SL.res" 1390
"../../../Engine/Content/Internationalization/icudt64l/region/en_SL.res" 1391
"../../../Engine/Content/Internationalization/icudt64l/lang/en_SS.res" 1392
"../../../Engine/Content/Internationalization/icudt64l/region/en_SS.res" 1393
"../../../Engine/Content/Internationalization/icudt64l/lang/en_SX.res" 1394
"../../../Engine/Content/Internationalization/icudt64l/region/en_SX.res" 1395
"../../../Engine/Content/Internationalization/icudt64l/lang/en_SZ.res" 1396
"../../../Engine/Content/Internationalization/icudt64l/region/en_SZ.res" 1397
"../../../Engine/Content/Internationalization/icudt64l/lang/en_TC.res" 1398
"../../../Engine/Content/Internationalization/icudt64l/region/en_TC.res" 1399
"../../../Engine/Content/Internationalization/icudt64l/lang/en_TK.res" 1400
"../../../Engine/Content/Internationalization/icudt64l/region/en_TK.res" 1401
"../../../Engine/Content/Internationalization/icudt64l/lang/en_TO.res" 1402
"../../../Engine/Content/Internationalization/icudt64l/region/en_TO.res" 1403
"../../../Engine/Content/Internationalization/icudt64l/lang/en_TT.res" 1404
"../../../Engine/Content/Internationalization/icudt64l/region/en_TT.res" 1405
"../../../Engine/Content/Internationalization/icudt64l/lang/en_TV.res" 1406
"../../../Engine/Content/Internationalization/icudt64l/region/en_TV.res" 1407
"../../../Engine/Content/Internationalization/icudt64l/lang/en_TZ.res" 1408
"../../../Engine/Content/Internationalization/icudt64l/region/en_TZ.res" 1409
"../../../Engine/Content/Internationalization/icudt64l/lang/en_UG.res" 1410
"../../../Engine/Content/Internationalization/icudt64l/region/en_UG.res" 1411
"../../../Engine/Content/Internationalization/icudt64l/lang/en_VC.res" 1412
"../../../Engine/Content/Internationalization/icudt64l/region/en_VC.res" 1413
"../../../Engine/Content/Internationalization/icudt64l/lang/en_VG.res" 1414
"../../../Engine/Content/Internationalization/icudt64l/region/en_VG.res" 1415
"../../../Engine/Content/Internationalization/icudt64l/lang/en_VU.res" 1416
"../../../Engine/Content/Internationalization/icudt64l/region/en_VU.res" 1417
"../../../Engine/Content/Internationalization/icudt64l/lang/en_WS.res" 1418
"../../../Engine/Content/Internationalization/icudt64l/region/en_WS.res" 1419
"../../../Engine/Content/Internationalization/icudt64l/lang/en_ZA.res" 1420
"../../../Engine/Content/Internationalization/icudt64l/region/en_ZA.res" 1421
"../../../Engine/Content/Internationalization/icudt64l/lang/en_ZM.res" 1422
"../../../Engine/Content/Internationalization/icudt64l/region/en_ZM.res" 1423
"../../../Engine/Content/Internationalization/icudt64l/lang/en_ZW.res" 1424
"../../../Engine/Content/Internationalization/icudt64l/region/en_ZW.res" 1425
"../../../Engine/Content/Internationalization/icudt64l/lang/eo.res" 1426
"../../../Engine/Content/Internationalization/icudt64l/region/eo.res" 1427
"../../../Engine/Content/Internationalization/icudt64l/lang/es.res" 1428
"../../../Engine/Content/Internationalization/icudt64l/lang/es_419.res" 1429
"../../../Engine/Content/Internationalization/icudt64l/region/es_419.res" 1430
"../../../Engine/Content/Internationalization/icudt64l/region/es.res" 1431
"../../../Engine/Content/Internationalization/icudt64l/lang/es_AR.res" 1432
"../../../Engine/Content/Internationalization/icudt64l/region/es_AR.res" 1433
"../../../Engine/Content/Internationalization/icudt64l/lang/es_BO.res" 1434
"../../../Engine/Content/Internationalization/icudt64l/region/es_BO.res" 1435
"../../../Engine/Content/Internationalization/icudt64l/lang/es_BR.res" 1436
"../../../Engine/Content/Internationalization/icudt64l/region/es_BR.res" 1437
"../../../Engine/Content/Internationalization/icudt64l/lang/es_BZ.res" 1438
"../../../Engine/Content/Internationalization/icudt64l/region/es_BZ.res" 1439
"../../../Engine/Content/Internationalization/icudt64l/lang/es_CL.res" 1440
"../../../Engine/Content/Internationalization/icudt64l/region/es_CL.res" 1441
"../../../Engine/Content/Internationalization/icudt64l/lang/es_CO.res" 1442
"../../../Engine/Content/Internationalization/icudt64l/region/es_CO.res" 1443
"../../../Engine/Content/Internationalization/icudt64l/lang/es_CR.res" 1444
"../../../Engine/Content/Internationalization/icudt64l/region/es_CR.res" 1445
"../../../Engine/Content/Internationalization/icudt64l/lang/es_CU.res" 1446
"../../../Engine/Content/Internationalization/icudt64l/region/es_CU.res" 1447
"../../../Engine/Content/Internationalization/icudt64l/lang/es_DO.res" 1448
"../../../Engine/Content/Internationalization/icudt64l/region/es_DO.res" 1449
"../../../Engine/Content/Internationalization/icudt64l/lang/es_EC.res" 1450
"../../../Engine/Content/Internationalization/icudt64l/region/es_EC.res" 1451
"../../../Engine/Content/Internationalization/icudt64l/lang/es_GT.res" 1452
"../../../Engine/Content/Internationalization/icudt64l/region/es_GT.res" 1453
"../../../Engine/Content/Internationalization/icudt64l/lang/es_HN.res" 1454
"../../../Engine/Content/Internationalization/icudt64l/region/es_HN.res" 1455
"../../../Engine/Content/Internationalization/icudt64l/lang/es_MX.res" 1456
"../../../Engine/Content/Internationalization/icudt64l/region/es_MX.res" 1457
"../../../Engine/Content/Internationalization/icudt64l/lang/es_NI.res" 1458
"../../../Engine/Content/Internationalization/icudt64l/region/es_NI.res" 1459
"../../../Engine/Content/Internationalization/icudt64l/lang/es_PA.res" 1460
"../../../Engine/Content/Internationalization/icudt64l/region/es_PA.res" 1461
"../../../Engine/Content/Internationalization/icudt64l/lang/es_PE.res" 1462
"../../../Engine/Content/Internationalization/icudt64l/region/es_PE.res" 1463
"../../../Engine/Content/Internationalization/icudt64l/lang/es_PR.res" 1464
"../../../Engine/Content/Internationalization/icudt64l/region/es_PR.res" 1465
"../../../Engine/Content/Internationalization/icudt64l/lang/es_PY.res" 1466
"../../../Engine/Content/Internationalization/icudt64l/region/es_PY.res" 1467
"../../../Engine/Content/Internationalization/icudt64l/lang/es_SV.res" 1468
"../../../Engine/Content/Internationalization/icudt64l/region/es_SV.res" 1469
"../../../Engine/Content/Internationalization/icudt64l/lang/es_US.res" 1470
"../../../Engine/Content/Internationalization/icudt64l/region/es_US.res" 1471
"../../../Engine/Content/Internationalization/icudt64l/lang/es_UY.res" 1472
"../../../Engine/Content/Internationalization/icudt64l/region/es_UY.res" 1473
"../../../Engine/Content/Internationalization/icudt64l/lang/es_VE.res" 1474
"../../../Engine/Content/Internationalization/icudt64l/region/es_VE.res" 1475
"../../../Engine/Content/Internationalization/icudt64l/lang/et.res" 1476
"../../../Engine/Content/Internationalization/icudt64l/region/et.res" 1477
"../../../Engine/Content/Internationalization/icudt64l/lang/eu.res" 1478
"../../../Engine/Content/Internationalization/icudt64l/region/eu.res" 1479
"../../../Engine/Content/Internationalization/icudt64l/lang/ewo.res" 1480
"../../../Engine/Content/Internationalization/icudt64l/region/ewo.res" 1481
"../../../Engine/Content/Internationalization/icudt64l/lang/fa.res" 1482
"../../../Engine/Content/Internationalization/icudt64l/lang/fa_AF.res" 1483
"../../../Engine/Content/Internationalization/icudt64l/region/fa_AF.res" 1484
"../../../Engine/Content/Internationalization/icudt64l/region/fa.res" 1485
"../../../Engine/Content/Internationalization/icudt64l/lang/ff.res" 1486
"../../../Engine/Content/Internationalization/icudt64l/lang/ff_Latn.res" 1487
"../../../Engine/Content/Internationalization/icudt64l/region/ff.res" 1488
"../../../Engine/Content/Internationalization/icudt64l/region/ff_Latn.res" 1489
"../../../Engine/Content/Internationalization/icudt64l/lang/ff_CM.res" 1490
"../../../Engine/Content/Internationalization/icudt64l/lang/ff_Latn_CM.res" 1491
"../../../Engine/Content/Internationalization/icudt64l/region/ff_CM.res" 1492
"../../../Engine/Content/Internationalization/icudt64l/region/ff_Latn_CM.res" 1493
"../../../Engine/Content/Internationalization/icudt64l/lang/ff_GN.res" 1494
"../../../Engine/Content/Internationalization/icudt64l/lang/ff_Latn_GN.res" 1495
"../../../Engine/Content/Internationalization/icudt64l/region/ff_GN.res" 1496
"../../../Engine/Content/Internationalization/icudt64l/region/ff_Latn_GN.res" 1497
"../../../Engine/Content/Internationalization/icudt64l/lang/ff_MR.res" 1498
"../../../Engine/Content/Internationalization/icudt64l/lang/ff_Latn_MR.res" 1499
"../../../Engine/Content/Internationalization/icudt64l/region/ff_MR.res" 1500
"../../../Engine/Content/Internationalization/icudt64l/region/ff_Latn_MR.res" 1501
"../../../Engine/Content/Internationalization/icudt64l/lang/ff_SN.res" 1502
"../../../Engine/Content/Internationalization/icudt64l/lang/ff_Latn_SN.res" 1503
"../../../Engine/Content/Internationalization/icudt64l/region/ff_SN.res" 1504
"../../../Engine/Content/Internationalization/icudt64l/region/ff_Latn_SN.res" 1505
"../../../Engine/Content/Internationalization/icudt64l/lang/fi.res" 1506
"../../../Engine/Content/Internationalization/icudt64l/region/fi.res" 1507
"../../../Engine/Content/Internationalization/icudt64l/lang/fil.res" 1508
"../../../Engine/Content/Internationalization/icudt64l/lang/fil_PH.res" 1509
"../../../Engine/Content/Internationalization/icudt64l/region/fil_PH.res" 1510
"../../../Engine/Content/Internationalization/icudt64l/region/fil.res" 1511
"../../../Engine/Content/Internationalization/icudt64l/lang/fo.res" 1512
"../../../Engine/Content/Internationalization/icudt64l/region/fo.res" 1513
"../../../Engine/Content/Internationalization/icudt64l/lang/fr.res" 1514
"../../../Engine/Content/Internationalization/icudt64l/lang/fr_BE.res" 1515
"../../../Engine/Content/Internationalization/icudt64l/region/fr_BE.res" 1516
"../../../Engine/Content/Internationalization/icudt64l/region/fr.res" 1517
"../../../Engine/Content/Internationalization/icudt64l/lang/fr_CA.res" 1518
"../../../Engine/Content/Internationalization/icudt64l/region/fr_CA.res" 1519
"../../../Engine/Content/Internationalization/icudt64l/lang/fr_CH.res" 1520
"../../../Engine/Content/Internationalization/icudt64l/lang/fur.res" 1521
"../../../Engine/Content/Internationalization/icudt64l/region/fur.res" 1522
"../../../Engine/Content/Internationalization/icudt64l/lang/fy.res" 1523
"../../../Engine/Content/Internationalization/icudt64l/region/fy.res" 1524
"../../../Engine/Content/Internationalization/icudt64l/lang/ga.res" 1525
"../../../Engine/Content/Internationalization/icudt64l/region/ga.res" 1526
"../../../Engine/Content/Internationalization/icudt64l/lang/gd.res" 1527
"../../../Engine/Content/Internationalization/icudt64l/region/gd.res" 1528
"../../../Engine/Content/Internationalization/icudt64l/lang/gl.res" 1529
"../../../Engine/Content/Internationalization/icudt64l/region/gl.res" 1530
"../../../Engine/Content/Internationalization/icudt64l/lang/gsw.res" 1531
"../../../Engine/Content/Internationalization/icudt64l/region/gsw.res" 1532
"../../../Engine/Content/Internationalization/icudt64l/lang/gu.res" 1533
"../../../Engine/Content/Internationalization/icudt64l/region/gu.res" 1534
"../../../Engine/Content/Internationalization/icudt64l/lang/guz.res" 1535
"../../../Engine/Content/Internationalization/icudt64l/region/guz.res" 1536
"../../../Engine/Content/Internationalization/icudt64l/lang/gv.res" 1537
"../../../Engine/Content/Internationalization/icudt64l/region/gv.res" 1538
"../../../Engine/Content/Internationalization/icudt64l/lang/ha.res" 1539
"../../../Engine/Content/Internationalization/icudt64l/region/ha.res" 1540
"../../../Engine/Content/Internationalization/icudt64l/lang/ha_NE.res" 1541
"../../../Engine/Content/Internationalization/icudt64l/region/ha_NE.res" 1542
"../../../Engine/Content/Internationalization/icudt64l/lang/haw.res" 1543
"../../../Engine/Content/Internationalization/icudt64l/region/haw.res" 1544
"../../../Engine/Content/Internationalization/icudt64l/lang/he.res" 1545
"../../../Engine/Content/Internationalization/icudt64l/lang/he_IL.res" 1546
"../../../Engine/Content/Internationalization/icudt64l/region/he_IL.res" 1547
"../../../Engine/Content/Internationalization/icudt64l/region/he.res" 1548
"../../../Engine/Content/Internationalization/icudt64l/lang/hi.res" 1549
"../../../Engine/Content/Internationalization/icudt64l/region/hi.res" 1550
"../../../Engine/Content/Internationalization/icudt64l/lang/hr.res" 1551
"../../../Engine/Content/Internationalization/icudt64l/region/hr.res" 1552
"../../../Engine/Content/Internationalization/icudt64l/lang/hsb.res" 1553
"../../../Engine/Content/Internationalization/icudt64l/region/hsb.res" 1554
"../../../Engine/Content/Internationalization/icudt64l/lang/hu.res" 1555
"../../../Engine/Content/Internationalization/icudt64l/region/hu.res" 1556
"../../../Engine/Content/Internationalization/icudt64l/lang/hy.res" 1557
"../../../Engine/Content/Internationalization/icudt64l/region/hy.res" 1558
"../../../Engine/Content/Internationalization/icudt64l/lang/ia.res" 1559
"../../../Engine/Content/Internationalization/icudt64l/region/ia.res" 1560
"../../../Engine/Content/Internationalization/icudt64l/lang/id.res" 1561
"../../../Engine/Content/Internationalization/icudt64l/lang/id_ID.res" 1562
"../../../Engine/Content/Internationalization/icudt64l/region/id_ID.res" 1563
"../../../Engine/Content/Internationalization/icudt64l/region/id.res" 1564
"../../../Engine/Content/Internationalization/icudt64l/lang/ig.res" 1565
"../../../Engine/Content/Internationalization/icudt64l/region/ig.res" 1566
"../../../Engine/Content/Internationalization/icudt64l/lang/ii.res" 1567
"../../../Engine/Content/Internationalization/icudt64l/region/ii.res" 1568
"../../../Engine/Content/Internationalization/icudt64l/lang/is.res" 1569
"../../../Engine/Content/Internationalization/icudt64l/region/is.res" 1570
"../../../Engine/Content/Internationalization/icudt64l/lang/it.res" 1571
"../../../Engine/Content/Internationalization/icudt64l/region/it.res" 1572
"../../../Engine/Content/Internationalization/icudt64l/lang/ja.res" 1573
"../../../Engine/Content/Internationalization/icudt64l/lang/ja_JP.res" 1574
"../../../Engine/Content/Internationalization/icudt64l/region/ja_JP.res" 1575
"../../../Engine/Content/Internationalization/icudt64l/region/ja.res" 1576
"../../../Engine/Content/Internationalization/icudt64l/lang/jgo.res" 1577
"../../../Engine/Content/Internationalization/icudt64l/region/jgo.res" 1578
"../../../Engine/Content/Internationalization/icudt64l/lang/jmc.res" 1579
"../../../Engine/Content/Internationalization/icudt64l/region/jmc.res" 1580
"../../../Engine/Content/Internationalization/icudt64l/lang/jv.res" 1581
"../../../Engine/Content/Internationalization/icudt64l/region/jv.res" 1582
"../../../Engine/Content/Internationalization/icudt64l/lang/ka.res" 1583
"../../../Engine/Content/Internationalization/icudt64l/region/ka.res" 1584
"../../../Engine/Content/Internationalization/icudt64l/lang/kab.res" 1585
"../../../Engine/Content/Internationalization/icudt64l/region/kab.res" 1586
"../../../Engine/Content/Internationalization/icudt64l/lang/kam.res" 1587
"../../../Engine/Content/Internationalization/icudt64l/region/kam.res" 1588
"../../../Engine/Content/Internationalization/icudt64l/lang/kde.res" 1589
"../../../Engine/Content/Internationalization/icudt64l/region/kde.res" 1590
"../../../Engine/Content/Internationalization/icudt64l/lang/kea.res" 1591
"../../../Engine/Content/Internationalization/icudt64l/region/kea.res" 1592
"../../../Engine/Content/Internationalization/icudt64l/lang/khq.res" 1593
"../../../Engine/Content/Internationalization/icudt64l/region/khq.res" 1594
"../../../Engine/Content/Internationalization/icudt64l/lang/ki.res" 1595
"../../../Engine/Content/Internationalization/icudt64l/region/ki.res" 1596
"../../../Engine/Content/Internationalization/icudt64l/lang/kk.res" 1597
"../../../Engine/Content/Internationalization/icudt64l/region/kk.res" 1598
"../../../Engine/Content/Internationalization/icudt64l/lang/kkj.res" 1599
"../../../Engine/Content/Internationalization/icudt64l/region/kkj.res" 1600
"../../../Engine/Content/Internationalization/icudt64l/lang/kl.res" 1601
"../../../Engine/Content/Internationalization/icudt64l/region/kl.res" 1602
"../../../Engine/Content/Internationalization/icudt64l/lang/kln.res" 1603
"../../../Engine/Content/Internationalization/icudt64l/region/kln.res" 1604
"../../../Engine/Content/Internationalization/icudt64l/lang/km.res" 1605
"../../../Engine/Content/Internationalization/icudt64l/region/km.res" 1606
"../../../Engine/Content/Internationalization/icudt64l/lang/kn.res" 1607
"../../../Engine/Content/Internationalization/icudt64l/region/kn.res" 1608
"../../../Engine/Content/Internationalization/icudt64l/lang/ko.res" 1609
"../../../Engine/Content/Internationalization/icudt64l/region/ko_KP.res" 1610
"../../../Engine/Content/Internationalization/icudt64l/region/ko.res" 1611
"../../../Engine/Content/Internationalization/icudt64l/lang/kok.res" 1612
"../../../Engine/Content/Internationalization/icudt64l/region/kok.res" 1613
"../../../Engine/Content/Internationalization/icudt64l/lang/ks.res" 1614
"../../../Engine/Content/Internationalization/icudt64l/region/ks.res" 1615
"../../../Engine/Content/Internationalization/icudt64l/lang/ksb.res" 1616
"../../../Engine/Content/Internationalization/icudt64l/region/ksb.res" 1617
"../../../Engine/Content/Internationalization/icudt64l/lang/ksf.res" 1618
"../../../Engine/Content/Internationalization/icudt64l/region/ksf.res" 1619
"../../../Engine/Content/Internationalization/icudt64l/lang/ksh.res" 1620
"../../../Engine/Content/Internationalization/icudt64l/region/ksh.res" 1621
"../../../Engine/Content/Internationalization/icudt64l/lang/ku.res" 1622
"../../../Engine/Content/Internationalization/icudt64l/region/ku.res" 1623
"../../../Engine/Content/Internationalization/icudt64l/lang/kw.res" 1624
"../../../Engine/Content/Internationalization/icudt64l/region/kw.res" 1625
"../../../Engine/Content/Internationalization/icudt64l/lang/ky.res" 1626
"../../../Engine/Content/Internationalization/icudt64l/region/ky.res" 1627
"../../../Engine/Content/Internationalization/icudt64l/lang/lag.res" 1628
"../../../Engine/Content/Internationalization/icudt64l/region/lag.res" 1629
"../../../Engine/Content/Internationalization/icudt64l/lang/lb.res" 1630
"../../../Engine/Content/Internationalization/icudt64l/region/lb.res" 1631
"../../../Engine/Content/Internationalization/icudt64l/lang/lg.res" 1632
"../../../Engine/Content/Internationalization/icudt64l/region/lg.res" 1633
"../../../Engine/Content/Internationalization/icudt64l/lang/lkt.res" 1634
"../../../Engine/Content/Internationalization/icudt64l/region/lkt.res" 1635
"../../../Engine/Content/Internationalization/icudt64l/lang/ln.res" 1636
"../../../Engine/Content/Internationalization/icudt64l/region/ln.res" 1637
"../../../Engine/Content/Internationalization/icudt64l/lang/lo.res" 1638
"../../../Engine/Content/Internationalization/icudt64l/region/lo.res" 1639
"../../../Engine/Content/Internationalization/icudt64l/lang/lrc.res" 1640
"../../../Engine/Content/Internationalization/icudt64l/region/lrc.res" 1641
"../../../Engine/Content/Internationalization/icudt64l/lang/lt.res" 1642
"../../../Engine/Content/Internationalization/icudt64l/region/lt.res" 1643
"../../../Engine/Content/Internationalization/icudt64l/lang/lu.res" 1644
"../../../Engine/Content/Internationalization/icudt64l/region/lu.res" 1645
"../../../Engine/Content/Internationalization/icudt64l/lang/luo.res" 1646
"../../../Engine/Content/Internationalization/icudt64l/region/luo.res" 1647
"../../../Engine/Content/Internationalization/icudt64l/lang/luy.res" 1648
"../../../Engine/Content/Internationalization/icudt64l/region/luy.res" 1649
"../../../Engine/Content/Internationalization/icudt64l/lang/lv.res" 1650
"../../../Engine/Content/Internationalization/icudt64l/region/lv.res" 1651
"../../../Engine/Content/Internationalization/icudt64l/lang/mas.res" 1652
"../../../Engine/Content/Internationalization/icudt64l/region/mas.res" 1653
"../../../Engine/Content/Internationalization/icudt64l/lang/mer.res" 1654
"../../../Engine/Content/Internationalization/icudt64l/region/mer.res" 1655
"../../../Engine/Content/Internationalization/icudt64l/lang/mfe.res" 1656
"../../../Engine/Content/Internationalization/icudt64l/region/mfe.res" 1657
"../../../Engine/Content/Internationalization/icudt64l/lang/mg.res" 1658
"../../../Engine/Content/Internationalization/icudt64l/region/mg.res" 1659
"../../../Engine/Content/Internationalization/icudt64l/lang/mgh.res" 1660
"../../../Engine/Content/Internationalization/icudt64l/region/mgh.res" 1661
"../../../Engine/Content/Internationalization/icudt64l/lang/mgo.res" 1662
"../../../Engine/Content/Internationalization/icudt64l/region/mgo.res" 1663
"../../../Engine/Content/Internationalization/icudt64l/lang/mi.res" 1664
"../../../Engine/Content/Internationalization/icudt64l/region/mi.res" 1665
"../../../Engine/Content/Internationalization/icudt64l/lang/mk.res" 1666
"../../../Engine/Content/Internationalization/icudt64l/region/mk.res" 1667
"../../../Engine/Content/Internationalization/icudt64l/lang/ml.res" 1668
"../../../Engine/Content/Internationalization/icudt64l/region/ml.res" 1669
"../../../Engine/Content/Internationalization/icudt64l/lang/mn.res" 1670
"../../../Engine/Content/Internationalization/icudt64l/region/mn.res" 1671
"../../../Engine/Content/Internationalization/icudt64l/lang/mr.res" 1672
"../../../Engine/Content/Internationalization/icudt64l/region/mr.res" 1673
"../../../Engine/Content/Internationalization/icudt64l/lang/ms.res" 1674
"../../../Engine/Content/Internationalization/icudt64l/region/ms.res" 1675
"../../../Engine/Content/Internationalization/icudt64l/lang/mt.res" 1676
"../../../Engine/Content/Internationalization/icudt64l/region/mt.res" 1677
"../../../Engine/Content/Internationalization/icudt64l/lang/mua.res" 1678
"../../../Engine/Content/Internationalization/icudt64l/region/mua.res" 1679
"../../../Engine/Content/Internationalization/icudt64l/lang/my.res" 1680
"../../../Engine/Content/Internationalization/icudt64l/region/my.res" 1681
"../../../Engine/Content/Internationalization/icudt64l/lang/mzn.res" 1682
"../../../Engine/Content/Internationalization/icudt64l/region/mzn.res" 1683
"../../../Engine/Content/Internationalization/icudt64l/lang/naq.res" 1684
"../../../Engine/Content/Internationalization/icudt64l/region/naq.res" 1685
"../../../Engine/Content/Internationalization/icudt64l/lang/nb.res" 1686
"../../../Engine/Content/Internationalization/icudt64l/lang/nb_NO.res" 1687
"../../../Engine/Content/Internationalization/icudt64l/region/nb_NO.res" 1688
"../../../Engine/Content/Internationalization/icudt64l/region/nb.res" 1689
"../../../Engine/Content/Internationalization/icudt64l/lang/nd.res" 1690
"../../../Engine/Content/Internationalization/icudt64l/region/nd.res" 1691
"../../../Engine/Content/Internationalization/icudt64l/lang/nds.res" 1692
"../../../Engine/Content/Internationalization/icudt64l/region/nds.res" 1693
"../../../Engine/Content/Internationalization/icudt64l/lang/ne.res" 1694
"../../../Engine/Content/Internationalization/icudt64l/region/ne.res" 1695
"../../../Engine/Content/Internationalization/icudt64l/lang/nl.res" 1696
"../../../Engine/Content/Internationalization/icudt64l/region/nl.res" 1697
"../../../Engine/Content/Internationalization/icudt64l/lang/nmg.res" 1698
"../../../Engine/Content/Internationalization/icudt64l/region/nmg.res" 1699
"../../../Engine/Content/Internationalization/icudt64l/lang/nn.res" 1700
"../../../Engine/Content/Internationalization/icudt64l/lang/nn_NO.res" 1701
"../../../Engine/Content/Internationalization/icudt64l/region/nn_NO.res" 1702
"../../../Engine/Content/Internationalization/icudt64l/region/nn.res" 1703
"../../../Engine/Content/Internationalization/icudt64l/lang/nnh.res" 1704
"../../../Engine/Content/Internationalization/icudt64l/region/nnh.res" 1705
"../../../Engine/Content/Internationalization/icudt64l/lang/nus.res" 1706
"../../../Engine/Content/Internationalization/icudt64l/region/nus.res" 1707
"../../../Engine/Content/Internationalization/icudt64l/lang/nyn.res" 1708
"../../../Engine/Content/Internationalization/icudt64l/region/nyn.res" 1709
"../../../Engine/Content/Internationalization/icudt64l/lang/om.res" 1710
"../../../Engine/Content/Internationalization/icudt64l/region/om.res" 1711
"../../../Engine/Content/Internationalization/icudt64l/lang/or.res" 1712
"../../../Engine/Content/Internationalization/icudt64l/region/or.res" 1713
"../../../Engine/Content/Internationalization/icudt64l/lang/os.res" 1714
"../../../Engine/Content/Internationalization/icudt64l/region/os.res" 1715
"../../../Engine/Content/Internationalization/icudt64l/lang/pa.res" 1716
"../../../Engine/Content/Internationalization/icudt64l/lang/pa_Arab.res" 1717
"../../../Engine/Content/Internationalization/icudt64l/lang/pa_PK.res" 1718
"../../../Engine/Content/Internationalization/icudt64l/lang/pa_Arab_PK.res" 1719
"../../../Engine/Content/Internationalization/icudt64l/region/pa_PK.res" 1720
"../../../Engine/Content/Internationalization/icudt64l/region/pa_Arab_PK.res" 1721
"../../../Engine/Content/Internationalization/icudt64l/region/pa_Arab.res" 1722
"../../../Engine/Content/Internationalization/icudt64l/lang/pa_Guru.res" 1723
"../../../Engine/Content/Internationalization/icudt64l/lang/pa_IN.res" 1724
"../../../Engine/Content/Internationalization/icudt64l/lang/pa_Guru_IN.res" 1725
"../../../Engine/Content/Internationalization/icudt64l/region/pa_IN.res" 1726
"../../../Engine/Content/Internationalization/icudt64l/region/pa_Guru_IN.res" 1727
"../../../Engine/Content/Internationalization/icudt64l/region/pa_Guru.res" 1728
"../../../Engine/Content/Internationalization/icudt64l/region/pa.res" 1729
"../../../Engine/Content/Internationalization/icudt64l/lang/pl.res" 1730
"../../../Engine/Content/Internationalization/icudt64l/region/pl.res" 1731
"../../../Engine/Content/Internationalization/icudt64l/lang/ps.res" 1732
"../../../Engine/Content/Internationalization/icudt64l/region/ps.res" 1733
"../../../Engine/Content/Internationalization/icudt64l/lang/ps_PK.res" 1734
"../../../Engine/Content/Internationalization/icudt64l/region/ps_PK.res" 1735
"../../../Engine/Content/Internationalization/icudt64l/lang/pt.res" 1736
"../../../Engine/Content/Internationalization/icudt64l/lang/pt_AO.res" 1737
"../../../Engine/Content/Internationalization/icudt64l/lang/pt_PT.res" 1738
"../../../Engine/Content/Internationalization/icudt64l/region/pt_AO.res" 1739
"../../../Engine/Content/Internationalization/icudt64l/region/pt_PT.res" 1740
"../../../Engine/Content/Internationalization/icudt64l/region/pt.res" 1741
"../../../Engine/Content/Internationalization/icudt64l/lang/pt_CH.res" 1742
"../../../Engine/Content/Internationalization/icudt64l/region/pt_CH.res" 1743
"../../../Engine/Content/Internationalization/icudt64l/lang/pt_CV.res" 1744
"../../../Engine/Content/Internationalization/icudt64l/region/pt_CV.res" 1745
"../../../Engine/Content/Internationalization/icudt64l/lang/pt_GQ.res" 1746
"../../../Engine/Content/Internationalization/icudt64l/region/pt_GQ.res" 1747
"../../../Engine/Content/Internationalization/icudt64l/lang/pt_GW.res" 1748
"../../../Engine/Content/Internationalization/icudt64l/region/pt_GW.res" 1749
"../../../Engine/Content/Internationalization/icudt64l/lang/pt_LU.res" 1750
"../../../Engine/Content/Internationalization/icudt64l/region/pt_LU.res" 1751
"../../../Engine/Content/Internationalization/icudt64l/lang/pt_MO.res" 1752
"../../../Engine/Content/Internationalization/icudt64l/region/pt_MO.res" 1753
"../../../Engine/Content/Internationalization/icudt64l/lang/pt_MZ.res" 1754
"../../../Engine/Content/Internationalization/icudt64l/region/pt_MZ.res" 1755
"../../../Engine/Content/Internationalization/icudt64l/lang/pt_ST.res" 1756
"../../../Engine/Content/Internationalization/icudt64l/region/pt_ST.res" 1757
"../../../Engine/Content/Internationalization/icudt64l/lang/pt_TL.res" 1758
"../../../Engine/Content/Internationalization/icudt64l/region/pt_TL.res" 1759
"../../../Engine/Content/Internationalization/icudt64l/lang/qu.res" 1760
"../../../Engine/Content/Internationalization/icudt64l/region/qu.res" 1761
"../../../Engine/Content/Internationalization/icudt64l/lang/rm.res" 1762
"../../../Engine/Content/Internationalization/icudt64l/region/rm.res" 1763
"../../../Engine/Content/Internationalization/icudt64l/lang/rn.res" 1764
"../../../Engine/Content/Internationalization/icudt64l/region/rn.res" 1765
"../../../Engine/Content/Internationalization/icudt64l/lang/ro.res" 1766
"../../../Engine/Content/Internationalization/icudt64l/lang/ro_MD.res" 1767
"../../../Engine/Content/Internationalization/icudt64l/region/ro_MD.res" 1768
"../../../Engine/Content/Internationalization/icudt64l/region/ro.res" 1769
"../../../Engine/Content/Internationalization/icudt64l/lang/rof.res" 1770
"../../../Engine/Content/Internationalization/icudt64l/region/rof.res" 1771
"../../../Engine/Content/Internationalization/icudt64l/lang/ru.res" 1772
"../../../Engine/Content/Internationalization/icudt64l/region/ru.res" 1773
"../../../Engine/Content/Internationalization/icudt64l/region/ru_UA.res" 1774
"../../../Engine/Content/Internationalization/icudt64l/lang/rw.res" 1775
"../../../Engine/Content/Internationalization/icudt64l/region/rw.res" 1776
"../../../Engine/Content/Internationalization/icudt64l/lang/rwk.res" 1777
"../../../Engine/Content/Internationalization/icudt64l/region/rwk.res" 1778
"../../../Engine/Content/Internationalization/icudt64l/lang/sah.res" 1779
"../../../Engine/Content/Internationalization/icudt64l/region/sah.res" 1780
"../../../Engine/Content/Internationalization/icudt64l/lang/saq.res" 1781
"../../../Engine/Content/Internationalization/icudt64l/region/saq.res" 1782
"../../../Engine/Content/Internationalization/icudt64l/lang/sbp.res" 1783
"../../../Engine/Content/Internationalization/icudt64l/region/sbp.res" 1784
"../../../Engine/Content/Internationalization/icudt64l/lang/sd.res" 1785
"../../../Engine/Content/Internationalization/icudt64l/region/sd.res" 1786
"../../../Engine/Content/Internationalization/icudt64l/lang/se.res" 1787
"../../../Engine/Content/Internationalization/icudt64l/lang/se_FI.res" 1788
"../../../Engine/Content/Internationalization/icudt64l/region/se_FI.res" 1789
"../../../Engine/Content/Internationalization/icudt64l/region/se.res" 1790
"../../../Engine/Content/Internationalization/icudt64l/lang/seh.res" 1791
"../../../Engine/Content/Internationalization/icudt64l/region/seh.res" 1792
"../../../Engine/Content/Internationalization/icudt64l/lang/ses.res" 1793
"../../../Engine/Content/Internationalization/icudt64l/region/ses.res" 1794
"../../../Engine/Content/Internationalization/icudt64l/lang/sg.res" 1795
"../../../Engine/Content/Internationalization/icudt64l/region/sg.res" 1796
"../../../Engine/Content/Internationalization/icudt64l/lang/shi.res" 1797
"../../../Engine/Content/Internationalization/icudt64l/lang/shi_Latn.res" 1798
"../../../Engine/Content/Internationalization/icudt64l/lang/shi_MA.res" 1799
"../../../Engine/Content/Internationalization/icudt64l/lang/shi_Tfng_MA.res" 1800
"../../../Engine/Content/Internationalization/icudt64l/lang/shi_Tfng.res" 1801
"../../../Engine/Content/Internationalization/icudt64l/region/shi_MA.res" 1802
"../../../Engine/Content/Internationalization/icudt64l/region/shi_Tfng_MA.res" 1803
"../../../Engine/Content/Internationalization/icudt64l/region/shi_Tfng.res" 1804
"../../../Engine/Content/Internationalization/icudt64l/region/shi.res" 1805
"../../../Engine/Content/Internationalization/icudt64l/region/shi_Latn.res" 1806
"../../../Engine/Content/Internationalization/icudt64l/lang/si.res" 1807
"../../../Engine/Content/Internationalization/icudt64l/region/si.res" 1808
"../../../Engine/Content/Internationalization/icudt64l/lang/sk.res" 1809
"../../../Engine/Content/Internationalization/icudt64l/region/sk.res" 1810
"../../../Engine/Content/Internationalization/icudt64l/lang/sl.res" 1811
"../../../Engine/Content/Internationalization/icudt64l/region/sl.res" 1812
"../../../Engine/Content/Internationalization/icudt64l/lang/smn.res" 1813
"../../../Engine/Content/Internationalization/icudt64l/region/smn.res" 1814
"../../../Engine/Content/Internationalization/icudt64l/lang/sn.res" 1815
"../../../Engine/Content/Internationalization/icudt64l/region/sn.res" 1816
"../../../Engine/Content/Internationalization/icudt64l/lang/so.res" 1817
"../../../Engine/Content/Internationalization/icudt64l/region/so.res" 1818
"../../../Engine/Content/Internationalization/icudt64l/lang/sq.res" 1819
"../../../Engine/Content/Internationalization/icudt64l/region/sq.res" 1820
"../../../Engine/Content/Internationalization/icudt64l/lang/sr.res" 1821
"../../../Engine/Content/Internationalization/icudt64l/lang/sr_Cyrl.res" 1822
"../../../Engine/Content/Internationalization/icudt64l/lang/sr_BA.res" 1823
"../../../Engine/Content/Internationalization/icudt64l/lang/sr_Cyrl_BA.res" 1824
"../../../Engine/Content/Internationalization/icudt64l/region/sr_BA.res" 1825
"../../../Engine/Content/Internationalization/icudt64l/region/sr_Cyrl_BA.res" 1826
"../../../Engine/Content/Internationalization/icudt64l/region/sr_Cyrl.res" 1827
"../../../Engine/Content/Internationalization/icudt64l/region/sr.res" 1828
"../../../Engine/Content/Internationalization/icudt64l/lang/sr_ME.res" 1829
"../../../Engine/Content/Internationalization/icudt64l/lang/sr_Latn_ME.res" 1830
"../../../Engine/Content/Internationalization/icudt64l/lang/sr_Latn.res" 1831
"../../../Engine/Content/Internationalization/icudt64l/region/sr_ME.res" 1832
"../../../Engine/Content/Internationalization/icudt64l/region/sr_Latn_ME.res" 1833
"../../../Engine/Content/Internationalization/icudt64l/region/sr_Latn.res" 1834
"../../../Engine/Content/Internationalization/icudt64l/lang/sr_Cyrl_ME.res" 1835
"../../../Engine/Content/Internationalization/icudt64l/region/sr_Cyrl_ME.res" 1836
"../../../Engine/Content/Internationalization/icudt64l/lang/sr_RS.res" 1837
"../../../Engine/Content/Internationalization/icudt64l/lang/sr_Cyrl_RS.res" 1838
"../../../Engine/Content/Internationalization/icudt64l/region/sr_RS.res" 1839
"../../../Engine/Content/Internationalization/icudt64l/region/sr_Cyrl_RS.res" 1840
"../../../Engine/Content/Internationalization/icudt64l/lang/sr_XK.res" 1841
"../../../Engine/Content/Internationalization/icudt64l/lang/sr_Cyrl_XK.res" 1842
"../../../Engine/Content/Internationalization/icudt64l/region/sr_XK.res" 1843
"../../../Engine/Content/Internationalization/icudt64l/region/sr_Cyrl_XK.res" 1844
"../../../Engine/Content/Internationalization/icudt64l/lang/sr_Latn_BA.res" 1845
"../../../Engine/Content/Internationalization/icudt64l/region/sr_Latn_BA.res" 1846
"../../../Engine/Content/Internationalization/icudt64l/lang/sr_Latn_RS.res" 1847
"../../../Engine/Content/Internationalization/icudt64l/region/sr_Latn_RS.res" 1848
"../../../Engine/Content/Internationalization/icudt64l/lang/sr_Latn_XK.res" 1849
"../../../Engine/Content/Internationalization/icudt64l/region/sr_Latn_XK.res" 1850
"../../../Engine/Content/Internationalization/icudt64l/lang/sv.res" 1851
"../../../Engine/Content/Internationalization/icudt64l/region/sv.res" 1852
"../../../Engine/Content/Internationalization/icudt64l/lang/sv_FI.res" 1853
"../../../Engine/Content/Internationalization/icudt64l/lang/sw.res" 1854
"../../../Engine/Content/Internationalization/icudt64l/lang/sw_CD.res" 1855
"../../../Engine/Content/Internationalization/icudt64l/region/sw_CD.res" 1856
"../../../Engine/Content/Internationalization/icudt64l/region/sw.res" 1857
"../../../Engine/Content/Internationalization/icudt64l/lang/sw_KE.res" 1858
"../../../Engine/Content/Internationalization/icudt64l/region/sw_KE.res" 1859
"../../../Engine/Content/Internationalization/icudt64l/lang/ta.res" 1860
"../../../Engine/Content/Internationalization/icudt64l/region/ta.res" 1861
"../../../Engine/Content/Internationalization/icudt64l/lang/te.res" 1862
"../../../Engine/Content/Internationalization/icudt64l/region/te.res" 1863
"../../../Engine/Content/Internationalization/icudt64l/lang/teo.res" 1864
"../../../Engine/Content/Internationalization/icudt64l/region/teo.res" 1865
"../../../Engine/Content/Internationalization/icudt64l/lang/tg.res" 1866
"../../../Engine/Content/Internationalization/icudt64l/region/tg.res" 1867
"../../../Engine/Content/Internationalization/icudt64l/lang/th.res" 1868
"../../../Engine/Content/Internationalization/icudt64l/lang/th_TH.res" 1869
"../../../Engine/Content/Internationalization/icudt64l/region/th_TH.res" 1870
"../../../Engine/Content/Internationalization/icudt64l/region/th.res" 1871
"../../../Engine/Content/Internationalization/icudt64l/lang/ti.res" 1872
"../../../Engine/Content/Internationalization/icudt64l/region/ti.res" 1873
"../../../Engine/Content/Internationalization/icudt64l/lang/tk.res" 1874
"../../../Engine/Content/Internationalization/icudt64l/region/tk.res" 1875
"../../../Engine/Content/Internationalization/icudt64l/lang/to.res" 1876
"../../../Engine/Content/Internationalization/icudt64l/region/to.res" 1877
"../../../Engine/Content/Internationalization/icudt64l/lang/tr.res" 1878
"../../../Engine/Content/Internationalization/icudt64l/region/tr.res" 1879
"../../../Engine/Content/Internationalization/icudt64l/lang/tt.res" 1880
"../../../Engine/Content/Internationalization/icudt64l/region/tt.res" 1881
"../../../Engine/Content/Internationalization/icudt64l/lang/twq.res" 1882
"../../../Engine/Content/Internationalization/icudt64l/region/twq.res" 1883
"../../../Engine/Content/Internationalization/icudt64l/lang/tzm.res" 1884
"../../../Engine/Content/Internationalization/icudt64l/region/tzm.res" 1885
"../../../Engine/Content/Internationalization/icudt64l/lang/ug.res" 1886
"../../../Engine/Content/Internationalization/icudt64l/region/ug.res" 1887
"../../../Engine/Content/Internationalization/icudt64l/lang/uk.res" 1888
"../../../Engine/Content/Internationalization/icudt64l/region/uk.res" 1889
"../../../Engine/Content/Internationalization/icudt64l/lang/ur.res" 1890
"../../../Engine/Content/Internationalization/icudt64l/lang/ur_IN.res" 1891
"../../../Engine/Content/Internationalization/icudt64l/region/ur_IN.res" 1892
"../../../Engine/Content/Internationalization/icudt64l/region/ur.res" 1893
"../../../Engine/Content/Internationalization/icudt64l/lang/uz.res" 1894
"../../../Engine/Content/Internationalization/icudt64l/lang/uz_Arab.res" 1895
"../../../Engine/Content/Internationalization/icudt64l/lang/uz_AF.res" 1896
"../../../Engine/Content/Internationalization/icudt64l/lang/uz_Arab_AF.res" 1897
"../../../Engine/Content/Internationalization/icudt64l/region/uz_AF.res" 1898
"../../../Engine/Content/Internationalization/icudt64l/region/uz_Arab_AF.res" 1899
"../../../Engine/Content/Internationalization/icudt64l/region/uz_Arab.res" 1900
"../../../Engine/Content/Internationalization/icudt64l/lang/uz_Cyrl.res" 1901
"../../../Engine/Content/Internationalization/icudt64l/lang/uz_UZ.res" 1902
"../../../Engine/Content/Internationalization/icudt64l/lang/uz_Latn_UZ.res" 1903
"../../../Engine/Content/Internationalization/icudt64l/lang/uz_Latn.res" 1904
"../../../Engine/Content/Internationalization/icudt64l/region/uz_UZ.res" 1905
"../../../Engine/Content/Internationalization/icudt64l/region/uz_Latn_UZ.res" 1906
"../../../Engine/Content/Internationalization/icudt64l/region/uz_Latn.res" 1907
"../../../Engine/Content/Internationalization/icudt64l/region/uz.res" 1908
"../../../Engine/Content/Internationalization/icudt64l/region/uz_Cyrl.res" 1909
"../../../Engine/Content/Internationalization/icudt64l/lang/vai.res" 1910
"../../../Engine/Content/Internationalization/icudt64l/lang/vai_Latn.res" 1911
"../../../Engine/Content/Internationalization/icudt64l/lang/vai_LR.res" 1912
"../../../Engine/Content/Internationalization/icudt64l/lang/vai_Vaii_LR.res" 1913
"../../../Engine/Content/Internationalization/icudt64l/lang/vai_Vaii.res" 1914
"../../../Engine/Content/Internationalization/icudt64l/region/vai_LR.res" 1915
"../../../Engine/Content/Internationalization/icudt64l/region/vai_Vaii_LR.res" 1916
"../../../Engine/Content/Internationalization/icudt64l/region/vai_Vaii.res" 1917
"../../../Engine/Content/Internationalization/icudt64l/region/vai.res" 1918
"../../../Engine/Content/Internationalization/icudt64l/region/vai_Latn.res" 1919
"../../../Engine/Content/Internationalization/icudt64l/lang/vi.res" 1920
"../../../Engine/Content/Internationalization/icudt64l/region/vi.res" 1921
"../../../Engine/Content/Internationalization/icudt64l/lang/vun.res" 1922
"../../../Engine/Content/Internationalization/icudt64l/region/vun.res" 1923
"../../../Engine/Content/Internationalization/icudt64l/lang/wae.res" 1924
"../../../Engine/Content/Internationalization/icudt64l/region/wae.res" 1925
"../../../Engine/Content/Internationalization/icudt64l/lang/wo.res" 1926
"../../../Engine/Content/Internationalization/icudt64l/region/wo.res" 1927
"../../../Engine/Content/Internationalization/icudt64l/lang/xh.res" 1928
"../../../Engine/Content/Internationalization/icudt64l/region/xh.res" 1929
"../../../Engine/Content/Internationalization/icudt64l/lang/xog.res" 1930
"../../../Engine/Content/Internationalization/icudt64l/region/xog.res" 1931
"../../../Engine/Content/Internationalization/icudt64l/lang/yav.res" 1932
"../../../Engine/Content/Internationalization/icudt64l/region/yav.res" 1933
"../../../Engine/Content/Internationalization/icudt64l/lang/yi.res" 1934
"../../../Engine/Content/Internationalization/icudt64l/region/yi.res" 1935
"../../../Engine/Content/Internationalization/icudt64l/lang/yo.res" 1936
"../../../Engine/Content/Internationalization/icudt64l/lang/yo_BJ.res" 1937
"../../../Engine/Content/Internationalization/icudt64l/region/yo_BJ.res" 1938
"../../../Engine/Content/Internationalization/icudt64l/region/yo.res" 1939
"../../../Engine/Content/Internationalization/icudt64l/lang/yue.res" 1940
"../../../Engine/Content/Internationalization/icudt64l/lang/yue_Hans.res" 1941
"../../../Engine/Content/Internationalization/icudt64l/lang/yue_CN.res" 1942
"../../../Engine/Content/Internationalization/icudt64l/lang/yue_Hans_CN.res" 1943
"../../../Engine/Content/Internationalization/icudt64l/region/yue_CN.res" 1944
"../../../Engine/Content/Internationalization/icudt64l/region/yue_Hans_CN.res" 1945
"../../../Engine/Content/Internationalization/icudt64l/region/yue_Hans.res" 1946
"../../../Engine/Content/Internationalization/icudt64l/lang/yue_Hant.res" 1947
"../../../Engine/Content/Internationalization/icudt64l/lang/yue_HK.res" 1948
"../../../Engine/Content/Internationalization/icudt64l/lang/yue_Hant_HK.res" 1949
"../../../Engine/Content/Internationalization/icudt64l/region/yue_HK.res" 1950
"../../../Engine/Content/Internationalization/icudt64l/region/yue_Hant_HK.res" 1951
"../../../Engine/Content/Internationalization/icudt64l/region/yue_Hant.res" 1952
"../../../Engine/Content/Internationalization/icudt64l/region/yue.res" 1953
"../../../Engine/Content/Internationalization/icudt64l/lang/zgh.res" 1954
"../../../Engine/Content/Internationalization/icudt64l/region/zgh.res" 1955
"../../../Engine/Content/Internationalization/icudt64l/lang/zh.res" 1956
"../../../Engine/Content/Internationalization/icudt64l/lang/zh_Hans.res" 1957
"../../../Engine/Content/Internationalization/icudt64l/lang/zh_CN.res" 1958
"../../../Engine/Content/Internationalization/icudt64l/lang/zh_Hans_CN.res" 1959
"../../../Engine/Content/Internationalization/icudt64l/region/zh_CN.res" 1960
"../../../Engine/Content/Internationalization/icudt64l/region/zh_Hans_CN.res" 1961
"../../../Engine/Content/Internationalization/icudt64l/region/zh_Hans.res" 1962
"../../../Engine/Content/Internationalization/icudt64l/region/zh.res" 1963
"../../../Engine/Content/Internationalization/icudt64l/lang/zh_HK.res" 1964
"../../../Engine/Content/Internationalization/icudt64l/lang/zh_Hant_HK.res" 1965
"../../../Engine/Content/Internationalization/icudt64l/lang/zh_Hant.res" 1966
"../../../Engine/Content/Internationalization/icudt64l/region/zh_HK.res" 1967
"../../../Engine/Content/Internationalization/icudt64l/region/zh_Hant_HK.res" 1968
"../../../Engine/Content/Internationalization/icudt64l/region/zh_Hant.res" 1969
"../../../Engine/Content/Internationalization/icudt64l/lang/zh_MO.res" 1970
"../../../Engine/Content/Internationalization/icudt64l/lang/zh_Hant_MO.res" 1971
"../../../Engine/Content/Internationalization/icudt64l/region/zh_MO.res" 1972
"../../../Engine/Content/Internationalization/icudt64l/region/zh_Hant_MO.res" 1973
"../../../Engine/Content/Internationalization/icudt64l/lang/zh_SG.res" 1974
"../../../Engine/Content/Internationalization/icudt64l/lang/zh_Hans_SG.res" 1975
"../../../Engine/Content/Internationalization/icudt64l/region/zh_SG.res" 1976
"../../../Engine/Content/Internationalization/icudt64l/region/zh_Hans_SG.res" 1977
"../../../Engine/Content/Internationalization/icudt64l/lang/zh_TW.res" 1978
"../../../Engine/Content/Internationalization/icudt64l/lang/zh_Hant_TW.res" 1979
"../../../Engine/Content/Internationalization/icudt64l/region/zh_TW.res" 1980
"../../../Engine/Content/Internationalization/icudt64l/region/zh_Hant_TW.res" 1981
"../../../Engine/Content/Internationalization/icudt64l/lang/zu.res" 1982
"../../../Engine/Content/Internationalization/icudt64l/region/zu.res" 1983
"../../../Engine/Content/Internationalization/icudt64l/lang/no.res" 1984
"../../../Engine/Content/Internationalization/icudt64l/lang/tl.res" 1985
"../../../Engine/Config/Android/DataDrivenPlatformInfo.ini" 1986
"../../../Engine/Config/IOS/DataDrivenPlatformInfo.ini" 1987
"../../../Engine/Config/Linux/DataDrivenPlatformInfo.ini" 1988
"../../../Engine/Config/Mac/DataDrivenPlatformInfo.ini" 1989
"../../../Engine/Config/TVOS/DataDrivenPlatformInfo.ini" 1990
"../../../Engine/Config/Unix/DataDrivenPlatformInfo.ini" 1991
"../../../Engine/Config/VulkanPC/DataDrivenPlatformInfo.ini" 1992
"../../../Engine/Config/Windows/DataDrivenPlatformInfo.ini" 1993
"../../../Engine/Platforms/VisionOS/Config/DataDrivenPlatformInfo.ini" 1994
"../../../Engine/Content/Renderer/TessellationTable.bin" 1995
"../../../Engine/DerivedDataCache/Compressed.ddp" 1996
"C:/Users/Braun/AppData/Local/UnrealEngine/5.7/Saved/Zen/zen.version" 1997
"C:/Users/Braun/AppData/Local/UnrealEngine/Common/Zen/Install/zen.version" 1998
"C:/Users/Braun/AppData/Local/UnrealEngine/Common/DerivedDataCache/TestData/0/TestData_4kb.dat" 1999
"C:/Users/Braun/AppData/Local/UnrealEngine/Common/DerivedDataCache/TestData/1/TestData_4kb.dat" 2000
"C:/Users/Braun/AppData/Local/UnrealEngine/Common/DerivedDataCache/TestData/0/TestData_8kb.dat" 2001
"C:/Users/Braun/AppData/Local/UnrealEngine/Common/DerivedDataCache/TestData/1/TestData_8kb.dat" 2002
"C:/Users/Braun/AppData/Local/UnrealEngine/Common/DerivedDataCache/TestData/0/TestData_16kb.dat" 2003
"C:/Users/Braun/AppData/Local/UnrealEngine/Common/DerivedDataCache/TestData/1/TestData_16kb.dat" 2004
"C:/Users/Braun/AppData/Local/UnrealEngine/Common/DerivedDataCache/TestData/0/TestData_64kb.dat" 2005
"C:/Users/Braun/AppData/Local/UnrealEngine/Common/DerivedDataCache/TestData/1/TestData_64kb.dat" 2006
"C:/Users/Braun/AppData/Local/UnrealEngine/Common/DerivedDataCache/TestData/0/TestData_128kb.dat" 2007
"C:/Users/Braun/AppData/Local/UnrealEngine/Common/DerivedDataCache/TestData/1/TestData_128kb.dat" 2008
"C:/Users/Braun/AppData/Local/UnrealEngine/Common/DerivedDataCache/TestData/0/TestData_256kb.dat" 2009
"C:/Users/Braun/AppData/Local/UnrealEngine/Common/DerivedDataCache/TestData/1/TestData_256kb.dat" 2010
"C:/Users/Braun/AppData/Roaming/Unreal Engine/UnrealBuildTool/BuildConfiguration.xml" 2011
"../../../../../../Users/Braun/repos/ShatteredArcana/Intermediate/ShaderAutogen/PCD3D_SM6/AutogenShaderHeaders.ush" 2012
"../../../Engine/Shaders/Private/HairStrands/HairStrandsVertexFactory.ush" 2013
"../../../Engine/Shaders/Private/VertexFactoryCommon.ush" 2014
"../../../Engine/Shaders/Private/Common.ush" 2015
"../../../Engine/Shaders/Public/Platform.ush" 2016
"../../../Engine/Shaders/Public/FP16Math.ush" 2017
"../../../Engine/Shaders/Public/Platform/D3D/D3DCommon.ush" 2018
"../../../Engine/Shaders/Shared/HLSLReservedSpaces.h" 2019
"../../../Engine/Shaders/Public/BindlessResources.ush" 2020
"../../../Engine/Shaders/Public/Platform/D3D/PlatformBindlessResources.ush" 2021
"../../../Engine/Shaders/Shared/RayTracingBuiltInResources.h" 2022
"../../../Engine/Shaders/Shared/RayTracingDefinitions.h" 2023
"../../../Engine/Shaders/Shared/MaterialCacheDefinitions.h" 2024
"../../../Engine/Shaders/Shared/HLSLTypeAliases.h" 2025
"../../../Engine/Shaders/Public/IndirectVirtualTexture.ush" 2026
"../../../Engine/Shaders/Shared/IndirectVirtualTextureDefinitions.h" 2027
"../../../Engine/Shaders/Public/OverloadMacros.ush" 2028
"../../../Engine/Shaders/Public/ShaderVersion.ush" 2029
"../../../Engine/Shaders/Shared/ThirdParty/NVIDIA/nvHLSLExtns.h" 2030
"../../../Engine/Shaders/Shared/ThirdParty/NVIDIA/nvHLSLExtnsInternal.h" 2031
"../../../Engine/Shaders/Shared/ThirdParty/NVIDIA/nvShaderExtnEnums.h" 2032
"../../../Engine/Shaders/Private/PackUnpack.ush" 2033
"../../../Engine/Shaders/Private/GeneratedUniformBufferTypes.ush" 2034
"../../../Engine/Shaders/Private/Nanite/NanitePackedNaniteView.ush" 2035
"../../../Engine/Shaders/Private/HairStrands/HairStrandsVisibilityCommonStruct.ush" 2036
"../../../Engine/Shaders/Private/HairStrands/HairStrandsVoxelPageCommonStruct.ush" 2037
"../../../Engine/Shaders/Private/HairStrands/HairStrandsDeepShadowCommonStruct.ush" 2038
"../../../Engine/Shaders/Shared/LightSceneData.h" 2039
"../../../Engine/Shaders/Private/LargeWorldCoordinates.ush" 2040
"../../../Engine/Shaders/Private/DoubleFloat.ush" 2041
"../../../Engine/Shaders/Private/RandomPCG.ush" 2042
"../../../Engine/Shaders/Private/DoubleFloatOperations.ush" 2043
"../../../Engine/Shaders/Private/DoubleFloatVectorDefinition.ush" 2044
"../../../Engine/Shaders/Private/LWCOperations.ush" 2045
"../../../Engine/Shaders/Shared/LightViewData.h" 2046
"../../../Engine/Shaders/Shared/RayTracingTypes.h" 2047
"../../../Engine/Shaders/Shared/HLSLStaticAssert.h" 2048
"../../../Engine/Shaders/Private/CommonViewUniformBuffer.ush" 2049
"../../../Engine/Shaders/Private/InstancedStereo.ush" 2050
"../../../Engine/Shaders/Private/Definitions.usf" 2051
"../../../Engine/Shaders/Private/AssertionMacros.ush" 2052
"../../../Engine/Shaders/Private/FastMath.ush" 2053
"../../../Engine/Shaders/Private/FastMathThirdParty.ush" 2054
"../../../Engine/Shaders/Private/Random.ush" 2055
"../../../Engine/Shaders/Private/RandomInterleavedGradientNoise.ush" 2056
"../../../Engine/Shaders/Private/SceneData.ush" 2057
"../../../Engine/Shaders/Private/OctahedralCommon.ush" 2058
"../../../Engine/Shaders/Private/WaveOpUtil.ush" 2059
"../../../Engine/Shaders/Private/ByteBuffer.ush" 2060
"../../../Engine/Shaders/Shared/SceneDefinitions.h" 2061
"../../../Engine/Shaders/Private/SceneDataMobileLoader.ush" 2062
"../../../Engine/Shaders/Private/LocalVertexFactoryCommon.ush" 2063
"../../../Engine/Shaders/Private/HairStrands/HairStrandsVisibilityCommon.ush" 2064
"../../../Engine/Shaders/Shared/HairStrandsDefinitions.h" 2065
"../../../Engine/Shaders/Private/HairStrands/HairStrandsVertexFactoryCommon.ush" 2066
"../../../Engine/Shaders/Private/HairStrands/HairStrandsPack.ush" 2067
"../../../Engine/Shaders/Private/HairStrands/HairStrandsAttributeCommon.ush" 2068
"../../../Engine/Shaders/Private/HairStrands/HairStrandsAttributeTemplate.ush" 2069
"../../../Engine/Shaders/Private/VertexFactoryDefaultInterface.ush" 2070
"../../../Engine/Shaders/Private/HairStrands/HairCardsVertexFactory.ush" 2071
"../../../Engine/Shaders/Private/HairStrands/HairCardsAttributeCommon.ush" 2072
"../../../Engine/Shaders/Private/RayTracing/RayTracingCommon.ush" 2073
"../../../Engine/Shaders/Private/ShadingCommon.ush" 2074
"../../../Engine/Shaders/Shared/RayTracingPayloadType.h" 2075
"../../../Engine/Shaders/Private/RayTracing/RayTracingRayCone.ush" 2076
"../../../Engine/Shaders/Private/Substrate/Substrate.ush" 2077
"../../../Engine/Shaders/Private/ShadingEnergyConservation.ush" 2078
"../../../Engine/Shaders/Private/ShadingEnergyConservationTemplate.ush" 2079
"../../../Engine/Shaders/Private/BRDF.ush" 2080
"../../../Engine/Shaders/Private/ColorSpace.ush" 2081
"../../../Engine/Shaders/Private/DeferredShadingCommon.ush" 2082
"../../../Engine/Shaders/Private/LightAccumulator.ush" 2083
"../../../Engine/Shaders/Private/SceneTexturesCommon.ush" 2084
"../../../Engine/Shaders/Private/MonteCarlo.ush" 2085
"../../../Engine/Shaders/Private/GBufferHelpers.ush" 2086
"../../../Engine/Shaders/Private/SceneTextureParameters.ush" 2087
"C:/Users/Braun/repos/ShatteredArcana/Intermediate/ShaderAutogen/PCD3D_SM6/AutogenShaderHeaders.ush" 2088
"../../../Engine/Shaders/Private/ParticipatingMediaCommon.ush" 2089
"../../../Engine/Shaders/Private/ThinFilmBSDF.ush" 2090
"../../../Engine/Shaders/Private/MortonCode.ush" 2091
"../../../Engine/Shaders/Private/SubsurfaceProfileCommon.ush" 2092
"../../../Engine/Shaders/Private/BurleyNormalizedSSSCommon.ush" 2093
"../../../Engine/Shaders/Private/GammaCorrectionCommon.ush" 2094
"../../../Engine/Shaders/Shared/SubstrateDefinitions.h" 2095
"../../../Engine/Shaders/Private/Substrate/SubstrateStatisticalOperators.ush" 2096
"../../../Engine/Shaders/Private/Substrate/SubstrateSubsurface.ush" 2097
"../../../Engine/Shaders/Private/TransmissionCommon.ush" 2098
"../../../Engine/Shaders/Private/Substrate/SubstrateExportCommon.ush" 2099
"../../../Engine/Shaders/Private/SpecularProfileCommon.ush" 2100
"../../../Engine/Shaders/Private/RayTracing/RayTracingCommonMetal.ush" 2101
"../../../Engine/Shaders/Private/PositionReconstructionCommon.ush" 2102
"../../../Engine/Shaders/Private/RayTracing/TraceRayInline.ush" 2103
"../../../Engine/Shaders/Private/RayTracing/TraceRayInlineCommon.ush" 2104
"../../../Engine/Shaders/Private/RayTracing/TraceRayInlineVulkan.ush" 2105
"../../../Engine/Shaders/Private/RayTracing/TraceRayInlineMetal.ush" 2106
"../../../Engine/Shaders/Private/RayTracing/RayTracingHitGroupCommon.ush" 2107
"../../../Engine/Shaders/Private/Nanite/NaniteRayTrace.ush" 2108
"../../../Engine/Shaders/Private/Nanite/NaniteDataDecode.ush" 2109
"../../../Engine/Shaders/Private/BitPacking.ush" 2110
"../../../Engine/Shaders/Private/BitStreamReaderImplementation.ush" 2111
"../../../Engine/Shaders/Private/BoneTransform.ush" 2112
"../../../Engine/Shaders/Private/Quaternion.ush" 2113
"../../../Engine/Shaders/Private/Skinning/SkinningDataDecode.ush" 2114
"../../../Engine/Shaders/Private/GpuSkinCommon.ush" 2115
"../../../Engine/Shaders/Shared/SkinningDefinitions.h" 2116
"../../../Engine/Shaders/Shared/NaniteDefinitions.h" 2117
"../../../Engine/Shaders/Private/Nanite/NaniteAttributeDecode.ush" 2118
"../../../Engine/Shaders/Private/Barycentrics.ush" 2119
"../../../Engine/Shaders/Private/DualNumber.ush" 2120
"../../../Engine/Shaders/Shared/ThirdParty/RayTriangleIntersection.h" 2121
"../../../Engine/Shaders/Private/Nanite/NaniteVertexFetch.ush" 2122
"../../../Engine/Shaders/Private/ViewData.ush" 2123
"../../../Engine/Shaders/Shared/ViewDefinitions.h" 2124
"../../../Engine/Shaders/Private/Nanite/NaniteSceneCommon.ush" 2125
"../../../Engine/Shaders/Private/RayTracing/TraceRayInlineD3D12.ush" 2126
"../../../Engine/Plugins/FX/Niagara/Shaders/Private/NiagaraSpriteVertexFactory.ush" 2127
"../../../Engine/Shaders/Private/ParticleVertexFactoryCommon.ush" 2128
"../../../Engine/Plugins/FX/Niagara/Shaders/Private/NiagaraVFCommon.usf" 2129
"../../../Engine/Plugins/FX/Niagara/Shaders/Private/NiagaraVFParticleAccess.usf" 2130
"../../../Engine/Plugins/FX/Niagara/Shaders/Private/NiagaraParticleAccess.ush" 2131
"../../../Engine/Plugins/FX/Niagara/Shaders/Private/NiagaraRibbonVertexFactory.ush" 2132
"../../../Engine/Plugins/FX/Niagara/Shaders/Private/NiagaraMeshVertexFactory.ush" 2133
"../../../Engine/Plugins/FX/Niagara/Shaders/Private/NiagaraCommon.ush" 2134
"../../../Engine/Plugins/FX/Niagara/Shaders/Private/NiagaraMeshParticleUtils.ush" 2135
"../../../Engine/Shaders/Private/VectorFieldVisualizationVertexFactory.ush" 2136
"../../../Engine/Shaders/Private/Nanite/NaniteVertexFactory.ush" 2137
"../../../Engine/Shaders/Private/LightmapData.ush" 2138
"../../../Engine/Shaders/Private/SplineMeshCommon.ush" 2139
"../../../Engine/Shaders/Shared/SplineMeshShaderParams.h" 2140
"../../../Engine/Shaders/Private/ShaderPrint.ush" 2141
"../../../Engine/Shaders/Private/ShaderPrintCommon.ush" 2142
"../../../Engine/Shaders/Private/MiniFontCommon.ush" 2143
"../../../Engine/Shaders/Private/SGGX.ush" 2144
"../../../Engine/Shaders/Private/MaterialCache/MaterialCacheCommon.ush" 2145
"../../../Engine/Shaders/Private/Nanite/NaniteVertexDeformation.ush" 2146
"../../../Engine/Shaders/Private/Matrices.ush" 2147
"../../../Engine/Shaders/Private/ParticleSpriteVertexFactory.ush" 2148
"../../../Engine/Shaders/Private/ParticleGPUSpriteVertexFactory.ush" 2149
"../../../Engine/Shaders/Private/ParticleSimulationCommon.ush" 2150
"../../../Engine/Shaders/Private/ParticleBeamTrailVertexFactory.ush" 2151
"../../../Engine/Shaders/Private/MeshParticleVertexFactory.ush" 2152
"../../../Engine/Shaders/Private/LocalVertexFactory.ush" 2153
"../../../Engine/Shaders/Private/GpuSkinVertexFactory.ush" 2154
"../../../Engine/Shaders/Private/GeometryCollectionVertexFactory.ush" 2155
"../../../Engine/Shaders/Private/GeometryCacheVertexFactory.ush" 2156
"../../../Engine/Shaders/Private/LandscapeVertexFactory.ush" 2157
"../../../Engine/Plugins/NNE/NNEDenoiser/Shaders/NNEDenoiserShadersTransferFunctionOidn.usf" 2158
"../../../Engine/Plugins/NNE/NNEDenoiser/Shaders/NNEDenoiserShadersMappedCopy.usf" 2159
"../../../Engine/Plugins/NNE/NNEDenoiser/Shaders/NNEDenoiserShadersDefaultIOProcess.usf" 2160
"../../../Engine/Plugins/NNE/NNEDenoiser/Shaders/NNEDenoiserShadersAutoExposureReduceFinal.usf" 2161
"../../../Engine/Plugins/NNE/NNEDenoiser/Shaders/NNEDenoiserShadersAutoExposureReduce.usf" 2162
"../../../Engine/Plugins/NNE/NNEDenoiser/Shaders/NNEDenoiserShadersAutoExposureDownsample.usf" 2163
"../../../Engine/Plugins/Experimental/NFORDenoise/Shaders/NFORDenoise.usf" 2164
"../../../Engine/Shaders/Private/ScreenPass.ush" 2165
"../../../Engine/Plugins/Experimental/NFORDenoise/Shaders/NFORRegressionCommon.ush" 2166
"../../../Engine/Plugins/Experimental/NFORDenoise/Shaders/NFORRegression.ush" 2167
"../../../Engine/Plugins/Runtime/ComputeFramework/Shaders/Private/ComputeKernel.usf" 2168
"../../../Engine/Plugins/Runtime/ComputeFramework/Shaders/Private/ComputeKernelCommon.ush" 2169
"../../../Engine/Plugins/Media/WmfMedia/Shaders/Private/MediaHardwareVideoDecoding.usf" 2170
"../../../Engine/Shaders/Private/ColorUtils.ush" 2171
"../../../Engine/Plugins/Media/ImgMedia/Shaders/Private/ExrSwizzler.usf" 2172
"../../../Engine/Plugins/Enterprise/GLTFExporter/Shaders/Private/SimpleTexture2DPS.usf" 2173
"../../../Engine/Shaders/Private/SimpleElementNormalMapPixelShader.usf" 2174
"../../../Engine/Plugins/Runtime/HairStrands/Shaders/Private/NiagaraCopyVelocityGrid.usf" 2175
"../../../Engine/Plugins/Runtime/HairStrands/Shaders/Private/NiagaraClearVelocityGrid.usf" 2176
"../../../Engine/Plugins/Runtime/HairStrands/Shaders/Private/NiagaraClearPressureGrid.usf" 2177
"../../../Engine/Plugins/Runtime/HairStrands/Shaders/Private/NiagaraInterpolateGroomGuides.usf" 2178
"../../../Engine/Plugins/Runtime/HairStrands/Shaders/Private/NiagaraGroomInterpolationUtils.ush" 2179
"../../../Engine/Plugins/FX/Niagara/Shaders/Private/NiagaraQuaternionUtils.ush" 2180
"../../../Engine/Shaders/Private/HairStrands/HairStrandsMesh.usf" 2181
"../../../Engine/Shaders/Private/HairStrands/HairStrandsBindingCommon.ush" 2182
"../../../Engine/Shaders/Private/HairStrands/HairStrandsFollicleMask.usf" 2183
"../../../Engine/Shaders/Private/HairStrands/HairStrandsSkinUpdate.usf" 2184
"../../../Engine/Shaders/Private/HairStrands/HairStrandsClusterCulling.usf" 2185
"../../../Engine/Shaders/Private/ColorMap.ush" 2186
"../../../Engine/Shaders/Private/HairStrands/HairStrandsAABBCommon.ush" 2187
"../../../Engine/Shaders/Private/HairStrands/HairStrandsClusterCommon.ush" 2188
"../../../Engine/Shaders/Private/ThreadGroupPrefixSum.ush" 2189
"../../../Engine/Shaders/Private/HairStrands/HairStrandsRaytracingGeometry.usf" 2190
"../../../Engine/Shaders/Private/HairStrands/HairStrandsTangent.usf" 2191
"../../../Engine/Shaders/Private/HairStrands/HairCardsDeformation.usf" 2192
"../../../Engine/Shaders/Private/HairStrands/HairStrandsInterpolation.usf" 2193
"../../../Engine/Shaders/Private/HairStrands/HairStrandsGuideDeform.usf" 2194
"../../../Engine/Shaders/Private/HairStrands/HairStrandsTexturesGeneration.usf" 2195
"../../../Engine/Shaders/Private/HairStrands/HairCardsTextureCommon.ush" 2196
"../../../Engine/Shaders/Private/HairStrands/HairStrandsTranscode.usf" 2197
"../../../Engine/Shaders/Private/HairStrands/HairStrandsDebug.usf" 2198
"../../../Engine/Shaders/Private/HairShadingCommon.ush" 2199
"../../../Engine/Shaders/Private/PostProcessCommon.ush" 2200
"../../../Engine/Shaders/Private/ShadingModels.ush" 2201
"../../../Engine/Shaders/Private/CapsuleLight.ush" 2202
"../../../Engine/Shaders/Private/RectLight.ush" 2203
"../../../Engine/Shaders/Private/LightData.ush" 2204
"../../../Engine/Shaders/Shared/LightDefinitions.h" 2205
"../../../Engine/Shaders/Private/AreaLightCommon.ush" 2206
"../../../Engine/Shaders/Private/HairBsdf.ush" 2207
"../../../Engine/Shaders/Private/PathTracing/Utilities/PathTracingRandomSequence.ush" 2208
"../../../Engine/Shaders/Private/MobileGGX.ush" 2209
"../../../Engine/Shaders/Private/HairStrands/HairStrandsCommon.ush" 2210
"../../../Engine/Shaders/Private/HairStrands/HairStrandsEnvironmentLightingCommon.ush" 2211
"../../../Engine/Shaders/Private/HairStrands/HairStrandsDeepTransmittanceCommon.ush" 2212
"../../../Engine/Shaders/Private/HairStrands/HairStrandsDeepTransmittanceDualScattering.ush" 2213
"../../../Engine/Shaders/Private/HairStrands/HairStrandsDeepShadowCommon.ush" 2214
"../../../Engine/Shaders/Private/HairStrands/HairStrandsDebugCommonStruct.ush" 2215
"../../../Engine/Plugins/FX/Niagara/Shaders/Private/NiagaraVertexFactoryExport.usf" 2216
"../../../Engine/Shaders/Private/ComputeShaderUtils.ush" 2217
"../../../Engine/Shaders/Private/MaterialTemplate.ush" 2218
"../../../Engine/Shaders/Private/WorldSpaceMath.ush" 2219
"../../../Engine/Shaders/Private/EyeAdaptationCommon.ush" 2220
"../../../Engine/Shaders/Private/SobolRandom.ush" 2221
"../../../Engine/Shaders/Private/DepthOfFieldCommon.ush" 2222
"../../../Engine/Shaders/Private/CircleDOFCommon.ush" 2223
"../../../Engine/Shaders/Private/DistanceField/GlobalDistanceFieldShared.ush" 2224
"../../../Engine/Shaders/Private/PhysicsFieldSampler.ush" 2225
"../../../Engine/Shaders/Private/PhysicsFieldShared.ush" 2226
"../../../Engine/Shaders/Private/SparseVolumeTexture/SparseVolumeTextureCommon.ush" 2227
"../../../Engine/Shaders/Shared/EnvironmentComponentsFlags.h" 2228
"../../../Engine/Shaders/Private/MeshPaintTextureCommon.ush" 2229
"../../../Engine/Shaders/Private/VirtualTextureMaterial.ush" 2230
"../../../Engine/Shaders/Private/MaterialCache/MaterialCacheMaterialCommon.ush" 2231
"../../../Engine/Shaders/Private/Quantization.ush" 2232
"../../../Engine/Shaders/Private/SpeedTreeCommon.ush" 2233
"../../../Engine/Shaders/Private/VirtualTextureCommon.ush" 2234
"../../../Engine/Shaders/Public/IndirectVirtualTextureCommon.ush" 2235
"../../../Engine/Shaders/Private/MaterialTexture.ush" 2236
"../../../Engine/Shaders/Private/MinMaterialTexCoords.ush" 2237
"../../../Engine/Shaders/Private/SkyAtmosphereCommon.ush" 2238
"../../../Engine/Shaders/Private/SingleLayerWaterCommon.ush" 2239
"../../../Engine/Shaders/Private/TextureSampling.ush" 2240
"../../../Engine/Shaders/Private/PaniniProjection.ush" 2241
"../../../Engine/Shaders/Private/DBufferNormalReprojection.ush" 2242
"../../../Engine/Shaders/Public/SubstratePublic.ush" 2243
"../../../Engine/Shaders/Private/Substrate/SubstrateRead.ush" 2244
"../../../Engine/Shaders/Private/Substrate/SubstrateTree.ush" 2245
"../../../Engine/Shaders/Private/Substrate/SubstrateEvaluation.ush" 2246
"../../../Engine/Shaders/Private/Substrate/Glint/GlintThirdParty.ush" 2247
"../../../Engine/Shaders/Private/BlueNoise.ush" 2248
"../../../Engine/Shaders/Private/SHCommon.ush" 2249
"../../../Engine/Shaders/Private/ShadingModelsSampling.ush" 2250
"../../../Engine/Shaders/Private/HairStrands/HairBsdfSample.ush" 2251
"../../../Engine/Shaders/Private/Substrate/SubstrateLegacyConversion.ush" 2252
"../../../Engine/Shaders/Private/DBufferDecalShared.ush" 2253
"../../../Engine/Plugins/FX/Niagara/Shaders/Private/NiagaraSortKeyGen.usf" 2254
"../../../Engine/Plugins/FX/Niagara/Shaders/Private/NiagaraGPURayTracingTransforms.usf" 2255
"../../../Engine/Plugins/FX/Niagara/Shaders/Private/NiagaraDrawIndirectArgsGen.usf" 2256
"../../../Engine/Plugins/FX/Niagara/Shaders/Private/NiagaraDispatchIndirectArgsGen.usf" 2257
"../../../Engine/Plugins/FX/Niagara/Shaders/Private/Stateless/NiagaraStatelessSimulationDefault.usf" 2258
"../../../Engine/Plugins/FX/Niagara/Shaders/Private/Stateless/NiagaraStatelessCommon.ush" 2259
"../../../Engine/Plugins/FX/Niagara/Shaders/Shared/NiagaraStatelessDefinitions.h" 2260
"../../../Engine/Plugins/FX/Niagara/Shaders/Shared/NiagaraStatelessBuiltDistribution.h" 2261
"../../../Engine/Plugins/FX/Niagara/Shaders/Private/Stateless/NiagaraStatelessDistribution.ush" 2262
"../../../Engine/Plugins/FX/Niagara/Shaders/Private/Stateless/Template/GenerateCS_PreModules.ush" 2263
"../../../Engine/Plugins/FX/Niagara/Shaders/Private/Stateless/Modules/NiagaraStatelessModule_CalculateAccurateVelocity.ush" 2264
"../../../Engine/Plugins/FX/Niagara/Shaders/Private/Stateless/Modules/NiagaraStatelessModule_CameraOffset.ush" 2265
"../../../Engine/Plugins/FX/Niagara/Shaders/Private/Stateless/Modules/NiagaraStatelessModule_DynamicMaterialParameters.ush" 2266
"../../../Engine/Plugins/FX/Niagara/Shaders/Private/Stateless/Modules/NiagaraStatelessModule_InitializeParticle.ush" 2267
"../../../Engine/Plugins/FX/Niagara/Shaders/Private/Stateless/Modules/NiagaraStatelessModule_InitialMeshOrientation.ush" 2268
"../../../Engine/Plugins/FX/Niagara/Shaders/Private/Stateless/Modules/NiagaraStatelessModule_MeshIndex.ush" 2269
"../../../Engine/Plugins/FX/Niagara/Shaders/Private/Stateless/Modules/NiagaraStatelessModule_MeshRotationRate.ush" 2270
"../../../Engine/Plugins/FX/Niagara/Shaders/Private/Stateless/Modules/NiagaraStatelessModule_RotateAroundPoint.ush" 2271
"../../../Engine/Plugins/FX/Niagara/Shaders/Private/Stateless/Modules/NiagaraStatelessModule_ShapeLocation.ush" 2272
"../../../Engine/Plugins/FX/Niagara/Shaders/Private/Stateless/Modules/NiagaraStatelessModule_ScaleColor.ush" 2273
"../../../Engine/Plugins/FX/Niagara/Shaders/Private/Stateless/Modules/NiagaraStatelessModule_ScaleRibbonWidth.ush" 2274
"../../../Engine/Plugins/FX/Niagara/Shaders/Private/Stateless/Modules/NiagaraStatelessModule_ScaleSpriteSize.ush" 2275
"../../../Engine/Plugins/FX/Niagara/Shaders/Private/Stateless/Modules/NiagaraStatelessModule_ScaleSpriteSizeBySpeed.ush" 2276
"../../../Engine/Plugins/FX/Niagara/Shaders/Private/Stateless/Modules/NiagaraStatelessModule_ScaleMeshSize.ush" 2277
"../../../Engine/Plugins/FX/Niagara/Shaders/Private/Stateless/Modules/NiagaraStatelessModule_ScaleMeshSizebySpeed.ush" 2278
"../../../Engine/Plugins/FX/Niagara/Shaders/Private/Stateless/Modules/NiagaraStatelessModule_SolveVelocitiesAndForces.ush" 2279
"../../../Engine/Plugins/FX/Niagara/Shaders/Private/Stateless/Modules/NiagaraStatelessModule_SpriteFacingAndAlignment.ush" 2280
"../../../Engine/Plugins/FX/Niagara/Shaders/Private/Stateless/Modules/NiagaraStatelessModule_SpriteRotationRate.ush" 2281
"../../../Engine/Plugins/FX/Niagara/Shaders/Private/Stateless/Modules/NiagaraStatelessModule_SubUVAnimation.ush" 2282
"../../../Engine/Plugins/FX/Niagara/Shaders/Private/Stateless/Template/GenerateCS_PostModules.ush" 2283
"../../../Engine/Plugins/FX/Niagara/Shaders/Private/NiagaraBlendSVTsToDenseBuffer.usf" 2284
"../../../Engine/Plugins/FX/Niagara/Shaders/Private/NiagaraSVTToDenseBuffer.usf" 2285
"../../../Engine/Plugins/FX/Niagara/Shaders/Private/NiagaraFillIntBuffer.usf" 2286
"../../../Engine/Plugins/FX/Niagara/Shaders/Private/NiagaraComputeFreeIDs.usf" 2287
"../../../Engine/Plugins/FX/Niagara/Shaders/Private/NiagaraInitFreeIDBuffer.usf" 2288
"../../../Engine/Plugins/FX/Niagara/Shaders/Private/NiagaraEmitterInstanceShader.usf" 2289
"../../../Engine/Plugins/FX/Niagara/Shaders/Private/NiagaraShaderVersion.ush" 2290
"../../../Engine/Plugins/FX/Niagara/Shaders/Private/NiagaraPhysicsCommon.ush" 2291
"../../../Engine/Plugins/FX/Niagara/Shaders/Private/Ribbons/NiagaraRibbonAggregationApply.usf" 2292
"../../../Engine/Plugins/FX/Niagara/Shaders/Private/Ribbons/NiagaraRibbonCommon.ush" 2293
"../../../Engine/Plugins/FX/Niagara/Shaders/Shared/NiagaraRibbonShared.h" 2294
"../../../Engine/Plugins/FX/Niagara/Shaders/Private/Ribbons/NiagaraRibbonAggregationStep.usf" 2295
"../../../Engine/Plugins/FX/Niagara/Shaders/Private/Ribbons/NiagaraRibbonGenerateIndices.usf" 2296
"../../../Engine/Plugins/FX/Niagara/Shaders/Private/Ribbons/NiagaraRibbonInitializeIndices.usf" 2297
"../../../Engine/Plugins/FX/Niagara/Shaders/Private/Ribbons/NiagaraRibbonRibbonUVParamCalculation.usf" 2298
"../../../Engine/Plugins/FX/Niagara/Shaders/Private/Ribbons/NiagaraRibbonVertexReductionFinalization.usf" 2299
"../../../Engine/Plugins/FX/Niagara/Shaders/Private/Ribbons/NiagaraRibbonVertexReductionInitialization.usf" 2300
"../../../Engine/Plugins/FX/Niagara/Shaders/Private/Ribbons/NiagaraRibbonSortParticles.usf" 2301
"../../../Engine/Plugins/FX/Niagara/Shaders/Private/NiagaraLWCHelper.usf" 2302
"../../../Engine/Plugins/FX/Niagara/Shaders/Private/NiagaraUpdateMeshGPUSceneInstances.usf" 2303
"../../../Engine/Shaders/Private/GPUScene/GPUSceneWriter.ush" 2304
"../../../Engine/Plugins/FX/Niagara/Shaders/Private/NiagaraGenerateMips.usf" 2305
"../../../Engine/Plugins/FX/Niagara/Shaders/Private/NiagaraDebugDraw.usf" 2306
"../../../Engine/Plugins/FX/Niagara/Shaders/Private/NiagaraDebugDraw.ush" 2307
"../../../Engine/Plugins/FX/Niagara/Shaders/Private/NiagaraVisualizeTexture.usf" 2308
"../../../Engine/Plugins/FX/Niagara/Shaders/Private/NiagaraClearCounts.usf" 2309
"../../../Engine/Plugins/FX/Niagara/Shaders/Private/NiagaraBatchedElements.usf" 2310
"../../../Engine/Plugins/FX/Niagara/Shaders/Private/NiagaraRayTracingShaders.usf" 2311
"../../../Engine/Plugins/FX/Niagara/Shaders/Private/NiagaraAsyncGpuTraceCommon.ush" 2312
"../../../Engine/Shaders/Private/HashTable.ush" 2313
"../../../Engine/Shaders/Private/Hash.ush" 2314
"../../../Engine/Shaders/Private/RayTracing/VFXTraceRay.ush" 2315
"../../../Engine/Plugins/FX/Niagara/Shaders/Private/NiagaraRayMarchingShaders.usf" 2316
"../../../Engine/Plugins/FX/Niagara/Shaders/Private/NiagaraRayTraceCollisionGroupShaders.usf" 2317
"../../../Engine/Plugins/FX/Niagara/Shaders/Private/NiagaraAsyncGpuTraceUtils.usf" 2318
"../../../Engine/Plugins/Compositing/CompositeCore/Shaders/Private/CompositeCoreMerge.usf" 2319
"../../../Engine/Shaders/Private/LensDistortion.ush" 2320
"../../../Engine/Plugins/Compositing/CompositeCore/Shaders/Private/CompositeCoreBlending.ush" 2321
"../../../Engine/Plugins/Compositing/CompositeCore/Shaders/Private/CompositeCoreDisplayTransform.usf" 2322
"../../../Engine/Plugins/Compositing/CompositeCore/Shaders/Private/CompositeCoreDilate.usf" 2323
"../../../Engine/Shaders/Private/VirtualTextureAdapter.usf" 2324
"../../../Engine/Shaders/Private/BlockCompressionCommon.ush" 2325
"../../../Engine/Shaders/Private/BCCompressionCommon.ush" 2326
"../../../Engine/Shaders/Private/TranslucentLightingShaders.usf" 2327
"../../../Engine/Shaders/Private/TranslucencyVolumeInjectionCommon.ush" 2328
"../../../Engine/Shaders/Private/CubemapCommon.ush" 2329
"../../../Engine/Shaders/Private/VectorFieldCompositeShaders.usf" 2330
"../../../Engine/Shaders/Private/UpdateTextureShaders.usf" 2331
"../../../Engine/Shaders/Private/StereoLayerShader.usf" 2332
"../../../Engine/Shaders/Private/SparseVolumeTexture/UpdateSparseVolumeTexture.usf" 2333
"../../../Engine/Shaders/Private/MorphTargets.usf" 2334
"../../../Engine/Shaders/Private/SimpleElementColorChannelMaskPixelShader.usf" 2335
"../../../Engine/Shaders/Private/SimpleElementHitProxyPixelShader.usf" 2336
"../../../Engine/Shaders/Private/SimpleElementPixelShader.usf" 2337
"../../../Engine/Shaders/Private/IESLightProfilesCommon.ush" 2338
"../../../Engine/Shaders/Private/SimpleElementVertexShader.usf" 2339
"../../../Engine/Shaders/Private/ScreenPixelShaderOES.usf" 2340
"../../../Engine/Shaders/Private/ScreenVertexShader.usf" 2341
"../../../Engine/Shaders/Private/ScreenPixelShader.usf" 2342
"../../../Engine/Shaders/Private/SSProfilePreIntegratedMobile.usf" 2343
"../../../Engine/Shaders/Private/SpecularProfile.usf" 2344
"../../../Engine/Shaders/Private/Nanite/NaniteStreaming.usf" 2345
"../../../Engine/Shaders/Private/Nanite/NaniteStreaming.ush" 2346
"../../../Engine/Shaders/Private/VolumetricLightmapStreaming.usf" 2347
"../../../Engine/Shaders/Private/PhysicsFieldReset.usf" 2348
"../../../Engine/Shaders/Private/PhysicsFieldBuilder.usf" 2349
"../../../Engine/Shaders/Private/PhysicsFieldEval.ush" 2350
"../../../Engine/Shaders/Private/ParticleSortKeyGen.usf" 2351
"../../../Engine/Shaders/Private/ParticleBoundsShader.usf" 2352
"../../../Engine/Shaders/Private/ParticleSimVisualizeShader.usf" 2353
"../../../Engine/Shaders/Private/ParticleInjectionShader.usf" 2354
"../../../Engine/Shaders/Private/ParticleSimulationShader.usf" 2355
"../../../Engine/Shaders/Private/ParticleCurveInjectionShader.usf" 2356
"../../../Engine/Shaders/Private/Nanite/NaniteTranscode.usf" 2357
"../../../Engine/Shaders/Private/Nanite/NaniteScatterUpdates.usf" 2358
"../../../Engine/Shaders/Private/CopyUIntBuffer.usf" 2359
"../../../Engine/Shaders/Private/RadixSortShaders.usf" 2360
"../../../Engine/Shaders/Private/RecomputeTangentsPerVertexPass.usf" 2361
"../../../Engine/Shaders/Private/RecomputeTangentsCommon.ush" 2362
"../../../Engine/Shaders/Private/RecomputeTangentsPerTrianglePass.usf" 2363
"../../../Engine/Shaders/Private/DynamicMeshBounds.usf" 2364
"../../../Engine/Shaders/Private/GpuSkinCacheComputeShader.usf" 2365
"../../../Engine/Shaders/Private/DynamicMeshBounds.ush" 2366
"../../../Engine/Shaders/Private/HeightFieldAtlasManagement.usf" 2367
"../../../Engine/Shaders/Private/Landscape/LandscapeEditLayersUtils.usf" 2368
"../../../Engine/Shaders/Private/Landscape/LandscapeCommon.ush" 2369
"../../../Engine/Shaders/Private/Landscape/LandscapeEditLayersWeightmaps.usf" 2370
"../../../Engine/Shaders/Private/Landscape/LandscapeEditLayersHeightmaps.usf" 2371
"../../../Engine/Shaders/Private/LandscapeLayersPS.usf" 2372
"../../../Engine/Shaders/Private/LandscapePhysicalMaterial.usf" 2373
"../../../Engine/Shaders/Private/LandscapeGrassWeight.usf" 2374
"../../../Engine/Shaders/Private/Landscape/LandscapeCulling.usf" 2375
"../../../Engine/Shaders/Private/Nanite/NaniteHZBCull.ush" 2376
"../../../Engine/Shaders/Private/HZB.ush" 2377
"../../../Engine/Shaders/Private/Landscape/LandscapeMergeTexturesPS.usf" 2378
"../../../Engine/Shaders/Private/WideCustomResolveShaders.usf" 2379
"../../../Engine/Shaders/Private/WideCustomResolve_Wide.ush" 2380
"../../../Engine/Shaders/Private/WideCustomResolve_Wider.ush" 2381
"../../../Engine/Shaders/Private/WideCustomResolve_Widest.ush" 2382
"../../../Engine/Shaders/Private/WaterInfoTextureBlur.usf" 2383
"../../../Engine/Shaders/Private/WaterInfoTextureMerge.usf" 2384
"../../../Engine/Shaders/Private/PageTableUpdate.usf" 2385
"../../../Engine/Shaders/Private/VirtualTextureCompress.usf" 2386
"../../../Engine/Shaders/Private/ASTCCompressionCommon.ush" 2387
"../../../Engine/Shaders/Private/IntegerSequenceEncoding.ush" 2388
"../../../Engine/Shaders/Private/ETCCompressionCommon.ush" 2389
"../../../Engine/Shaders/Private/VirtualTextureMaterial.usf" 2390
"../../../Engine/Shaders/Private/PixelShaderOutputCommon.ush" 2391
"../../../Engine/Shaders/Private/ShaderOutputCommon.ush" 2392
"../../../Engine/Shaders/Private/VolumetricRenderTarget.usf" 2393
"../../../Engine/Shaders/Private/HeightFogCommon.ush" 2394
"../../../Engine/Shaders/Private/LocalFogVolumes/LocalFogVolumeCommon.ush" 2395
"../../../Engine/Shaders/Private/ReflectionEnvironmentShared.ush" 2396
"../../../Engine/Shaders/Private/VolumetricFogVoxelization.usf" 2397
"../../../Engine/Shaders/Private/VolumetricCloudMaterialPixelCommon.ush" 2398
"../../../Engine/Shaders/Private/VolumetricFogLightFunction.usf" 2399
"../../../Engine/Shaders/Private/LightFunctionCommon.ush" 2400
"../../../Engine/Shaders/Private/VolumetricFog.usf" 2401
"../../../Engine/Shaders/Private/DeferredLightingCommon.ush" 2402
"../../../Engine/Shaders/Private/DynamicLightingCommon.ush" 2403
"../../../Engine/Shaders/Private/CapsuleLightIntegrate.ush" 2404
"../../../Engine/Shaders/Private/CapsuleLightSampling.ush" 2405
"../../../Engine/Shaders/Private/RectLightIntegrate.ush" 2406
"../../../Engine/Shaders/Private/ScreenSpaceShadowRayCast.ush" 2407
"../../../Engine/Shaders/Private/LightFunctionAtlas/LightFunctionAtlasCommon.usf" 2408
"../../../Engine/Shaders/Private/LightGridCommon.ush" 2409
"../../../Engine/Shaders/Private/DistanceFieldAOShared.ush" 2410
"../../../Engine/Shaders/Private/IntersectionUtils.ush" 2411
"../../../Engine/Shaders/Private/VolumeLightingCommon.ush" 2412
"../../../Engine/Shaders/Private/ShadowProjectionCommon.ush" 2413
"../../../Engine/Shaders/Private/ShadowFilteringCommon.ush" 2414
"../../../Engine/Shaders/Private/PixelQuadMessagePassing.ush" 2415
"../../../Engine/Shaders/Private/VolumeLightingCommonSampling.ush" 2416
"../../../Engine/Shaders/Private/VolumetricLightmapShared.ush" 2417
"../../../Engine/Shaders/Private/ForwardShadowingCommon.ush" 2418
"../../../Engine/Shaders/Private/LightDataUniforms.ush" 2419
"../../../Engine/Shaders/Private/Lumen/LumenTranslucencyVolumeShared.ush" 2420
"../../../Engine/Shaders/Private/Lumen/LumenRadianceCacheInterpolation.ush" 2421
"../../../Engine/Shaders/Private/VirtualShadowMaps/VirtualShadowMapProjectionCommon.ush" 2422
"../../../Engine/Shaders/Private/VirtualShadowMaps/VirtualShadowMapPageAccessCommon.ush" 2423
"../../../Engine/Shaders/Shared/VirtualShadowMapDefinitions.h" 2424
"../../../Engine/Shaders/Shared/HLSLMathAliases.h" 2425
"../../../Engine/Shaders/Private/VirtualShadowMaps/VirtualShadowMapHandle.ush" 2426
"../../../Engine/Shaders/Private/VirtualShadowMaps/VirtualShadowMapProjectionStructs.ush" 2427
"../../../Engine/Shaders/Private/DiaphragmDOF/DOFCommon.ush" 2428
"../../../Engine/Shaders/Private/VolumetricCloudCommon.ush" 2429
"../../../Engine/Shaders/Private/VolumetricCloud.usf" 2430
"../../../Engine/Shaders/Private/VisualizeVolumetricLightmap.usf" 2431
"../../../Engine/Shaders/Private/VirtualShadowMaps/VirtualShadowMapProjectionComposite.usf" 2432
"../../../Engine/Shaders/Private/LightShaderParameters.ush" 2433
"../../../Engine/Shaders/Private/VirtualShadowMaps/VirtualShadowMapMaskBitsCommon.ush" 2434
"../../../Engine/Shaders/Private/VirtualShadowMaps/VirtualShadowMapLightGrid.ush" 2435
"../../../Engine/Shaders/Private/VirtualShadowMaps/VirtualShadowMapProjection.usf" 2436
"../../../Engine/Shaders/Private/Visualization.ush" 2437
"../../../Engine/Shaders/Private/VirtualShadowMaps/VirtualShadowMapProjectionFilter.ush" 2438
"../../../Engine/Shaders/Private/VirtualShadowMaps/VirtualShadowMapProjectionDirectional.ush" 2439
"../../../Engine/Shaders/Private/VirtualShadowMaps/VirtualShadowMapSMRTCommon.ush" 2440
"../../../Engine/Shaders/Private/VirtualShadowMaps/VirtualShadowMapSMRTTemplate.ush" 2441
"../../../Engine/Shaders/Private/VirtualShadowMaps/VirtualShadowMapProjectionSpot.ush" 2442
"../../../Engine/Shaders/Private/VirtualShadowMaps/VirtualShadowMapTransmissionCommon.ush" 2443
"../../../Engine/Shaders/Private/VirtualShadowMaps/VirtualShadowMapScreenRayTrace.ush" 2444
"../../../Engine/Shaders/Private/VirtualShadowMaps/VirtualShadowMapStats.ush" 2445
"../../../Engine/Shaders/Private/HairStrands/HairStrandsVoxelPageCommon.ush" 2446
"../../../Engine/Shaders/Private/HairStrands/HairStrandsVoxelPageTraversal.ush" 2447
"../../../Engine/Shaders/Private/VirtualShadowMaps/VirtualShadowMapCacheGPUInvalidation.usf" 2448
"../../../Engine/Shaders/Private/VirtualShadowMaps/VirtualShadowMapPageCacheCommon.ush" 2449
"../../../Engine/Shaders/Private/VirtualShadowMaps/VirtualShadowMapCacheInvalidation.ush" 2450
"../../../Engine/Shaders/Private/VirtualShadowMaps/VirtualShadowMapPageOverlap.ush" 2451
"../../../Engine/Shaders/Private/ScreenSpaceDenoise/SSDDefinitions.ush" 2452
"../../../Engine/Shaders/Private/InstanceCulling/InstanceCullingLoadBalancer.ush" 2453
"../../../Engine/Shaders/Private/VirtualShadowMaps/VirtualShadowMapCacheLoadBalancer.usf" 2454
"../../../Engine/Shaders/Private/VirtualShadowMaps/VirtualShadowMapCopyStats.usf" 2455
"../../../Engine/Shaders/Private/VirtualShadowMaps/VirtualShadowMapShadowCasterBounds.usf" 2456
"../../../Engine/Shaders/Private/VirtualShadowMaps/VirtualShadowMapVisualize.ush" 2457
"../../../Engine/Shaders/Private/VirtualShadowMaps/VirtualShadowMapShadowCasterColor.usf" 2458
"../../../Engine/Shaders/Private/VirtualShadowMaps/VirtualShadowMapDebug.usf" 2459
"../../../Engine/Shaders/Private/VirtualShadowMaps/Desaturate.usf" 2460
"../../../Engine/Shaders/Private/VirtualShadowMaps/VirtualShadowMapPhysicalPageManagement.usf" 2461
"../../../Engine/Shaders/Private/ReductionCommon.ush" 2462
"../../../Engine/Shaders/Private/GPUMessaging.ush" 2463
"../../../Engine/Shaders/Private/VirtualShadowMaps/VirtualShadowMapPerPageDispatch.ush" 2464
"../../../Engine/Shaders/Private/VirtualShadowMaps/VirtualShadowMapComputeExplicitChunkDrawsViewMask.usf" 2465
"../../../Engine/Shaders/Shared/SceneCullingDefinitions.h" 2466
"../../../Engine/Shaders/Private/VirtualShadowMaps/VirtualShadowMapCompactViews.usf" 2467
"../../../Engine/Shaders/Private/VirtualShadowMaps/VirtualShadowMapBuildPerPageDrawCommands.usf" 2468
"../../../Engine/Shaders/Private/Nanite/NaniteCullingCommon.ush" 2469
"../../../Engine/Shaders/Private/Nanite/NaniteCulling.ush" 2470
"../../../Engine/Shaders/Private/Nanite/NaniteHierarchyTraversalCommon.ush" 2471
"../../../Engine/Shaders/Private/InstanceCulling/InstanceCullingCommon.ush" 2472
"../../../Engine/Shaders/Shared/InstanceCullingDefinitions.h" 2473
"../../../Engine/Shaders/Private/VirtualShadowMaps/VirtualShadowMapPrintStats.usf" 2474
"../../../Engine/Shaders/Private/VirtualShadowMaps/VirtualShadowMapPageManagement.usf" 2475
"../../../Engine/Shaders/Private/VirtualShadowMaps/VirtualShadowMapPageMarking.usf" 2476
"../../../Engine/Shaders/Private/VirtualShadowMaps/VirtualShadowMapPageMarking.ush" 2477
"../../../Engine/Shaders/Shared/SingleLayerWaterDefinitions.h" 2478
"../../../Engine/Shaders/Private/HairStrands/HairStrandsTileCommon.ush" 2479
"../../../Engine/Shaders/Private/Froxel/Froxel.ush" 2480
"../../../Engine/Shaders/Shared/FroxelDefinitions.h" 2481
"../../../Engine/Shaders/Private/VirtualShadowMaps/VirtualShadowMapThrottle.usf" 2482
"../../../Engine/Shaders/Private/VelocityUpdate.usf" 2483
"../../../Engine/Shaders/Private/VelocityCommon.ush" 2484
"../../../Engine/Shaders/Private/VelocityShader.usf" 2485
"../../../Engine/Shaders/Private/VariableRateShading/VRSShadingRatePreview.usf" 2486
"../../../Engine/Shaders/Private/VariableRateShading/VRSShadingRateCommon.ush" 2487
"../../../Engine/Shaders/Private/VariableRateShading/VRSShadingRateCombine.usf" 2488
"../../../Engine/Shaders/Private/VariableRateShading/VRSShadingRateFoveated.usf" 2489
"../../../Engine/Shaders/Private/VariableRateShading/VRSShadingRateReproject.usf" 2490
"../../../Engine/Shaders/Private/VariableRateShading/VRSShadingRateCalculate.usf" 2491
"../../../Engine/Shaders/Private/TranslucencyUpsampling.usf" 2492
"../../../Engine/Shaders/Private/ComposeSeparateTranslucency.usf" 2493
"../../../Engine/Shaders/Private/SeparateTranslucency.ush" 2494
"../../../Engine/Shaders/Private/TranslucencyVolumeVisualize.usf" 2495
"../../../Engine/Shaders/Private/TranslucencyVolumeCommon.ush" 2496
"../../../Engine/Shaders/Private/TranslucentLightInjectionShaders.usf" 2497
"../../../Engine/Shaders/Private/HeterogeneousVolumes/HeterogeneousVolumesAdaptiveVolumetricShadowMapSampling.ush" 2498
"../../../Engine/Shaders/Private/HeterogeneousVolumes/HeterogeneousVolumesAdaptiveVolumetricShadowMapUtils.ush" 2499
"../../../Engine/Shaders/Private/HeterogeneousVolumes/HeterogeneousVolumesBeerShadowMapUtils.ush" 2500
"../../../Engine/Shaders/Private/TranslucentShadowDepthShaders.usf" 2501
"../../../Engine/Shaders/Private/ShadowDepthCommon.ush" 2502
"../../../Engine/Shaders/Private/RayTracing/RayTracingTest.usf" 2503
"../../../Engine/Shaders/Private/PostprocessSubsurfaceTile.usf" 2504
"../../../Engine/Shaders/Private/PostProcessSubsurfaceCommon.ush" 2505
"../../../Engine/Shaders/Private/Substrate/SubstrateVisualize.usf" 2506
"../../../Engine/Shaders/Private/Substrate/SubstrateTile.ush" 2507
"../../../Engine/Shaders/Shared/SubstrateVisualizeDefinitions.h" 2508
"../../../Engine/Shaders/Private/Substrate/SubstrateVisualizeCommon.ush" 2509
"../../../Engine/Shaders/Private/SkyLightingDiffuseShared.ush" 2510
"../../../Engine/Shaders/Private/SkyLightingShared.ush" 2511
"../../../Engine/Shaders/Private/ClearCoatCommon.ush" 2512
"../../../Engine/Shaders/Private/ReflectionEnvironmentComposite.ush" 2513
"../../../Engine/Shaders/Private/Substrate/SubstrateLightingCommon.ush" 2514
"../../../Engine/Shaders/Private/Substrate/SubstrateRoughRefraction.usf" 2515
"../../../Engine/Shaders/Private/PathTracing/Material/PathTracingFresnel.ush" 2516
"../../../Engine/Shaders/Private/PathTracing/Material/PathTracingGlossy.ush" 2517
"../../../Engine/Shaders/Private/Substrate/SubstrateMaterialSampling.usf" 2518
"../../../Engine/Shaders/Private/Substrate/SubstrateMaterialSampling.ush" 2519
"../../../Engine/Shaders/Private/Lumen/LumenPosition.ush" 2520
"../../../Engine/Shaders/Private/Substrate/SubstrateTile.usf" 2521
"../../../Engine/Shaders/Private/Substrate/SubstrateMaterialClassification.usf" 2522
"../../../Engine/Shaders/Private/Substrate/SubstrateDBuffer.usf" 2523
"../../../Engine/Shaders/Private/StochasticLighting/StochasticLightingTileClassification.usf" 2524
"../../../Engine/Shaders/Private/Lumen/LumenMaterial.ush" 2525
"../../../Engine/Shaders/Private/HairStrands/HairStrandsVisibilityUtils.ush" 2526
"../../../Engine/Shaders/Private/Lumen/LumenReflectionCommon.ush" 2527
"../../../Engine/Shaders/Private/Lumen/LumenReflectionsCombine.ush" 2528
"../../../Engine/Shaders/Private/Lumen/LumenScreenProbeTileClassication.ush" 2529
"../../../Engine/Shaders/Private/MegaLights/MegaLightsTileClassification.ush" 2530
"../../../Engine/Shaders/Private/StochasticLighting/StochasticLightingUpsample.ush" 2531
"../../../Engine/Shaders/Private/StochasticLighting/StochasticLightingCommon.ush" 2532
"../../../Engine/Shaders/Private/SplineMeshSceneTexture.usf" 2533
"../../../Engine/Shaders/Private/SparseVolumeTexture/VisualizeSparseVolumeTexture.usf" 2534
"../../../Engine/Shaders/Private/SkyAtmosphere.usf" 2535
"../../../Engine/Shaders/Private/Nanite/NaniteSkinningUpdateViewData.usf" 2536
"../../../Engine/Shaders/Private/SceneCulling/SceneCulling.ush" 2537
"../../../Engine/Shaders/Private/Skinning/TransformProviders.usf" 2538
"../../../Engine/Shaders/Private/Skinning/SkinnedMeshDebug.usf" 2539
"../../../Engine/Shaders/Private/Skinning/AnimBankEval.usf" 2540
"../../../Engine/Shaders/Private/SingleLayerWaterComposite.usf" 2541
"../../../Engine/Shaders/Private/Froxel/FroxelBuild.ush" 2542
"../../../Engine/Shaders/Private/SingleLayerWaterRefractionCulling.usf" 2543
"../../../Engine/Shaders/Private/ScreenSpaceShadows.usf" 2544
"../../../Engine/Shaders/Private/bend_sss_gpu.ush" 2545
"../../../Engine/Shaders/Private/ShadowFactorsUpsampleCommon.ush" 2546
"../../../Engine/Shaders/Private/FirstPersonSelfShadow.usf" 2547
"../../../Engine/Shaders/Private/HZBTracing.ush" 2548
"../../../Engine/Shaders/Private/LateZDummyPS.usf" 2549
"../../../Engine/Shaders/Private/ShadowProjectionVertexShader.usf" 2550
"../../../Engine/Shaders/Private/ShadowProjectionPixelShader.usf" 2551
"../../../Engine/Shaders/Private/MobileLightingCommon.ush" 2552
"../../../Engine/Shaders/Private/PlanarReflectionShared.ush" 2553
"../../../Engine/Shaders/Private/MobileSSR.ush" 2554
"../../../Engine/Shaders/Private/SSRT/SSRTRayCast.ush" 2555
"../../../Engine/Shaders/Private/ShadowPercentageCloserFiltering.ush" 2556
"../../../Engine/Shaders/Private/TransmissionThickness.ush" 2557
"../../../Engine/Shaders/Private/CopyShadowMaps.usf" 2558
"../../../Engine/Shaders/Private/ShadowDepthPixelShader.usf" 2559
"../../../Engine/Shaders/Private/ShadowDepthVertexShader.usf" 2560
"../../../Engine/Shaders/Private/ShadingEnergyConservationTable.usf" 2561
"../../../Engine/Shaders/Shared/PathTracingDefinitions.h" 2562
"../../../Engine/Shaders/Private/ShadingFurnaceTest.usf" 2563
"../../../Engine/Shaders/Private/Substrate/SubstrateDeferredLighting.ush" 2564
"../../../Engine/Shaders/Private/ShaderPrintDraw.usf" 2565
"../../../Engine/Shaders/Private/ShaderPrintDrawPrimitive.usf" 2566
"../../../Engine/Shaders/Private/DefaultSSRTiles.usf" 2567
"../../../Engine/Shaders/Private/ScreenSpaceReflectionTileCommons.ush" 2568
"../../../Engine/Shaders/Private/SSRT/SSRTDiffuseIndirect.usf" 2569
"../../../Engine/Shaders/Private/SSRT/SSRTTileClassificationBuffer.ush" 2570
"../../../Engine/Shaders/Private/SSRT/SSRTReflections.usf" 2571
"../../../Engine/Shaders/Private/ScreenSpaceDenoise/SSDPublic.ush" 2572
"../../../Engine/Shaders/Private/SSRT/SSRTTileClassification.usf" 2573
"../../../Engine/Shaders/Private/SSRT/SSRTPrevFrameReduction.usf" 2574
"../../../Engine/Shaders/Private/ScreenSpaceDenoise/SSDComposeHarmonics.usf" 2575
"../../../Engine/Shaders/Private/ScreenSpaceDenoise/SSDPublicHarmonics.ush" 2576
"../../../Engine/Shaders/Private/ScreenSpaceDenoise/SSDSignalFramework.ush" 2577
"../../../Engine/Shaders/Private/ScreenSpaceDenoise/SSDCommon.ush" 2578
"../../../Engine/Shaders/Private/SphericalGaussian.ush" 2579
"../../../Engine/Shaders/Public/WaveBroadcastIntrinsics.ush" 2580
"../../../Engine/Shaders/Private/ScreenSpaceDenoise/SSDMetadata.ush" 2581
"../../../Engine/Shaders/Private/ScreenSpaceDenoise/SSDSignalCore.ush" 2582
"../../../Engine/Shaders/Private/ScreenSpaceDenoise/DenoisingCommon.ush" 2583
"../../../Engine/Shaders/Private/ScreenSpaceDenoise/SSDSignalArray.ush" 2584
"../../../Engine/Shaders/Private/ScreenSpaceDenoise/SSDSignalBufferEncoding.ush" 2585
"../../../Engine/Shaders/Private/ScreenSpaceDenoise/SSDPublicBufferEncoding.ush" 2586
"../../../Engine/Shaders/Private/Lumen/LumenBufferEncoding.ush" 2587
"../../../Engine/Shaders/Private/ScreenSpaceDenoise/SSDTemporalAccumulation.usf" 2588
"../../../Engine/Shaders/Private/ScreenSpaceDenoise/SSDSpatialKernel.ush" 2589
"../../../Engine/Shaders/Private/ScreenSpaceDenoise/SSDSignalAccumulatorArray.ush" 2590
"../../../Engine/Shaders/Private/ScreenSpaceDenoise/SSDSignalAccumulator.ush" 2591
"../../../Engine/Shaders/Private/ScreenSpaceDenoise/SSDSignalCompression.ush" 2592
"../../../Engine/Shaders/Private/ScreenSpaceDenoise/SSDSpatialAccumulation.usf" 2593
"../../../Engine/Shaders/Private/ScreenSpaceDenoise/SSDInjest.usf" 2594
"../../../Engine/Shaders/Private/ScreenSpaceDenoise/SSDCompressMetadata.usf" 2595
"../../../Engine/Shaders/Private/DownsampleDepthPixelShader.usf" 2596
"../../../Engine/Shaders/Private/ScreenPass.usf" 2597
"../../../Engine/Shaders/Private/HZB.usf" 2598
"../../../Engine/Shaders/Private/OcclusionFeedbackShaders.usf" 2599
"../../../Engine/Shaders/Private/HZBOcclusion.usf" 2600
"../../../Engine/Shaders/Private/OcclusionQueryPixelShader.usf" 2601
"../../../Engine/Shaders/Private/OcclusionQueryVertexShader.usf" 2602
"../../../Engine/Shaders/Private/HitProxyCopy.usf" 2603
"../../../Engine/Shaders/Private/HitProxyPixelShader.usf" 2604
"../../../Engine/Shaders/Private/HitProxyVertexShader.usf" 2605
"../../../Engine/Shaders/Private/SceneCulling/SceneCullingDebugRender.usf" 2606
"../../../Engine/Shaders/Private/SceneCulling/SceneCullingBuildExplicitBounds.usf" 2607
"../../../Engine/Shaders/Private/SceneCapturePixelShader.usf" 2608
"../../../Engine/Shaders/Private/RendererUtils.usf" 2609
"../../../Engine/Shaders/Private/RTWriteMaskDecode.usf" 2610
"../../../Engine/Shaders/Private/ReflectionEnvironmentShaders.usf" 2611
"../../../Engine/Shaders/Private/RectLightAtlas.usf" 2612
"../../../Engine/Shaders/Private/RayTracing/TraceRayInlineStatistics.usf" 2613
"../../../Engine/Shaders/Private/RayTracing/CompositeSkyLightPS.usf" 2614
"../../../Engine/Shaders/Private/RayTracing/GenerateSkyLightVisibilityRaysCS.usf" 2615
"../../../Engine/Shaders/Private/RayTracing/RayTracingSkyLightCommon.ush" 2616
"../../../Engine/Shaders/Private/RayTracing/SkyLightVisibilityRaysData.ush" 2617
"../../../Engine/Shaders/Private/Raytracing/RaytracingSkylightRGS.usf" 2618
"../../../Engine/Shaders/Private/HairStrands/HairStrandsRaytracing.ush" 2619
"../../../Engine/Shaders/Private/Raytracing/RayTracingSkyLightEvaluation.ush" 2620
"../../../Engine/Shaders/Private/Raytracing/RayTracingDeferredShadingCommon.ush" 2621
"../../../Engine/Shaders/Private/RayTracing/RayTracingOcclusionRGS.usf" 2622
"../../../Engine/Shaders/Private/RayTracing/RayTracingDirectionalLight.ush" 2623
"../../../Engine/Shaders/Private/RayTracing/RayTracingRectLight.ush" 2624
"../../../Engine/Shaders/Private/RayTracing/RayTracingSphereLight.ush" 2625
"../../../Engine/Shaders/Private/RayTracing/RayTracingCapsuleLight.ush" 2626
"../../../Engine/Shaders/Private/Raytracing/RayTracingFeedback.usf" 2627
"../../../Engine/Shaders/Shared/RayTracingDebugTypes.h" 2628
"../../../Engine/Shaders/Private/RayTracing/RayTracingPrimaryRays.usf" 2629
"../../../Engine/Shaders/Private/RayTracing/RayTracingLightingCommon.ush" 2630
"../../../Engine/Shaders/Private/RayTracing/RayTracingLightCullingCommon.ush" 2631
"../../../Engine/Shaders/Private/RayTracing/RayTracingMaterialDefaultHitShaders.usf" 2632
"../../../Engine/Shaders/Private/RayTracing/RayTracingMaterialHitShaders.usf" 2633
"../../../Engine/Shaders/Private/RayTracing/RayTracingShaderUtils.ush" 2634
"../../../Engine/Shaders/Private/RayTracing/RayTracingCalcInterpolants.ush" 2635
"../../../Engine/Shaders/Private/LightmapCommon.ush" 2636
"../../../Engine/Shaders/Private/Lumen/LumenHardwareRayTracingPayloadCommon.ush" 2637
"../../../Engine/Shaders/Shared/LumenDefinitions.h" 2638
"../../../Engine/Shaders/Private/Substrate/SubstrateExport.ush" 2639
"../../../Engine/Shaders/Private/RayTracing/RayTracingLightingMS.usf" 2640
"../../../Engine/Shaders/Private/Lumen/LumenDiffuseColorBoost.ush" 2641
"../../../Engine/Shaders/Private/RayTracing/RayTracingLightFunctionCommon.ush" 2642
"../../../Engine/Shaders/Private/RayTracing/RayTracingBuildLightGrid.usf" 2643
"../../../Engine/Shaders/Private/Raytracing/RayTracingInstanceBufferUtil.usf" 2644
"../../../Engine/Shaders/Private/RayTracing/RayTracingDynamicMesh.usf" 2645
"../../../Engine/Shaders/Private/RayTracing/RayTracingDefaultDecalHitShader.usf" 2646
"../../../Engine/Shaders/Private/RayTracing/RayTracingDecalMaterialShader.usf" 2647
"../../../Engine/Shaders/Private/PathTracing/PathTracingShaderUtils.ush" 2648
"../../../Engine/Shaders/Private/PathTracing/PathTracingCommon.ush" 2649
"../../../Engine/Shaders/Private/PathTracing/Material/PathTracingMaterialCommon.ush" 2650
"../../../Engine/Shaders/Private/PathTracing/Utilities/PathTracingRIS.ush" 2651
"../../../Engine/Shaders/Private/RayTracing/RayTracingBuildDecalGrid.usf" 2652
"../../../Engine/Shaders/Private/RayTracing/RayTracingDebugHitStatsUtils.usf" 2653
"../../../Engine/Shaders/Private/RayTracing/RayTracingDebugInstanceOverlap.usf" 2654
"../../../Engine/Shaders/Private/RayTracing/RayTracingDebugPicking.usf" 2655
"../../../Engine/Shaders/Private/RayTracing/RayTracingDebugUtils.ush" 2656
"../../../Engine/Shaders/Private/RayTracing/RayTracingDebugTraversal.usf" 2657
"../../../Engine/Shaders/Private/RayTracing/RayTracingDeferredMaterials.ush" 2658
"../../../Engine/Shaders/Shared/ThirdParty/AMD/ags_shader_intrinsics_dx12.h" 2659
"../../../Engine/Shaders/Shared/RayTracingDebugDefinitions.h" 2660
"../../../Engine/Shaders/Private/RayTracing/RayTracingDebugHitStatsCHS.usf" 2661
"../../../Engine/Shaders/Private/RayTracing/RayTracingDebugHitStats.usf" 2662
"../../../Engine/Shaders/Private/RayTracing/RayTracingDebugMS.usf" 2663
"../../../Engine/Shaders/Private/RayTracing/RayTracingDebugCHS.usf" 2664
"../../../Engine/Shaders/Private/RayTracing/RayTracingDebug.usf" 2665
"../../../Engine/Shaders/Private/RayTracing/RayTracingBuiltInShaders.usf" 2666
"../../../Engine/Shaders/Private/RayTracing/RayTracingBarycentrics.usf" 2667
"../../../Engine/Shaders/Private/RayTracing/RayTracingAmbientOcclusionRGS.usf" 2668
"../../../Engine/Shaders/Private/VisualizeShadingModels.usf" 2669
"../../../Engine/Shaders/Private/MotionBlur/VisualizeMotionVectors.usf" 2670
"../../../Engine/Shaders/Private/TemporalSuperResolution/TSRVisualize.usf" 2671
"../../../Engine/Shaders/Private/TemporalSuperResolution/TSRColorSpace.ush" 2672
"../../../Engine/Shaders/Private/TemporalSuperResolution/TSRCommon.ush" 2673
"../../../Engine/Shaders/Public/DualPixelVectorization.ush" 2674
"../../../Engine/Shaders/Private/TemporalSuperResolution/TSRReprojectionField.ush" 2675
"../../../Engine/Shaders/Private/TemporalSuperResolution/TSRResolveHistory.usf" 2676
"../../../Engine/Shaders/Private/TemporalSuperResolution/TSRConvolutionNetwork.ush" 2677
"../../../Engine/Shaders/Private/TemporalSuperResolution/TSRKernels.ush" 2678
"../../../Engine/Shaders/Public/LaneVectorization.ush" 2679
"../../../Engine/Shaders/Private/TemporalSuperResolution/TSRUpdateHistory.usf" 2680
"../../../Engine/Shaders/Private/TemporalSuperResolution/TSRSpatialAntiAliasing.ush" 2681
"../../../Engine/Shaders/Private/TemporalSuperResolution/TSRSpatialAntiAliasing.usf" 2682
"../../../Engine/Shaders/Private/TemporalSuperResolution/TSRRejectShading.usf" 2683
"../../../Engine/Shaders/Private/TemporalSuperResolution/TSRShadingAnalysis.ush" 2684
"../../../Engine/Shaders/Private/TemporalSuperResolution/TSRConvolutionNetworkPass.ush" 2685
"../../../Engine/Shaders/Private/TemporalSuperResolution/TSRDecimateHistory.usf" 2686
"../../../Engine/Shaders/Private/TemporalSuperResolution/TSRDepthVelocityAnalysis.ush" 2687
"../../../Engine/Shaders/Private/TemporalSuperResolution/TSRClosestOccluder.ush" 2688
"../../../Engine/Shaders/Private/TemporalSuperResolution/TSRWeightRelaxation.usf" 2689
"../../../Engine/Shaders/Private/TemporalSuperResolution/TSRThinGeometryCommon.ush" 2690
"../../../Engine/Shaders/Private/TemporalSuperResolution/TSRDetectThinGeometry.usf" 2691
"../../../Engine/Shaders/Private/TemporalSuperResolution/TSRDilateVelocity.usf" 2692
"../../../Engine/Shaders/Private/MotionBlur/MotionBlurVelocityFlatten.ush" 2693
"../../../Engine/Shaders/Private/MotionBlur/MotionBlurCommon.ush" 2694
"../../../Engine/Shaders/Private/TemporalSuperResolution/TSRClearPrevTextures.usf" 2695
"../../../Engine/Shaders/Private/TemporalSuperResolution/TSRMeasureCoverage.usf" 2696
"../../../Engine/Shaders/Private/TemporalSuperResolution/TSRMeasureFlickeringLuma.usf" 2697
"../../../Engine/Shaders/Private/TemporalAA.usf" 2698
"../../../Engine/Shaders/Private/SMAA/SMAADebugVisualization.usf" 2699
"../../../Engine/Shaders/Private/SMAA/SMAACommon.ush" 2700
"../../../Engine/Shaders/Private/SMAA/SMAA.ush" 2701
"../../../Engine/Shaders/Private/SMAA/SMAANeighborhoodBlendingShader.usf" 2702
"../../../Engine/Shaders/Private/SMAA/SMAABlendingWeightCalculationShader.usf" 2703
"../../../Engine/Shaders/Private/SMAA/SMAAEdgeDetectionShader.usf" 2704
"../../../Engine/Shaders/Private/FilterPixelShader.usf" 2705
"../../../Engine/Shaders/Private/FilterVertexShader.usf" 2706
"../../../Engine/Shaders/Private/VisualizeVirtualTexture.usf" 2707
"../../../Engine/Shaders/Private/PostProcessVisualizeBuffer.usf" 2708
"../../../Engine/Shaders/Private/PostProcessVisualizeLocalExposure.usf" 2709
"../../../Engine/Shaders/Private/PostProcessHistogramCommon.ush" 2710
"../../../Engine/Shaders/Private/TonemapCommon.ush" 2711
"../../../Engine/Shaders/Private/ACES/ACESCommon.ush" 2712
"../../../Engine/Shaders/Private/ACES/ACESOutputTransform.ush" 2713
"../../../Engine/Shaders/Private/ACES/ACESUtilities.ush" 2714
"../../../Engine/Shaders/Private/ACES/ACESTonescale.ush" 2715
"../../../Engine/Shaders/Private/ACES/ACESDisplayEncoding.ush" 2716
"../../../Engine/Shaders/Private/ACES/ACES_v1.3.ush" 2717
"../../../Engine/Shaders/Private/PostProcessVisualizeLevelInstance.usf" 2718
"../../../Engine/Shaders/Private/PostProcessVisualizeHDR.usf" 2719
"../../../Engine/Shaders/Private/ShaderComplexityApplyPixelShader.usf" 2720
"../../../Engine/Shaders/Private/QuadOverdraw.ush" 2721
"../../../Engine/Shaders/Private/PostProcessUpscale.usf" 2722
"../../../Engine/Shaders/Private/PostProcessTonemap.usf" 2723
"../../../Engine/Shaders/Private/PostProcessing/FilmGrainPackConstants.usf" 2724
"../../../Engine/Shaders/Private/PostProcessing/FilmGrainReduce.usf" 2725
"../../../Engine/Shaders/Private/PostProcessTestImage.usf" 2726
"../../../Engine/Shaders/Private/PostProcessSubsurface.usf" 2727
"../../../Engine/Shaders/Private/SeparableSSS.ush" 2728
"../../../Engine/Shaders/Private/SubsurfaceBurleyNormalized.ush" 2729
"../../../Engine/Shaders/Private/PostProcessSelectionOutline.usf" 2730
"../../../Engine/Shaders/Private/MotionBlur/MotionBlurVisualize.usf" 2731
"../../../Engine/Shaders/Private/MotionBlur/MotionBlurApply.usf" 2732
"../../../Engine/Shaders/Private/MotionBlur/MotionBlurFilterTileClassify.usf" 2733
"../../../Engine/Shaders/Private/MotionBlur/MotionBlurTileScatter.usf" 2734
"../../../Engine/Shaders/Private/MotionBlur/MotionBlurTileGather.usf" 2735
"../../../Engine/Shaders/Private/MotionBlur/MotionBlurVelocityFlatten.usf" 2736
"../../../Engine/Shaders/Private/PostProcessMobile.usf" 2737
"../../../Engine/Shaders/Private/PostProcessMitchellNetravali.usf" 2738
"../../../Engine/Shaders/Private/PostProcessMaterialShaders.usf" 2739
"../../../Engine/Shaders/Private/NeuralPostProcessCommon.usf" 2740
"../../../Engine/Shaders/Private/PostProcessLocalExposure.usf" 2741
"../../../Engine/Shaders/Private/PostProcessLensFlares.usf" 2742
"../../../Engine/Shaders/Private/PostProcessGBufferHints.usf" 2743
"../../../Engine/Shaders/Private/PostProcessHMD.usf" 2744
"../../../Engine/Shaders/Private/Histogram.usf" 2745
"../../../Engine/Shaders/Private/PostProcessExposureMaterial.ush" 2746
"../../../Engine/Shaders/Private/PostProcessHistogramReduce.usf" 2747
"../../../Engine/Shaders/Private/PostProcessHistogram.usf" 2748
"../../../Engine/Shaders/Private/Bloom/BloomFinalizeApplyConstants.usf" 2749
"../../../Engine/Shaders/Private/Bloom/BloomCommon.ush" 2750
"../../../Engine/Shaders/Private/Bloom/BloomResizeKernel.usf" 2751
"../../../Engine/Shaders/Private/Bloom/BloomDownsampleKernel.usf" 2752
"../../../Engine/Shaders/Private/Bloom/BloomClampKernel.usf" 2753
"../../../Engine/Shaders/Private/Bloom/BloomPackKernelConstants.usf" 2754
"../../../Engine/Shaders/Private/Bloom/BloomSumScatterDispersionEnergy.usf" 2755
"../../../Engine/Shaders/Private/Bloom/BloomReduceKernelSurvey.usf" 2756
"../../../Engine/Shaders/Private/Bloom/BloomSurveyKernelCenterEnergy.usf" 2757
"../../../Engine/Shaders/Private/Bloom/BloomSurveyMaxScatterDispersion.usf" 2758
"../../../Engine/Shaders/Private/Bloom/BloomFindKernelCenter.usf" 2759
"../../../Engine/Shaders/Private/PostProcessEyeAdaptation.usf" 2760
"../../../Engine/Shaders/Private/PostProcessEyeAdaptationUtils.usf" 2761
"../../../Engine/Shaders/Private/PostProcessDownsample.usf" 2762
"../../../Engine/Shaders/Private/PostProcessDOF.usf" 2763
"../../../Engine/Shaders/Private/PostProcessDeviceEncodingOnly.usf" 2764
"../../../Engine/Shaders/Private/PostProcessCompositePrimitives.usf" 2765
"../../../Engine/Shaders/Private/PostProcessCombineLUTs.usf" 2766
"../../../Engine/Shaders/Private/PostProcessVisualizeDOF.usf" 2767
"../../../Engine/Shaders/Private/PostProcessBloom.usf" 2768
"../../../Engine/Shaders/Private/PostProcessAmbientOcclusionMobile.usf" 2769
"../../../Engine/Shaders/Private/PostProcessAmbientOcclusionCommon.ush" 2770
"../../../Engine/Shaders/Private/FXAAShader.usf" 2771
"../../../Engine/Shaders/Private/Fxaa3_11.ush" 2772
"../../../Engine/Shaders/Private/PaniniProjection.usf" 2773
"../../../Engine/Shaders/Private/DiaphragmDOF/DOFRecombine.usf" 2774
"../../../Engine/Shaders/Private/DiaphragmDOF/DOFHybridScatterPixelShader.usf" 2775
"../../../Engine/Shaders/Private/DiaphragmDOF/DOFHybridScatterCommon.ush" 2776
"../../../Engine/Shaders/Private/DiaphragmDOF/DOFVignetteCommon.ush" 2777
"../../../Engine/Shaders/Private/DiaphragmDOF/DOFHybridScatterVertexShader.usf" 2778
"../../../Engine/Shaders/Private/DiaphragmDOF/DOFPostfiltering.usf" 2779
"../../../Engine/Shaders/Private/DiaphragmDOF/DOFGatherTileSuggest.ush" 2780
"../../../Engine/Shaders/Private/DiaphragmDOF/DOFCocTileCommon.ush" 2781
"../../../Engine/Shaders/Private/DiaphragmDOF/DOFGatherPass.usf" 2782
"../../../Engine/Shaders/Private/DiaphragmDOF/DOFGatherCommon.ush" 2783
"../../../Engine/Shaders/Private/DiaphragmDOF/DOFGatherAccumulator.ush" 2784
"../../../Engine/Shaders/Private/DiaphragmDOF/DOFGatherKernel.ush" 2785
"../../../Engine/Shaders/Private/DiaphragmDOF/DOFBokehLUT.usf" 2786
"../../../Engine/Shaders/Private/DiaphragmDOF/DOFHybridScatterCompilation.usf" 2787
"../../../Engine/Shaders/Private/DiaphragmDOF/DOFReduce.usf" 2788
"../../../Engine/Shaders/Private/DiaphragmDOF/DOFDownsample.ush" 2789
"../../../Engine/Shaders/Private/DiaphragmDOF/DOFHybridScatterCompilation.ush" 2790
"../../../Engine/Shaders/Private/DiaphragmDOF/DOFDownsample.usf" 2791
"../../../Engine/Shaders/Private/DiaphragmDOF/DOFCocTileDilate.usf" 2792
"../../../Engine/Shaders/Private/DiaphragmDOF/DOFCocTileFlatten.usf" 2793
"../../../Engine/Shaders/Private/DiaphragmDOF/DOFSetup.usf" 2794
"../../../Engine/Shaders/Private/Tools/DebugAlphaChannel.usf" 2795
"../../../Engine/Shaders/Private/PostProcessAlphaInvert.usf" 2796
"../../../Engine/Shaders/Private/PlanarReflectionShaders.usf" 2797
"../../../Engine/Shaders/Private/PhysicsFieldVisualizer.usf" 2798
"../../../Engine/Shaders/Private/PathTracing/PathTracingSpatialTemporalDenoising.usf" 2799
"../../../Engine/Shaders/Private/ColorDifference.ush" 2800
"../../../Engine/Shaders/Private/PathTracing/PathTracingCompositingPixelShader.usf" 2801
"../../../Engine/Shaders/Private/PathTracing/PathTracingAdaptiveUtils.ush" 2802
"../../../Engine/Shaders/Private/PathTracing/PathTracingDefaultHitShader.usf" 2803
"../../../Engine/Shaders/Private/PathTracing/PathTracingGPULightmassMaterialHitShader.usf" 2804
"../../../Engine/Shaders/Private/PathTracing/PathTracingMaterialHitShader.usf" 2805
"../../../Engine/Shaders/Private/PathTracing/Material/PathTracingSubstrateCommon.ush" 2806
"../../../Engine/Shaders/Private/PathTracing/PathTracingLightingMissShader.usf" 2807
"../../../Engine/Shaders/Private/PathTracing/PathTracingMissShader.usf" 2808
"../../../Engine/Shaders/Private/PathTracing/PathTracingAdaptiveStart.usf" 2809
"../../../Engine/Shaders/Private/PathTracing/PathTracingBuildAdaptiveError.usf" 2810
"../../../Engine/Shaders/Private/PathTracing/PathTracingVolumetricCloudMaterialShader.usf" 2811
"../../../Engine/Shaders/Private/PathTracing/Volume/PathTracingCloudsMaterialCommon.ush" 2812
"../../../Engine/Shaders/Private/PathTracing/Volume/PathTracingVolumeCommon.ush" 2813
"../../../Engine/Shaders/Private/PathTracing/Volume/PathTracingCloudsCommon.ush" 2814
"../../../Engine/Shaders/Private/PathTracing/Volume/PathTracingFog.ush" 2815
"../../../Engine/Shaders/Private/PathTracing/Volume/PathTracingAtmosphere.ush" 2816
"../../../Engine/Shaders/Private/PathTracing/Volume/PathTracingAtmosphereCommon.ush" 2817
"../../../Engine/Shaders/Private/PathTracing/Volume/PathTracingVolumeSampling.ush" 2818
"../../../Engine/Shaders/Private/PathTracing/PathTracingBuildCloudAccelerationMap.usf" 2819
"../../../Engine/Shaders/Private/PathTracing/PathTracingBuildAtmosphereLUT.usf" 2820
"../../../Engine/Shaders/Private/PathTracing/PathTracingSwizzleScanlines.usf" 2821
"../../../Engine/Shaders/Private/PathTracing/PathTracingInitExtinctionCoefficient.usf" 2822
"../../../Engine/Shaders/Private/PathTracing/PathTracingCopyDepth.usf" 2823
"../../../Engine/Shaders/Private/PathTracing/PathTracingDebug.usf" 2824
"../../../Engine/Shaders/Private/RayTracing/RayTracingDecalGrid.ush" 2825
"../../../Engine/Shaders/Private/PathTracing/Material/PathTracingMaterialSampling.ush" 2826
"../../../Engine/Shaders/Private/PathTracing/Material/PathTracingLambert.ush" 2827
"../../../Engine/Shaders/Private/PathTracing/Material/PathTracingSubstrate.ush" 2828
"../../../Engine/Shaders/Private/PathTracing/Material/PathTracingSubstrateFoliage.ush" 2829
"../../../Engine/Shaders/Private/PathTracing/Material/PathTracingSubstrateSolidGlass.ush" 2830
"../../../Engine/Shaders/Private/PathTracing/Material/PathTracingSubstrateThinGlass.ush" 2831
"../../../Engine/Shaders/Private/PathTracing/Material/PathTracingSolidGlass.ush" 2832
"../../../Engine/Shaders/Private/PathTracing/Material/PathTracingEnergyConservation.ush" 2833
"../../../Engine/Shaders/Private/PathTracing/Material/PathTracingThinGlass.ush" 2834
"../../../Engine/Shaders/Private/PathTracing/Material/PathTracingDefaultLit.ush" 2835
"../../../Engine/Shaders/Private/PathTracing/Material/PathTracingClearCoat.ush" 2836
"../../../Engine/Shaders/Private/PathTracing/Material/PathTracingTwoSidedFoliage.ush" 2837
"../../../Engine/Shaders/Private/PathTracing/Material/PathTracingCloth.ush" 2838
"../../../Engine/Shaders/Private/PathTracing/Material/PathTracingSubsurfaceProfile.ush" 2839
"../../../Engine/Shaders/Private/PathTracing/Material/PathTracingEye.ush" 2840
"../../../Engine/Shaders/Private/PathTracing/Material/PathTracingHair.ush" 2841
"../../../Engine/Shaders/Private/PathTracing/Material/PathTracingMedium.ush" 2842
"../../../Engine/Shaders/Private/PathTracing/Light/PathTracingLightSampling.ush" 2843
"../../../Engine/Shaders/Private/PathTracing/Light/PathTracingLightCommon.ush" 2844
"../../../Engine/Shaders/Private/PathTracing/Light/PathTracingDirectionalLight.ush" 2845
"../../../Engine/Shaders/Private/PathTracing/Light/PathTracingPointLight.ush" 2846
"../../../Engine/Shaders/Private/PathTracing/Light/PathTracingCapsuleLight.ush" 2847
"../../../Engine/Shaders/Private/PathTracing/Light/PathTracingRectLight.ush" 2848
"../../../Engine/Shaders/Private/PathTracing/Light/PathTracingSkyLight.ush" 2849
"../../../Engine/Shaders/Private/PathTracing/Light/PathTracingLightGrid.ush" 2850
"../../../Engine/Shaders/Private/PathTracing/PathTracing.usf" 2851
"../../../Engine/Shaders/Private/PathTracing/PathTracingCore.ush" 2852
"../../../Engine/Shaders/Private/HeterogeneousVolumes/HeterogeneousVolumesVoxelGridTypes.ush" 2853
"../../../Engine/Shaders/Private/PathTracing/Volume/PathTracingVolume.ush" 2854
"../../../Engine/Shaders/Private/PathTracing/Volume/PathTracingClouds.ush" 2855
"../../../Engine/Shaders/Private/PathTracing/Volume/PathTracingHeterogeneousVolumes.ush" 2856
"../../../Engine/Shaders/Private/HeterogeneousVolumes/HeterogeneousVolumesTracingUtils.ush" 2857
"../../../Engine/Shaders/Private/HeterogeneousVolumes/HeterogeneousVolumesVoxelGridTraversal.ush" 2858
"../../../Engine/Shaders/Private/HeterogeneousVolumes/HeterogeneousVolumesVoxelGridUtils.ush" 2859
"../../../Engine/Shaders/Private/HeterogeneousVolumes/HeterogeneousVolumesFrustumVoxelGridUtils.ush" 2860
"../../../Engine/Shaders/Private/PathTracing/PathTracingBuildLightGrid.usf" 2861
"../../../Engine/Shaders/Private/PathTracing/PathTracingSkylightMISCompensation.usf" 2862
"../../../Engine/Shaders/Private/PathTracing/PathTracingSkylightPrepare.usf" 2863
"../../../Engine/Shaders/Private/OIT/OITSorting.usf" 2864
"../../../Engine/Shaders/Private/OITCombine.usf" 2865
"../../../Engine/Shaders/Private/OITCommon.ush" 2866
"../../../Engine/Shaders/Private/Nanite/Voxel/RasterizeBricks.usf" 2867
"../../../Engine/Shaders/Private/Nanite/Voxel/Brick.ush" 2868
"../../../Engine/Shaders/Private/Nanite/Voxel/Voxel.ush" 2869
"../../../Engine/Shaders/Private/Nanite/Voxel/ScatterBricks.usf" 2870
"../../../Engine/Shaders/Private/Nanite/Voxel/TileBricks.usf" 2871
"../../../Engine/Shaders/Private/Nanite/Voxel/AutoVoxel.usf" 2872
"../../../Engine/Shaders/Private/Nanite/NaniteDebugViews.usf" 2873
"../../../Engine/Shaders/Private/Nanite/NaniteEditorCommon.ush" 2874
"../../../Engine/Shaders/Private/BinarySearch.ush" 2875
"../../../Engine/Shaders/Private/Nanite/NaniteDepthDecode.usf" 2876
"../../../Engine/Shaders/Private/HTileEncoding.ush" 2877
"../../../Engine/Shaders/Private/Nanite/NaniteVisualize.usf" 2878
"../../../Engine/Shaders/Private/Nanite/NaniteStreamOut.usf" 2879
"../../../Engine/Shaders/Private/Nanite/NaniteHierarchyTraversal.ush" 2880
"../../../Engine/Shaders/Private/Nanite/NaniteShadeBinning.usf" 2881
"../../../Engine/Shaders/Private/Nanite/NaniteShadeCommon.ush" 2882
"../../../Engine/Shaders/Private/Nanite/NaniteFastClear.usf" 2883
"../../../Engine/Shaders/Private/Nanite/NaniteRayTracing.usf" 2884
"../../../Engine/Shaders/Private/Nanite/NaniteExportGBuffer.usf" 2885
"../../../Engine/Shaders/Private/Nanite/NaniteClusterCulling.usf" 2886
"../../../Engine/Shaders/Private/Nanite/NanitePrintStats.usf" 2887
"../../../Engine/Shaders/Private/Nanite/NaniteRasterizer.usf" 2888
"../../../Engine/Shaders/Private/Nanite/NaniteRasterizationCommon.ush" 2889
"../../../Engine/Shaders/Private/Nanite/NaniteRasterizer.ush" 2890
"../../../Engine/Shaders/Private/Nanite/NaniteWritePixel.ush" 2891
"../../../Engine/Shaders/Private/Nanite/NaniteTessellation.ush" 2892
"../../../Engine/Shaders/Private/WorkDistribution.ush" 2893
"../../../Engine/Shaders/Private/Nanite/NaniteDice.ush" 2894
"../../../Engine/Shaders/Private/ShaderBundleWorkGraphCommon.ush" 2895
"../../../Engine/Shaders/Public/RootConstants.ush" 2896
"../../../Engine/Shaders/Public/Platform/D3D/D3DRootConstants.ush" 2897
"../../../Engine/Shaders/Private/Nanite/NaniteSplit.usf" 2898
"../../../Engine/Shaders/Private/Nanite/NaniteRasterBinning.usf" 2899
"../../../Engine/Shaders/Private/Nanite/NaniteInstanceCulling.usf" 2900
"../../../Engine/Shaders/Private/Nanite/NaniteImposter.ush" 2901
"../../../Engine/Shaders/Private/Nanite/NaniteInstanceHierarchyCulling.usf" 2902
"../../../Engine/Shaders/Private/WorkGroupLoadBalancer.ush" 2903
"../../../Engine/Shaders/Private/Nanite/NanitePrimitiveFilter.usf" 2904
"../../../Engine/Shaders/Private/Nanite/NaniteRasterClear.usf" 2905
"../../../Engine/Shaders/Private/Nanite/NaniteDepthExport.usf" 2906
"../../../Engine/Shaders/Private/Nanite/NaniteEmitShadow.usf" 2907
"../../../Engine/Shaders/Private/MobileDeferredUtils.usf" 2908
"../../../Engine/Shaders/Private/MobileLocalLightsBuffer.usf" 2909
"../../../Engine/Shaders/Private/MobileFog.usf" 2910
"../../../Engine/Shaders/Private/DistortApplyScreenPS.usf" 2911
"../../../Engine/Shaders/Private/MobileDeferredShading.usf" 2912
"../../../Engine/Shaders/Private/MobileBasePassPixelShader.usf" 2913
"../../../Engine/Shaders/Private/MobileBasePassCommon.ush" 2914
"../../../Engine/Shaders/Private/BasePassCommon.ush" 2915
"../../../Engine/Shaders/Private/ShadingModelsMaterial.ush" 2916
"../../../Engine/Shaders/Private/ThinTranslucentCommon.ush" 2917
"../../../Engine/Shaders/Private/SingleLayerWaterShading.ush" 2918
"../../../Engine/Shaders/Private/DistortionCommon.ush" 2919
"../../../Engine/Shaders/Private/Substrate/SubstrateMobileForwardLighting.ush" 2920
"../../../Engine/Shaders/Private/MobileBasePassVertexShader.usf" 2921
"../../../Engine/Shaders/Private/MeshEdges.usf" 2922
"../../../Engine/Shaders/Private/MegaLights/MegaLightsSampling.usf" 2923
"../../../Engine/Shaders/Shared/MegaLightsDefinitions.h" 2924
"../../../Engine/Shaders/Private/MegaLights/MegaLightsShading.ush" 2925
"../../../Engine/Shaders/Private/MegaLights/MegaLights.ush" 2926
"../../../Engine/Shaders/Private/MegaLights/MegaLightsMaterial.ush" 2927
"../../../Engine/Shaders/Private/MegaLights/MegaLightsRayTracing.ush" 2928
"../../../Engine/Shaders/Private/MegaLights/MegaLightsSampling.ush" 2929
"../../../Engine/Shaders/Private/MegaLights/MegaLightsVolumeSampling.usf" 2930
"../../../Engine/Shaders/Private/MegaLights/MegaLightsVolume.ush" 2931
"../../../Engine/Shaders/Private/MegaLights/MegaLights.usf" 2932
"../../../Engine/Shaders/Private/HairStrands/HairStrandsScreenTracing.ush" 2933
"../../../Engine/Shaders/Private/MegaLights/MegaLightsFilterVisibleLightHash.usf" 2934
"../../../Engine/Shaders/Private/MegaLights/MegaLightsShading.usf" 2935
"../../../Engine/Shaders/Private/Lumen/LumenReflectionDenoiserCommon.ush" 2936
"../../../Engine/Shaders/Private/MegaLights/MegaLightsVisibleLightHash.usf" 2937
"../../../Engine/Shaders/Private/MegaLights/MegaLightsVolumeShading.usf" 2938
"../../../Engine/Shaders/Private/MegaLights/MegaLightsVSMMarking.usf" 2939
"../../../Engine/Shaders/Private/MegaLights/MegaLightsVSMTracing.usf" 2940
"../../../Engine/Shaders/Private/MegaLights/MegaLightsRayTracing.usf" 2941
"../../../Engine/Shaders/Private/DistanceField/GlobalDistanceFieldUtils.ush" 2942
"../../../Engine/Shaders/Private/Lumen/LumenScreenTracing.ush" 2943
"../../../Engine/Shaders/Private/MegaLights/MegaLightsVolumeRayTracing.usf" 2944
"../../../Engine/Shaders/Private/MegaLights/MegaLightsVolumeHardwareRayTracing.usf" 2945
"../../../Engine/Shaders/Private/Lumen/LumenHardwareRayTracingCommon.ush" 2946
"../../../Engine/Shaders/Private/RayTracing/RayTracingReflectionEnvironment.ush" 2947
"../../../Engine/Shaders/Private/Lumen/LumenHardwareRayTracingPlatformCommon.ush" 2948
"../../../Engine/Shaders/Private/Lumen/LumenTracingCommon.ush" 2949
"../../../Engine/Shaders/Private/Lumen/SurfaceCache/LumenSurfaceCacheSampling.ush" 2950
"../../../Engine/Shaders/Private/Lumen/SurfaceCache/LumenSurfaceCache.ush" 2951
"../../../Engine/Shaders/Private/Lumen/LumenCardCommon.ush" 2952
"../../../Engine/Shaders/Private/Lumen/LumenCardTileShadowDownsampleFactor.ush" 2953
"../../../Engine/Shaders/Private/MegaLights/MegaLightsHardwareRayTracing.usf" 2954
"../../../Engine/Shaders/Private/MegaLights/MegaLightsDebug.usf" 2955
"../../../Engine/Shaders/Private/MegaLights/MegaLightsDenoiserSpatial.usf" 2956
"../../../Engine/Shaders/Private/MegaLights/MegaLightsDenoiserTemporal.usf" 2957
"../../../Engine/Shaders/Private/MaterialCache/MaterialCacheABufferPages.usf" 2958
"../../../Engine/Shaders/Private/MaterialCache/MaterialCacheShade.usf" 2959
"../../../Engine/Shaders/Private/MaterialCache/MaterialCacheShadeCommon.ush" 2960
"../../../Engine/Shaders/Private/MaterialCache/MaterialCacheUnwrapNaniteShade.usf" 2961
"../../../Engine/Shaders/Private/MaterialCache/MaterialCacheUnwrapPixelShader.usf" 2962
"../../../Engine/Shaders/Private/MaterialCache/MaterialCacheUnwrapVertexShader.usf" 2963
"../../../Engine/Shaders/Private/Lumen/LumenVisualizeRadianceCache.usf" 2964
"../../../Engine/Shaders/Private/Lumen/LumenRadianceCacheCommon.ush" 2965
"../../../Engine/Shaders/Private/Lumen/LumenVisualizeHardwareRayTracing.usf" 2966
"../../../Engine/Shaders/Private/Lumen/LumenVisualize.ush" 2967
"../../../Engine/Shaders/Private/Lumen/LumenHairTracing.ush" 2968
"../../../Engine/Shaders/Private/Lumen/LumenVisualize.usf" 2969
"../../../Engine/Shaders/Private/Lumen/LumenSoftwareRayTracing.ush" 2970
"../../../Engine/Shaders/Private/DistanceField/GlobalDistanceFieldObjectGrid.ush" 2971
"../../../Engine/Shaders/Private/DistanceFieldLightingShared.ush" 2972
"../../../Engine/Shaders/Private/Lumen/LumenVisualizeTraces.ush" 2973
"../../../Engine/Shaders/Private/Lumen/LumenTranslucencyVolumeLighting.usf" 2974
"../../../Engine/Shaders/Private/Lumen/LumenRadianceCacheMarkCommon.ush" 2975
"../../../Engine/Shaders/Private/Lumen/LumenTranslucencyVolumeLightingShared.ush" 2976
"../../../Engine/Shaders/Private/Lumen/LumenScreenProbeCommon.ush" 2977
"../../../Engine/Shaders/Private/RayTracing/RayGenUtils.ush" 2978
"../../../Engine/Shaders/Private/Lumen/LumenRadianceCacheTracingCommon.ush" 2979
"../../../Engine/Shaders/Private/Lumen/LumenTranslucencyVolumeHardwareRayTracing.usf" 2980
"../../../Engine/Shaders/Private/Lumen/LumenTranslucencyRadianceCacheMarkShaders.usf" 2981
"../../../Engine/Shaders/Private/Lumen/SurfaceCache/LumenSurfaceCache.usf" 2982
"../../../Engine/Shaders/Private/Lumen/LumenVirtualTextureCommon.ush" 2983
"../../../Engine/Shaders/Private/Lumen/LumenShortRangeAOHardwareRayTracing.usf" 2984
"../../../Engine/Shaders/Private/Lumen/LumenScreenSpaceBentNormal.ush" 2985
"../../../Engine/Shaders/Private/Lumen/LumenScreenSpaceBentNormal.usf" 2986
"../../../Engine/Shaders/Private/Lumen/LumenScreenProbeTracing.usf" 2987
"../../../Engine/Shaders/Private/Lumen/LumenScreenProbeTracingCommon.ush" 2988
"../../../Engine/Shaders/Private/Lumen/LumenFloatQuantization.ush" 2989
"../../../Engine/Shaders/Private/Lumen/LumenScreenProbeImportanceSampling.usf" 2990
"../../../Engine/Shaders/Private/Lumen/LumenScreenProbeImportanceSamplingShared.ush" 2991
"../../../Engine/Shaders/Private/Lumen/LumenScreenProbeHardwareRayTracing.usf" 2992
"../../../Engine/Shaders/Private/Lumen/LumenScreenProbeDebug.usf" 2993
"../../../Engine/Shaders/Private/Lumen/LumenScreenProbeGather.usf" 2994
"../../../Engine/Shaders/Private/Lumen/LumenScreenProbeGatherTemporal.usf" 2995
"../../../Engine/Shaders/Private/Lumen/LumenScreenProbeFiltering.usf" 2996
"../../../Engine/Shaders/Private/Lumen/LumenSceneLighting.usf" 2997
"../../../Engine/Shaders/Private/Lumen/LumenCardTile.ush" 2998
"../../../Engine/Shaders/Private/Lumen/LumenSceneLighting.ush" 2999
"../../../Engine/Shaders/Private/Lumen/Radiosity/LumenRadiosity.ush" 3000
"../../../Engine/Shaders/Private/Lumen/LumenSceneLightingDebug.usf" 3001
"../../../Engine/Shaders/Private/Lumen/LumenScene.usf" 3002
"../../../Engine/Shaders/Private/Lumen/LumenSceneDirectLightingHardwareRayTracing.usf" 3003
"../../../Engine/Shaders/Private/Lumen/LumenSceneDirectLightingStochastic.ush" 3004
"../../../Engine/Shaders/Private/Lumen/LumenSceneDirectLighting.ush" 3005
"../../../Engine/Shaders/Private/Lumen/LumenSceneDebugHardwareRayTracing.usf" 3006
"../../../Engine/Shaders/Private/Lumen/LumenSceneDirectLightingStochastic.usf" 3007
"../../../Engine/Shaders/Private/Lumen/LumenSceneDirectLightingSoftwareRayTracing.usf" 3008
"../../../Engine/Shaders/Private/DistanceFieldShadowingShared.ush" 3009
"../../../Engine/Shaders/Private/Lumen/LumenSceneDirectLightingPerLightShadowCommon.ush" 3010
"../../../Engine/Shaders/Private/Lumen/LumenSceneDirectLightingShadowMask.usf" 3011
"../../../Engine/Shaders/Private/Lumen/LumenSceneDirectLighting.usf" 3012
"../../../Engine/Shaders/Private/Lumen/LumenSceneDirectLightingCulling.usf" 3013
"../../../Engine/Shaders/Private/Lumen/LumenCardComputeShader.usf" 3014
"../../../Engine/Shaders/Private/Lumen/LumenCardBasePass.ush" 3015
"../../../Engine/Shaders/Private/Lumen/LumenCardPixelShader.usf" 3016
"../../../Engine/Shaders/Private/Lumen/LumenCardVertexShader.usf" 3017
"../../../Engine/Shaders/Private/Lumen/LumenReSTIRGather.usf" 3018
"../../../Engine/Shaders/Private/Lumen/LumenReflectionTracing.usf" 3019
"../../../Engine/Shaders/Private/Lumen/LumenReflectionDenoiserSpatial.usf" 3020
"../../../Engine/Shaders/Private/Lumen/LumenReflectionDenoiserClear.usf" 3021
"../../../Engine/Shaders/Private/Lumen/LumenReflectionDenoiserTemporal.usf" 3022
"../../../Engine/Shaders/Private/Lumen/LumenReflectionResolve.usf" 3023
"../../../Engine/Shaders/Private/Lumen/LumenReflections.usf" 3024
"../../../Engine/Shaders/Private/Lumen/RayTracedTranslucency.usf" 3025
"../../../Engine/Shaders/Private/Lumen/LumenReflectionHardwareRayTracing.usf" 3026
"../../../Engine/Shaders/Private/Lumen/Radiosity/LumenVisualizeRadiosityProbes.usf" 3027
"../../../Engine/Shaders/Private/Lumen/Radiosity/LumenRadiosity.usf" 3028
"../../../Engine/Shaders/Private/Lumen/Radiosity/LumenRadiosityHardwareRayTracing.usf" 3029
"../../../Engine/Shaders/Private/Lumen/Radiosity/LumenRadiosityCulling.usf" 3030
"../../../Engine/Shaders/Private/Lumen/LumenRadianceCacheHardwareRayTracing.usf" 3031
"../../../Engine/Shaders/Private/Lumen/LumenRadianceCache.usf" 3032
"../../../Engine/Shaders/Private/Lumen/LumenRadianceCacheUpdate.ush" 3033
"../../../Engine/Shaders/Private/Lumen/LumenRadianceCacheDebug.usf" 3034
"../../../Engine/Shaders/Private/Lumen/LumenRadianceCacheUpdate.usf" 3035
"../../../Engine/Shaders/Private/Lumen/LumenMeshSDFCulling.usf" 3036
"../../../Engine/Shaders/Private/HybridIndirectLighting.ush" 3037
"../../../Engine/Shaders/Private/MeshDistanceFieldCommon.ush" 3038
"../../../Engine/Shaders/Private/Lumen/LumenIrradianceFieldGather.usf" 3039
"../../../Engine/Shaders/Private/Lumen/LumenHardwareRayTracingMaterials.usf" 3040
"../../../Engine/Shaders/Private/Lumen/LumenFrontLayerTranslucency.usf" 3041
"../../../Engine/Shaders/Private/LocalFogVolumes/LocalFogVolumeSplat.usf" 3042
"../../../Engine/Shaders/Private/LocalFogVolumes/LocalFogVolumeTiledCulling.usf" 3043
"../../../Engine/Shaders/Private/LightShaftShader.usf" 3044
"../../../Engine/Shaders/Private/StationaryLightOverlapShaders.usf" 3045
"../../../Engine/Shaders/Private/DeferredLightPixelShaders.usf" 3046
"../../../Engine/Shaders/Private/DeferredLightVertexShaders.usf" 3047
"../../../Engine/Shaders/Private/LightMapDensityShader.usf" 3048
"../../../Engine/Shaders/Private/LightGridInjection.usf" 3049
"../../../Engine/Shaders/Shared/LightGridDefinitions.h" 3050
"../../../Engine/Shaders/Private/LightFunctionPixelShader.usf" 3051
"../../../Engine/Shaders/Private/LightFunctionVertexShader.usf" 3052
"../../../Engine/Shaders/Private/LightFunctionAtlas/LightFunctionAtlasRender.usf" 3053
"../../../Engine/Shaders/Private/InstanceCulling/InstanceCullingOcclusionQuery.usf" 3054
"../../../Engine/Shaders/Private/InstanceCulling/InstanceCullingSetup.ush" 3055
"../../../Engine/Shaders/Private/InstanceCulling/BuildInstanceDrawCommands.usf" 3056
"../../../Engine/Shaders/Private/InstanceCulling/InstanceCompactionCommon.ush" 3057
"../../../Engine/Shaders/Private/SceneDataMobileWriter.ush" 3058
"../../../Engine/Shaders/Private/InstanceCulling/CompactVisibleInstances.usf" 3059
"../../../Engine/Shaders/Private/ReflectionEnvironmentPixelShader.usf" 3060
"../../../Engine/Shaders/Private/AmbientCubemapComposite.usf" 3061
"../../../Engine/Shaders/Private/DiffuseIndirectComposite.usf" 3062
"../../../Engine/Shaders/Private/IESAtlas.usf" 3063
"../../../Engine/Shaders/Private/HeterogeneousVolumes/HeterogeneousVolumesVisualizeCascades.usf" 3064
"../../../Engine/Shaders/Private/HeterogeneousVolumes/HeterogeneousVolumesVoxelGridShadows.usf" 3065
"../../../Engine/Shaders/Private/HeterogeneousVolumes/HeterogeneousVolumesStochasticFiltering.ush" 3066
"../../../Engine/Shaders/Private/HeterogeneousVolumes/HeterogeneousVolumesVoxelGridRenderingUtils.ush" 3067
"../../../Engine/Shaders/Private/HeterogeneousVolumes/HeterogeneousVolumesLightingUtils.ush" 3068
"../../../Engine/Shaders/Private/HeterogeneousVolumes/HeterogeneousVolumesRayMarchingUtils.ush" 3069
"../../../Engine/Shaders/Private/HeterogeneousVolumes/HeterogeneousVolumesRayMarchingTypes.ush" 3070
"../../../Engine/Shaders/Private/HeterogeneousVolumes/HeterogeneousVolumesTransmittanceVolumeUtils.ush" 3071
"../../../Engine/Shaders/Private/HeterogeneousVolumes/HeterogeneousVolumesAdaptiveVolumetricShadowMapSampler.ush" 3072
"../../../Engine/Shaders/Private/HeterogeneousVolumes/HeterogeneousVolumesVoxelGridRendering.usf" 3073
"../../../Engine/Shaders/Private/HeterogeneousVolumes/HeterogeneousVolumesVoxelGridPipeline.usf" 3074
"../../../Engine/Shaders/Private/HeterogeneousVolumes/HeterogeneousVolumesMaterialBakingPipeline.usf" 3075
"../../../Engine/Shaders/Private/HeterogeneousVolumes/HeterogeneousVolumesLiveShadingUtils.ush" 3076
"../../../Engine/Shaders/Private/HeterogeneousVolumes/HeterogeneousVolumesFrustumVoxelGrid.usf" 3077
"../../../Engine/Shaders/Private/HeterogeneousVolumes/HeterogeneousVolumesSparseVoxelPipeline.usf" 3078
"../../../Engine/Shaders/Private/HeterogeneousVolumes/HeterogeneousVolumesSparseVoxelUtils.ush" 3079
"../../../Engine/Shaders/Private/HeterogeneousVolumes/HeterogeneousVolumesSparseVoxelUniformBufferUtils.ush" 3080
"../../../Engine/Shaders/Private/HeterogeneousVolumes/HeterogeneousVolumesPreshadingPipeline.usf" 3081
"../../../Engine/Shaders/Private/HeterogeneousVolumes/HeterogeneousVolumesShadowMask.usf" 3082
"../../../Engine/Shaders/Private/HeterogeneousVolumes/HeterogeneousVolumesLiveShadingShadows.usf" 3083
"../../../Engine/Shaders/Private/HeterogeneousVolumes/HeterogeneousVolumesLiveShadingGlobalPipeline.usf" 3084
"../../../Engine/Shaders/Private/HeterogeneousVolumes/HeterogeneousVolumesLiveShadingPipeline.usf" 3085
"../../../Engine/Shaders/Private/HeterogeneousVolumes/HeterogeneousVolumesHardwareRayTracing.usf" 3086
"../../../Engine/Shaders/Private/HeterogeneousVolumes/HeterogeneousVolumesAmbientOcclusionPipeline.usf" 3087
"../../../Engine/Shaders/Private/HeterogeneousVolumes/HeterogeneousVolumesComposite.usf" 3088
"../../../Engine/Shaders/Private/HdrCustomResolveShaders.usf" 3089
"../../../Engine/Shaders/Private/HairStrands/RenderCurveRaster.usf" 3090
"../../../Engine/Shaders/Shared/RenderCurveDefinitions.h" 3091
"../../../Engine/Shaders/Private/HairStrands/HairStrandsVoxelRasterCompute.usf" 3092
"../../../Engine/Shaders/Private/HairStrands/HairStrandsHitProxy.usf" 3093
"../../../Engine/Shaders/Private/HairStrands/HairStrandsVisibilityRasterComputeNaive.usf" 3094
"../../../Engine/Shaders/Private/HairStrands/HairStrandsVisibilityRasterHW.usf" 3095
"../../../Engine/Shaders/Private/HairStrands/HairStrandsVisibilityRasterCompute.usf" 3096
"../../../Engine/Shaders/Private/HairStrands/HairStrandsVisibilityRasterClassification.usf" 3097
"../../../Engine/Shaders/Private/HairStrands/HairStrandsCoverage.usf" 3098
"../../../Engine/Shaders/Private/HairStrands/HairStrandsVisibilityDepthPS.usf" 3099
"../../../Engine/Shaders/Private/HairStrands/HairStrandsVisibilityTransmittanceDepthPS.usf" 3100
"../../../Engine/Shaders/Private/HairStrands/HairStrandsVisibilityFillOpaqueDepthPS.usf" 3101
"../../../Engine/Shaders/Private/HairStrands/HairStrandsVisibilityCompactionComputeRaster.usf" 3102
"../../../Engine/Shaders/Private/HairStrands/HairStrandsVisibilityCompaction.usf" 3103
"../../../Engine/Shaders/Private/HairStrands/HairStrandsVisibilityCopyIndirectArg.usf" 3104
"../../../Engine/Shaders/Private/HairStrands/HairStrandsVisibilityClearPS.usf" 3105
"../../../Engine/Shaders/Private/HairStrands/HairStrandsVisibilityPS.usf" 3106
"../../../Engine/Shaders/Private/HairStrands/HairStrandsVisibilityVS.usf" 3107
"../../../Engine/Shaders/Private/HairStrands/HairStrandsVelocity.usf" 3108
"../../../Engine/Shaders/Private/HairStrands/HairStrandsVisibilityComputeSampleCoverage.usf" 3109
"../../../Engine/Shaders/Private/HairStrands/HairStrandsMaterialPS.usf" 3110
"../../../Engine/Shaders/Private/HairStrands/HairStrandsMaterialCommon.ush" 3111
"../../../Engine/Shaders/Private/HairStrands/HairStrandsMaterialVS.usf" 3112
"../../../Engine/Shaders/Private/HairStrands/HairStrandsLightSample.usf" 3113
"../../../Engine/Shaders/Private/HairStrands/HairStrandsDeepShadowMask.usf" 3114
"../../../Engine/Shaders/Private/HairStrands/HairStrandsDeepTransmittanceMask.usf" 3115
"../../../Engine/Shaders/Private/HairStrands/HairStrandsVisibilityTile.usf" 3116
"../../../Engine/Shaders/Private/HairStrands/HairStrandsDeepShadowPS.usf" 3117
"../../../Engine/Shaders/Private/HairStrands/HairStrandsDeepShadowVS.usf" 3118
"../../../Engine/Shaders/Private/HairStrands/HairStrandsAABB.usf" 3119
"../../../Engine/Shaders/Private/HairStrands/HairStrandsLUT.usf" 3120
"../../../Engine/Shaders/Private/HairStrands/HairStrandsForwardRaster.usf" 3121
"../../../Engine/Shaders/Private/HairStrands/HairStrandsForwardCulling.usf" 3122
"../../../Engine/Shaders/Private/HairStrands/HairStrandsEnvironmentLighting.usf" 3123
"../../../Engine/Shaders/Private/HairStrands/HairStrandsEnvironmentAO.usf" 3124
"../../../Engine/Shaders/Private/HairStrands/HairStrandsDeepShadowAllocation.usf" 3125
"../../../Engine/Shaders/Private/HairStrands/HairStrandsVoxelDebug.usf" 3126
"../../../Engine/Shaders/Private/HairStrands/HairStrandsComposition.usf" 3127
"../../../Engine/Shaders/Private/HairStrands/HairStrandsGBufferCommon.ush" 3128
"../../../Engine/Shaders/Private/GPUScene/GPUSceneDataManagement.usf" 3129
"../../../Engine/Shaders/Private/GPUSceneDebugRender.usf" 3130
"../../../Engine/Shaders/Private/GPUFeedbackCompaction.usf" 3131
"../../../Engine/Shaders/Private/GPUFastFourierTransform.usf" 3132
"../../../Engine/Shaders/Private/GPUFastFourierTransform2DCore.ush" 3133
"../../../Engine/Shaders/Private/GPUFastFourierTransformCore.ush" 3134
"../../../Engine/Shaders/Private/GPUBenchmark.usf" 3135
"../../../Engine/Shaders/Private/DistanceField/GlobalDistanceFieldDebug.usf" 3136
"../../../Engine/Shaders/Private/DistanceField/GlobalDistanceFieldUpdate.ush" 3137
"../../../Engine/Shaders/Private/DistanceField/GlobalDistanceFieldMip.usf" 3138
"../../../Engine/Shaders/Private/DistanceField/GlobalDistanceField.usf" 3139
"../../../Engine/Shaders/Private/DistanceField/GlobalDistanceFieldCompositeObjects.usf" 3140
"../../../Engine/Shaders/Private/DistanceField/GlobalDistanceFieldHeightfields.usf" 3141
"../../../Engine/Shaders/Private/HeightfieldLightingShared.ush" 3142
"../../../Engine/Shaders/Private/GenerateConservativeDepth.usf" 3143
"../../../Engine/Shaders/Private/HeightFogPixelShader.usf" 3144
"../../../Engine/Shaders/Private/HeightFogVertexShader.usf" 3145
"../../../Engine/Shaders/Private/DistortFiltering.usf" 3146
"../../../Engine/Shaders/Private/DistortAccumulatePS.usf" 3147
"../../../Engine/Shaders/Private/DistortAccumulateVS.usf" 3148
"../../../Engine/Shaders/Private/DistanceFieldVisualization.usf" 3149
"../../../Engine/Shaders/Private/DistanceFieldStreaming.usf" 3150
"../../../Engine/Shaders/Private/DistanceFieldShadowing.usf" 3151
"../../../Engine/Shaders/Private/DistanceFieldScreenGridLighting.usf" 3152
"../../../Engine/Shaders/Private/DistanceFieldObjectCulling.usf" 3153
"../../../Engine/Shaders/Private/DistanceFieldLightingPost.usf" 3154
"../../../Engine/Shaders/Private/DitheredTransitionStencil.usf" 3155
"../../../Engine/Shaders/Private/CopyDepthTexture.usf" 3156
"../../../Engine/Shaders/Private/CopyDepthTextureCS.usf" 3157
"../../../Engine/Shaders/Private/DeferredDecal.usf" 3158
"../../../Engine/Shaders/Private/DecalCommon.ush" 3159
"../../../Engine/Shaders/Private/DebugViewModeVertexShader.usf" 3160
"../../../Engine/Shaders/Private/DebugViewModeCommon.ush" 3161
"../../../Engine/Shaders/Private/DebugViewModePixelShader.usf" 3162
"../../../Engine/Shaders/Private/DebugProbes.usf" 3163
"../../../Engine/Shaders/Private/MeshDecals.usf" 3164
"../../../Engine/Shaders/Private/PostProcessAmbientOcclusion.usf" 3165
"../../../Engine/Shaders/Private/ClusteredDeferredShadingPixelShader.usf" 3166
"../../../Engine/Shaders/Private/ClusteredDeferredShadingVertexShader.usf" 3167
"../../../Engine/Shaders/Private/CapsuleShadowShaders.usf" 3168
"../../../Engine/Shaders/Private/BasePassPixelShader.usf" 3169
"../../../Engine/Shaders/Private/ForwardLightingCommon.ush" 3170
"../../../Engine/Shaders/Private/Substrate/SubstrateForwardLighting.ush" 3171
"../../../Engine/Shaders/Private/ComputeShaderOutputCommon.ush" 3172
"../../../Engine/Shaders/Private/BasePassVertexShader.usf" 3173
"../../../Engine/Shaders/Private/BasePassVertexCommon.ush" 3174
"../../../Engine/Shaders/Private/SimpleElementVolumeTexturePreviewPixelShader.usf" 3175
"../../../Engine/Shaders/Private/SimpleElementTexture2DPreviewPixelShader.usf" 3176
"../../../Engine/Shaders/Private/meshpaintdilatepixelshader.usf" 3177
"../../../Engine/Shaders/Private/meshpaintdilatevertexshader.usf" 3178
"../../../Engine/Shaders/Private/MeshPaintPixelShader.usf" 3179
"../../../Engine/Shaders/Private/MeshPaintVertexShader.usf" 3180
"../../../Engine/Shaders/Private/SlateElementPixelShader.usf" 3181
"../../../Engine/Shaders/Private/SlateShaderCommon.ush" 3182
"../../../Engine/Shaders/Private/SlateMaskingShader.usf" 3183
"../../../Engine/Shaders/Private/SlateVertexShader.usf" 3184
"../../../Engine/Shaders/Private/CompositeUIPixelShader.usf" 3185
"../../../Engine/Shaders/Private/ColorDeficiency.ush" 3186
"../../../Engine/Shaders/Private/SlatePostProcessColorDeficiencyPixelShader.usf" 3187
"../../../Engine/Shaders/Private/SlatePostProcessPixelShader.usf" 3188
"../../../Engine/Shaders/Private/Tools/VisualizeTexture.usf" 3189
"../../../Engine/Shaders/Private/UpdateDescriptorHandle.usf" 3190
"../../../Engine/Shaders/Private/ByteBuffer.usf" 3191
"../../../Engine/Shaders/Private/ShaderBundleWorkGraphDispatch.usf" 3192
"../../../Engine/Shaders/Private/ShaderBundleDispatch.usf" 3193
"../../../Engine/Shaders/Private/ResolveVertexShader.usf" 3194
"../../../Engine/Shaders/Private/ResolvePixelShader.usf" 3195
"../../../Engine/Shaders/Private/Tools/SetupIndirectArgs.usf" 3196
"../../../Engine/Shaders/Private/ClearReplacementShaders.usf" 3197
"../../../Engine/Shaders/Private/Tools/DrawTexture.usf" 3198
"../../../Engine/Shaders/Private/RayTracing/RayTracingValidation.usf" 3199
"../../../Engine/Shaders/Private/RenderGraphUtilities.usf" 3200
"../../../Engine/Shaders/Private/OneColorShader.usf" 3201
"../../../Engine/Shaders/Private/OculusShaders.usf" 3202
"../../../Engine/Shaders/Private/MediaShaders.usf" 3203
"../../../Engine/Shaders/Private/GPUMessaging.usf" 3204
"../../../Engine/Shaders/Private/Tools/GPUDebugCrashUtils.usf" 3205
"../../../Engine/Shaders/Private/NullPixelShader.usf" 3206
"../../../Engine/Shaders/Private/ComputeGenerateMips.usf" 3207
"../../../Engine/Shaders/Private/Tools/DumpTexture.usf" 3208
"../../../Engine/Shaders/Private/CopyTextureShaders.usf" 3209
"../../../Engine/Shaders/Private/Tools/FullscreenVertexShader.usf" 3210
"../../../Engine/Shaders/Private/RayTracing/RayTracingDispatchDesc.usf" 3211
"../../../Engine/Shaders/Private/Bink.usf" 3212
"../../../Engine/Shaders/Private/DepthOnlyPixelShader.usf" 3213
"../../../Engine/Shaders/Private/PositionOnlyDepthVertexShader.usf" 3214
"../../../Engine/Shaders/Private/DepthOnlyVertexShader.usf" 3215
"../../../Engine/Shaders/Private/AnisotropyPassShader.usf" 3216
"/Engine/EngineResources/WhiteSquareTexture" 3217
"../../../Engine/Content/EngineResources/WhiteSquareTexture.uasset" 3218
"/Engine/EngineResources/GradientTexture0" 3219
"../../../Engine/Content/EngineResources/GradientTexture0.uasset" 3220
"/Engine/EngineResources/Black" 3221
"../../../Engine/Content/EngineResources/Black.uasset" 3222
"/Engine/EditorResources/S_Actor" 3223
"../../../Engine/Content/EditorResources/S_Actor.uasset" 3224
"/Engine/EngineFonts/RobotoDistanceField" 3225
"../../../Engine/Content/EngineFonts/RobotoDistanceField.uasset" 3226
"/Engine/EngineMaterials/DefaultTextMaterialOpaque" 3227
"../../../Engine/Content/EngineMaterials/DefaultTextMaterialOpaque.uasset" 3228
"/Engine/Functions/Engine_MaterialFunctions01/Shading/PowerToRoughness" 3229
"../../../Engine/Content/Functions/Engine_MaterialFunctions01/Shading/PowerToRoughness.uasset" 3230
"/Engine/Functions/Engine_MaterialFunctions01/Shading/ConvertFromDiffSpec" 3231
"../../../Engine/Content/Functions/Engine_MaterialFunctions01/Shading/ConvertFromDiffSpec.uasset" 3232
"/Engine/EngineMaterials/WorldGridMaterial" 3233
"../../../Engine/Content/EngineMaterials/WorldGridMaterial.uasset" 3234
"../../../Engine/Content/Functions/Engine_MaterialFunctions01/Opacity/CameraDepthFade.uasset" 3235
"../../../Engine/Content/EngineMaterials/T_Default_Material_Grid_M.uasset" 3236
"../../../Engine/Content/EngineMaterials/T_Default_Material_Grid_N.uasset" 3237
"/Engine/EngineMaterials/DefaultDeferredDecalMaterial" 3238
"../../../Engine/Content/EngineMaterials/DefaultDeferredDecalMaterial.uasset" 3239
"../../../Engine/Content/EngineMaterials/DefaultDiffuse.uasset" 3240
"/Engine/EngineMaterials/DefaultLightFunctionMaterial" 3241
"../../../Engine/Content/EngineMaterials/DefaultLightFunctionMaterial.uasset" 3242
"/Engine/EngineMaterials/DefaultPostProcessMaterial" 3243
"../../../Engine/Content/EngineMaterials/DefaultPostProcessMaterial.uasset" 3244
"../../../Engine/Content/Functions/Engine_MaterialFunctions02/Utility/BreakOutFloat2Components.uasset" 3245
"/Engine/EditorResources/S_Trigger" 3246
"../../../Engine/Content/EditorResources/S_Trigger.uasset" 3247
"/Engine/EditorResources/S_BoxReflectionCapture" 3248
"../../../Engine/Content/EditorResources/S_BoxReflectionCapture.uasset" 3249
"/Engine/EngineResources/DefaultTexture" 3250
"../../../Engine/Content/EngineResources/DefaultTexture.uasset" 3251
"/Engine/EditorResources/S_TriggerBox" 3252
"../../../Engine/Content/EditorResources/S_TriggerBox.uasset" 3253
"/Engine/EditorResources/S_TriggerCapsule" 3254
"../../../Engine/Content/EditorResources/S_TriggerCapsule.uasset" 3255
"/Engine/EditorResources/S_TriggerSphere" 3256
"../../../Engine/Content/EditorResources/S_TriggerSphere.uasset" 3257
"/Engine/EngineMeshes/Sphere" 3258
"../../../Engine/Content/EngineMeshes/Sphere.uasset" 3259
"/Engine/EngineDamageTypes/DmgTypeBP_Environmental" 3260
"../../../Engine/Content/EngineDamageTypes/DmgTypeBP_Environmental.uasset" 3261
"/Engine/EngineResources/DefaultTextureCube" 3262
"../../../Engine/Content/EngineResources/DefaultTextureCube.uasset" 3263
"/Engine/EngineResources/DefaultVolumeTexture" 3264
"../../../Engine/Content/EngineResources/DefaultVolumeTexture.uasset" 3265
"../../../Engine/Content/EngineResources/DefaultVolumeTexture2D.uasset" 3266
"/Engine/EditorResources/S_Solver" 3267
"../../../Engine/Content/EditorResources/S_Solver.uasset" 3268
"/Engine/EngineDebugMaterials/VolumeToRender" 3269
"../../../Engine/Content/EngineDebugMaterials/VolumeToRender.uasset" 3270
"/Engine/EngineDebugMaterials/M_VolumeRenderSphereTracePP" 3271
"../../../Engine/Content/EngineDebugMaterials/M_VolumeRenderSphereTracePP.uasset" 3272
"../../../Engine/Content/Functions/Engine_MaterialFunctions02/Utility/CameraDirectionVector.uasset" 3273
"/Engine/EditorMeshes/Camera/SM_CraneRig_Base" 3274
"../../../Engine/Content/EditorMeshes/Camera/SM_CraneRig_Base.uasset" 3275
"../../../Engine/Content/EditorMaterials/Camera/MI_CineMat_Rig.uasset" 3276
"../../../Engine/Content/EditorMaterials/Camera/CineMat.uasset" 3277
"/Engine/EditorMeshes/Camera/SM_CraneRig_Arm" 3278
"../../../Engine/Content/EditorMeshes/Camera/SM_CraneRig_Arm.uasset" 3279
"/Engine/EditorMeshes/Camera/SM_CraneRig_Mount" 3280
"../../../Engine/Content/EditorMeshes/Camera/SM_CraneRig_Mount.uasset" 3281
"/Engine/EditorMeshes/Camera/SM_CraneRig_Body" 3282
"../../../Engine/Content/EditorMeshes/Camera/SM_CraneRig_Body.uasset" 3283
"/Engine/EditorMeshes/Camera/SM_RailRig_Track" 3284
"../../../Engine/Content/EditorMeshes/Camera/SM_RailRig_Track.uasset" 3285
"/Engine/EditorMeshes/Camera/SM_RailRig_Mount" 3286
"../../../Engine/Content/EditorMeshes/Camera/SM_RailRig_Mount.uasset" 3287
"/Engine/EditorLandscapeResources/SplineEditorMesh" 3288
"../../../Engine/Content/EditorLandscapeResources/SplineEditorMesh.uasset" 3289
"../../../Engine/Content/EditorLandscapeResources/SplineEditorMeshMat.uasset" 3290
"/HairStrands/Materials/HairDebugMaterial" 3291
"../../Plugins/Runtime/HairStrands/Content/Materials/HairDebugMaterial.uasset" 3292
"../../../Engine/Content/Functions/Engine_MaterialFunctions02/Utility/MakeFloat2.uasset" 3293
"../../../Engine/Content/Functions/Engine_MaterialFunctions02/Utility/MakeFloat3.uasset" 3294
"../../../Engine/Content/EngineMaterials/HairColorMap.uasset" 3295
"../../../Engine/Content/EngineMaterials/HairDebugColor.uasset" 3296
"../../Plugins/Runtime/HairStrands/Content/Materials/HairGroupColors.uasset" 3297
"/HairStrands/Materials/HairDefaultMaterial" 3298
"../../Plugins/Runtime/HairStrands/Content/Materials/HairDefaultMaterial.uasset" 3299
"/HairStrands/Materials/HairCardsDefaultMaterial" 3300
"../../Plugins/Runtime/HairStrands/Content/Materials/HairCardsDefaultMaterial.uasset" 3301
"/HairStrands/Materials/HairMeshesDefaultMaterial" 3302
"../../Plugins/Runtime/HairStrands/Content/Materials/HairMeshesDefaultMaterial.uasset" 3303
"/Engine/EngineMaterials/Widget3DPassThrough_Translucent" 3304
"../../../Engine/Content/EngineMaterials/Widget3DPassThrough_Translucent.uasset" 3305
"../../../Engine/Content/EngineMaterials/Widget3DPassThrough.uasset" 3306
"/Engine/EngineMaterials/Widget3DPassThrough_Translucent_OneSided" 3307
"../../../Engine/Content/EngineMaterials/Widget3DPassThrough_Translucent_OneSided.uasset" 3308
"/Engine/EngineMaterials/Widget3DPassThrough_Opaque" 3309
"../../../Engine/Content/EngineMaterials/Widget3DPassThrough_Opaque.uasset" 3310
"/Engine/EngineMaterials/Widget3DPassThrough_Opaque_OneSided" 3311
"../../../Engine/Content/EngineMaterials/Widget3DPassThrough_Opaque_OneSided.uasset" 3312
"/Engine/EngineMaterials/Widget3DPassThrough_Masked" 3313
"../../../Engine/Content/EngineMaterials/Widget3DPassThrough_Masked.uasset" 3314
"/Engine/EngineMaterials/Widget3DPassThrough_Masked_OneSided" 3315
"../../../Engine/Content/EngineMaterials/Widget3DPassThrough_Masked_OneSided.uasset" 3316
"/Engine/VREditor/ViewportInteractionAssetContainerData" 3317
"../../../Engine/Content/VREditor/ViewportInteractionAssetContainerData.uasset" 3318
"../../../Engine/Content/VREditor/SnapGrid/SnapGridMaterial.uasset" 3319
"../../../Engine/Content/VREditor/TransformGizmo/TransformGizmoMaterial_Inst.uasset" 3320
"../../../Engine/Content/VREditor/TransformGizmo/TranslucentTransformGizmoMaterial_Inst.uasset" 3321
"../../../Engine/Content/VREditor/SnapGrid/SnapGridPlaneMesh.uasset" 3322
"../../../Engine/Content/VREditor/Sounds/UI/Drop_Item_From_ContentBrowser.uasset" 3323
"../../../Engine/Content/VREditor/Sounds/UI/Gizmo_Handle_Clicked.uasset" 3324
"../../../Engine/Content/VREditor/Sounds/UI/Object_PickUp.uasset" 3325
"../../../Engine/Content/VREditor/Sounds/UI/Object_Snaps_To_Another_Actor.uasset" 3326
"../../../Engine/Content/VREditor/Sounds/UI/Object_Snaps_To_Grid.uasset" 3327
"../../../Engine/Content/VREditor/Sounds/UI/Scaling_Down.uasset" 3328
"../../../Engine/Content/VREditor/Sounds/UI/Scaling_Up.uasset" 3329
"../../../Engine/Content/VREditor/Sounds/UI/Selection_Changes.uasset" 3330
"../../../Engine/Content/VREditor/TransformGizmo/PlaneTranslationHandle.uasset" 3331
"../../../Engine/Content/VREditor/TransformGizmo/RotationHandleFull.uasset" 3332
"../../../Engine/Content/VREditor/TransformGizmo/RotationHandleIndicator.uasset" 3333
"../../../Engine/Content/VREditor/TransformGizmo/RotationHandleQuarter.uasset" 3334
"../../../Engine/Content/VREditor/TransformGizmo/StartRotationHandleIndicator.uasset" 3335
"../../../Engine/Content/VREditor/TransformGizmo/TransformGizmoFreeRotation.uasset" 3336
"../../../Engine/Content/VREditor/TransformGizmo/TranslateArrowHandle.uasset" 3337
"../../../Engine/Content/VREditor/TransformGizmo/UniformScaleHandle.uasset" 3338
"../../../Engine/Content/Functions/Engine_MaterialFunctions02/Math/Transform3x3Matrix.uasset" 3339
"../../../Engine/Content/Functions/Engine_MaterialFunctions02/SplitComponents.uasset" 3340
"../../../Engine/Content/VREditor/TransformGizmo/TransformGizmoMaterial.uasset" 3341
"../../../Engine/Content/VREditor/TransformGizmo/TranslucentTransformGizmoMaterial.uasset" 3342
"../../../Engine/Content/Functions/Engine_MaterialFunctions02/Utility/BreakOutFloat3Components.uasset" 3343
"../../../Engine/Content/VREditor/LaserPointer/VR_LaserPower_01.uasset" 3344
"/Engine/VREditor/TransformGizmo/BoundingBoxCorner" 3345
"../../../Engine/Content/VREditor/TransformGizmo/BoundingBoxCorner.uasset" 3346
"/Engine/VREditor/TransformGizmo/BoundingBoxEdge" 3347
"../../../Engine/Content/VREditor/TransformGizmo/BoundingBoxEdge.uasset" 3348
"/Engine/ArtTools/RenderToTexture/Meshes/S_1_Unit_Plane" 3349
"../../../Engine/Content/ArtTools/RenderToTexture/Meshes/S_1_Unit_Plane.uasset" 3350
"/Engine/EngineDebugMaterials/M_SimpleUnlitTranslucent" 3351
"../../../Engine/Content/EngineDebugMaterials/M_SimpleUnlitTranslucent.uasset" 3352
"/Engine/EngineFonts/Roboto" 3353
"../../../Engine/Content/EngineFonts/Roboto.uasset" 3354
"../../../Engine/Content/EngineFonts/Faces/DroidSansFallback.uasset" 3355
"../../../Engine/Content/EngineFonts/Faces/RobotoBold.uasset" 3356
"../../../Engine/Content/EngineFonts/Faces/RobotoBoldItalic.uasset" 3357
"../../../Engine/Content/EngineFonts/Faces/RobotoItalic.uasset" 3358
"../../../Engine/Content/EngineFonts/Faces/RobotoLight.uasset" 3359
"../../../Engine/Content/EngineFonts/Faces/RobotoRegular.uasset" 3360
"/Engine/EditorMaterials/ParticleSystems/PSysThumbnail_NoImage" 3361
"../../../Engine/Content/EditorMaterials/ParticleSystems/PSysThumbnail_NoImage.uasset" 3362
"/Engine/EditorMaterials/ParticleSystems/PSysThumbnail_OOD" 3363
"../../../Engine/Content/EditorMaterials/ParticleSystems/PSysThumbnail_OOD.uasset" 3364
"/Engine/EngineResources/LandscapeVisibilityLayerInfo" 3365
"../../../Engine/Content/EngineResources/LandscapeVisibilityLayerInfo.uasset" 3366
"../../../../../../Users/Braun/repos/ShatteredArcana/Intermediate/ShaderAutogen/PCD3D_SM5/AutogenShaderHeaders.ush" 3367
"/ACLPlugin/ACLAnimBoneCompressionSettings" 3368
"../../Plugins/Animation/ACLPlugin/Content/ACLAnimBoneCompressionSettings.uasset" 3369
"/Engine/Animation/DefaultRecorderBoneCompression" 3370
"../../../Engine/Content/Animation/DefaultRecorderBoneCompression.uasset" 3371
"/ACLPlugin/ACLAnimCurveCompressionSettings" 3372
"../../Plugins/Animation/ACLPlugin/Content/ACLAnimCurveCompressionSettings.uasset" 3373
"/Engine/Animation/DefaultVariableFrameStrippingSettings" 3374
"../../../Engine/Content/Animation/DefaultVariableFrameStrippingSettings.uasset" 3375
"/ControlRig/Controls/ControlRigXRayMaterial" 3376
"../../Plugins/Animation/ControlRig/Content/Controls/ControlRigXRayMaterial.uasset" 3377
"/ControlRig/Controls/DefaultGizmoLibraryNormalized" 3378
"../../Plugins/Animation/ControlRig/Content/Controls/DefaultGizmoLibraryNormalized.uasset" 3379
"/ControlRig/M_Manip" 3380
"../../Plugins/Animation/ControlRig/Content/M_Manip.uasset" 3381
"../../../Engine/Content/Functions/Engine_MaterialFunctions02/WorldPositionOffset/CameraOffset.uasset" 3382
"/Paper2D/MaskedUnlitSpriteMaterial" 3383
"../../Plugins/2D/Paper2D/Content/MaskedUnlitSpriteMaterial.uasset" 3384
"../../Plugins/2D/Paper2D/Content/DefaultSpriteMaterial.uasset" 3385
"../../Plugins/2D/Paper2D/Content/PlaceholderTextures/DummySpriteTexture.uasset" 3386
"/Paper2D/OpaqueUnlitSpriteMaterial" 3387
"../../Plugins/2D/Paper2D/Content/OpaqueUnlitSpriteMaterial.uasset" 3388
"/Paper2D/DefaultPaperTerrainMaterial" 3389
"../../Plugins/2D/Paper2D/Content/DefaultPaperTerrainMaterial.uasset" 3390
"../../Plugins/2D/Paper2D/Content/DummySprite.uasset" 3391
"/AudioWidgets/Resources/ScrubHandleDown_Clamped" 3392
"../../Plugins/Runtime/AudioWidgets/Content/Resources/ScrubHandleDown_Clamped.uasset" 3393
"/Engine/EditorResources/S_Note" 3394
"../../../Engine/Content/EditorResources/S_Note.uasset" 3395
"/Engine/BasicShapes/Plane" 3396
"../../../Engine/Content/BasicShapes/Plane.uasset" 3397
"../../../Engine/Config/BaseUnrealInsightsSettings.ini" 3398
"/MediaPlate/SM_MediaPlateScreen" 3399
"../../Plugins/Media/MediaPlate/Content/SM_MediaPlateScreen.uasset" 3400
"../../../Engine/Intermediate/ProjectFiles/PrimaryProjectPath.txt" 3401
"/SpeedTreeImporter/SpeedTree9/SpeedTreeMaster" 3402
"../../Plugins/Editor/SpeedTreeImporter/Content/SpeedTree9/SpeedTreeMaster.uasset" 3403
"../../../Engine/Content/Functions/Engine_MaterialFunctions02/ObjectLocalBounds.uasset" 3404
"../../../Engine/Content/Functions/Engine_MaterialFunctions02/SafeNormalize.uasset" 3405
"../../../Engine/Content/Functions/Engine_MaterialFunctions02/Utility/VectorLength.uasset" 3406
"../../../Engine/Content/Functions/Engine_MaterialFunctions02/UVs/BoundingBoxBased_0-1_UVW.uasset" 3407
"../../../Engine/Content/Functions/Engine_MaterialFunctions02/WorldPositionOffset/ObjectScale.uasset" 3408
"../../Plugins/Editor/SpeedTreeImporter/Content/SpeedTree9/SpeedTreeBranchMotion.uasset" 3409
"../../Plugins/Editor/SpeedTreeImporter/Content/SpeedTree9/SpeedTreeCameraFacing.uasset" 3410
"../../Plugins/Editor/SpeedTreeImporter/Content/SpeedTree9/SpeedTreeWind.uasset" 3411
"../../Plugins/Editor/SpeedTreeImporter/Content/SpeedTree9/SpeedTreeWindMotion.uasset" 3412
"../../Plugins/Editor/SpeedTreeImporter/Content/SpeedTree9/UnpackDirection.uasset" 3413
"../../Plugins/Editor/SpeedTreeImporter/Content/SpeedTree9/UnpackInteger3.uasset" 3414
"../../Plugins/Editor/SpeedTreeImporter/Content/SpeedTree9/Empty.uasset" 3415
"../../Plugins/Editor/SpeedTreeImporter/Content/SpeedTree9/EmptyNormal.uasset" 3416
"../../Plugins/Editor/SpeedTreeImporter/Content/SpeedTree9/game_wind_noise.uasset" 3417
"/SpeedTreeImporter/SpeedTree9/SpeedTreeBillboardMaster" 3418
"../../Plugins/Editor/SpeedTreeImporter/Content/SpeedTree9/SpeedTreeBillboardMaster.uasset" 3419
"../../Plugins/Editor/SpeedTreeImporter/Content/SpeedTree9/SpeedTreeBillboard.uasset" 3420
"/Engine/BasicShapes/BasicShapeMaterial" 3421
"../../../Engine/Content/BasicShapes/BasicShapeMaterial.uasset" 3422
"/Engine/EditorMaterials/Dataflow/DataflowVertexMaterial" 3423
"../../../Engine/Content/EditorMaterials/Dataflow/DataflowVertexMaterial.uasset" 3424
"/Engine/EditorMaterials/Dataflow/DataflowTwoSidedVertexMaterial" 3425
"../../../Engine/Content/EditorMaterials/Dataflow/DataflowTwoSidedVertexMaterial.uasset" 3426
"/MeshModelingToolsetExp/Materials/PointSetOverlaidComponentMaterial" 3427
"../../Plugins/Experimental/MeshModelingToolsetExp/Content/Materials/PointSetOverlaidComponentMaterial.uasset" 3428
"../../../Engine/Content/Functions/Engine_MaterialFunctions02/Utility/FOV.uasset" 3429
"../../../Engine/Content/Functions/Engine_MaterialFunctions02/WorldPositionOffset/V2/ObjectScale.uasset" 3430
"../../../Engine/Content/Functions/Engine_MaterialFunctions03/Viewport/MF_OrthoWidth.uasset" 3431
"../../Plugins/Experimental/MeshModelingToolsetExp/Content/Materials/GetDisplacementVectorForDepthBias.uasset" 3432
"/Engine/EditorLandscapeResources/LayerVisMaterial" 3433
"../../../Engine/Content/EditorLandscapeResources/LayerVisMaterial.uasset" 3434
"../../../Engine/Content/EditorLandscapeResources/WhiteSquareTexture.uasset" 3435
"/Engine/EditorLandscapeResources/SelectBrushMaterial_Selected" 3436
"../../../Engine/Content/EditorLandscapeResources/SelectBrushMaterial_Selected.uasset" 3437
"../../../Engine/Content/EditorLandscapeResources/SelectBrushMaterial.uasset" 3438
"../../../Engine/Content/Functions/Engine_MaterialFunctions03/Math/WithinRangeFloat2.uasset" 3439
"../../../Engine/Content/EditorLandscapeResources/DefaultAlphaTexture.uasset" 3440
"/Engine/EditorLandscapeResources/SelectBrushMaterial_SelectedRegion" 3441
"../../../Engine/Content/EditorLandscapeResources/SelectBrushMaterial_SelectedRegion.uasset" 3442
"/Engine/EditorLandscapeResources/MaskBrushMaterial_MaskedRegion" 3443
"../../../Engine/Content/EditorLandscapeResources/MaskBrushMaterial_MaskedRegion.uasset" 3444
"../../../Engine/Content/EditorLandscapeResources/MaskBrushMaterial.uasset" 3445
"/Engine/EditorLandscapeResources/ColorMaskBrushMaterial_MaskedRegion" 3446
"../../../Engine/Content/EditorLandscapeResources/ColorMaskBrushMaterial_MaskedRegion.uasset" 3447
"../../../Engine/Content/EditorLandscapeResources/ColorMaskBrushMaterial.uasset" 3448
"/Engine/EditorLandscapeResources/LandscapeDirtyMaterial" 3449
"../../../Engine/Content/EditorLandscapeResources/LandscapeDirtyMaterial.uasset" 3450
"/Engine/EditorLandscapeResources/LandscapeLayerUsageMaterial" 3451
"../../../Engine/Content/EditorLandscapeResources/LandscapeLayerUsageMaterial.uasset" 3452
"../../../Engine/Content/Functions/Engine_MaterialFunctions01/Debug/DebugIntValues.uasset" 3453
"../../../Engine/Content/Functions/Engine_MaterialFunctions01/Texturing/ScaleUVsByCenter.uasset" 3454
"../../../Engine/Content/Functions/Engine_MaterialFunctions02/WorldPositionOffset/LocalPosition.uasset" 3455
"../../../Engine/Content/Functions/Engine_MaterialFunctions01/Texturing/TextureCropping.uasset" 3456
"../../../Engine/Content/Functions/Engine_MaterialFunctions02/ExampleContent/DebugNumberStrip.uasset" 3457
"C:/Users/Braun/AppData/Local/UnrealEngine/Editor/UInteractiveToolsPresetCollectionAsset_DefaultCollection.json" 3458
"/Engine/EngineMaterials/NaniteHiddenSectionMaterial" 3459
"../../../Engine/Content/EngineMaterials/NaniteHiddenSectionMaterial.uasset" 3460
"/Engine/EngineMaterials/RemoveSurfaceMaterial" 3461
"../../../Engine/Content/EngineMaterials/RemoveSurfaceMaterial.uasset" 3462
"/Engine/EngineDebugMaterials/DebugMeshMaterial" 3463
"../../../Engine/Content/EngineDebugMaterials/DebugMeshMaterial.uasset" 3464
"/Engine/EngineMaterials/EmissiveMeshMaterial" 3465
"../../../Engine/Content/EngineMaterials/EmissiveMeshMaterial.uasset" 3466
"../../../Engine/Content/EngineMaterials/DefaultWhiteGrid_Low.uasset" 3467
"/Engine/EngineMaterials/M_InvalidLightmapSettings" 3468
"../../../Engine/Content/EngineMaterials/M_InvalidLightmapSettings.uasset" 3469
"../../../Engine/Content/EngineMaterials/InvalidLightmapSettings.uasset" 3470
"/Engine/EngineMaterials/GizmoMaterial" 3471
"../../../Engine/Content/EngineMaterials/GizmoMaterial.uasset" 3472
"/Engine/EngineMaterials/PhAT_JointLimitMaterial" 3473
"../../../Engine/Content/EngineMaterials/PhAT_JointLimitMaterial.uasset" 3474
"/Engine/EngineMaterials/FlattenMaterial" 3475
"../../../Engine/Content/EngineMaterials/FlattenMaterial.uasset" 3476
"../../../Engine/Content/EngineMaterials/BaseFlattenDiffuseMap.uasset" 3477
"../../../Engine/Content/EngineMaterials/BaseFlattenEmissiveMap.uasset" 3478
"../../../Engine/Content/EngineMaterials/BaseFlattenGrayscaleMap.uasset" 3479
"../../../Engine/Content/EngineMaterials/BaseFlattenLinearColor.uasset" 3480
"../../../Engine/Content/EngineMaterials/BaseFlattenNormalMap.uasset" 3481
"../../../Engine/Content/Functions/Engine_MaterialFunctions02/PivotPainter2/Black_1x1_EXR_Texture.uasset" 3482
"/Engine/EngineMaterials/FlattenMaterial_VT" 3483
"../../../Engine/Content/EngineMaterials/FlattenMaterial_VT.uasset" 3484
"../../../Engine/Content/EngineMaterials/BaseFlattenDiffuseMap_VT.uasset" 3485
"../../../Engine/Content/EngineMaterials/BaseFlattenEmissiveMap_VT.uasset" 3486
"../../../Engine/Content/EngineMaterials/BaseFlattenGrayscaleMap_VT.uasset" 3487
"../../../Engine/Content/EngineMaterials/BaseFlattenLinearColor_VT.uasset" 3488
"../../../Engine/Content/EngineMaterials/BaseFlattenNormalMap_VT.uasset" 3489
"../../../Engine/Content/EngineMaterials/Black_1x1_EXR_Texture_VT.uasset" 3490
"/Engine/EngineMaterials/FlattenMaterial_WS_Normal_VT" 3491
"../../../Engine/Content/EngineMaterials/FlattenMaterial_WS_Normal_VT.uasset" 3492
"/Engine/EngineMaterials/Good64x64TilingNoiseHighFreq" 3493
"../../../Engine/Content/EngineMaterials/Good64x64TilingNoiseHighFreq.uasset" 3494
"/Engine/EngineMaterials/DefaultBokeh" 3495
"../../../Engine/Content/EngineMaterials/DefaultBokeh.uasset" 3496
"/Engine/EngineMaterials/MiniFont" 3497
"../../../Engine/Content/EngineMaterials/MiniFont.uasset" 3498
"/Engine/EngineMaterials/WeightMapPlaceholderTexture" 3499
"../../../Engine/Content/EngineMaterials/WeightMapPlaceholderTexture.uasset" 3500
"/Engine/EngineMaterials/WeightMapArrayPlaceholderTexture" 3501
"../../../Engine/Content/EngineMaterials/WeightMapArrayPlaceholderTexture.uasset" 3502
"/Engine/EngineMaterials/DefaultWhiteGrid" 3503
"../../../Engine/Content/EngineMaterials/DefaultWhiteGrid.uasset" 3504
"/Engine/EngineMaterials/PreintegratedSkinBRDF" 3505
"../../../Engine/Content/EngineMaterials/PreintegratedSkinBRDF.uasset" 3506
"/Engine/EngineMaterials/LTC/GGX_LTCAmp" 3507
"../../../Engine/Content/EngineMaterials/LTC/GGX_LTCAmp.uasset" 3508
"/Engine/EngineMaterials/LTC/GGX_LTCMat" 3509
"../../../Engine/Content/EngineMaterials/LTC/GGX_LTCMat.uasset" 3510
"/Engine/EngineMaterials/EnergyConservation/GGX_ReflectionEnergy" 3511
"../../../Engine/Content/EngineMaterials/EnergyConservation/GGX_ReflectionEnergy.uasset" 3512
"/Engine/EngineMaterials/EnergyConservation/GGX_TransmissionEnergyArray" 3513
"../../../Engine/Content/EngineMaterials/EnergyConservation/GGX_TransmissionEnergyArray.uasset" 3514
"/Engine/EngineMaterials/EnergyConservation/SheenLegacy_Energy" 3515
"../../../Engine/Content/EngineMaterials/EnergyConservation/SheenLegacy_Energy.uasset" 3516
"/Engine/EngineMaterials/DefaultPhysicalMaterial" 3517
"../../../Engine/Content/EngineMaterials/DefaultPhysicalMaterial.uasset" 3518
"/Engine/EngineMaterials/DefaultDestructiblePhysicalMaterial" 3519
"../../../Engine/Content/EngineMaterials/DefaultDestructiblePhysicalMaterial.uasset" 3520
"/Niagara/ParameterDefinitions/CoreParameters" 3521
"../../Plugins/FX/Niagara/Content/ParameterDefinitions/CoreParameters.uasset" 3522
"/Niagara/ParameterDefinitions/DecalRenderer" 3523
"../../Plugins/FX/Niagara/Content/ParameterDefinitions/DecalRenderer.uasset" 3524
"/Niagara/ParameterDefinitions/LightRenderer" 3525
"../../Plugins/FX/Niagara/Content/ParameterDefinitions/LightRenderer.uasset" 3526
"/Niagara/ParameterDefinitions/MeshRenderer" 3527
"../../Plugins/FX/Niagara/Content/ParameterDefinitions/MeshRenderer.uasset" 3528
"/Niagara/ParameterDefinitions/RibbonRenderer" 3529
"../../Plugins/FX/Niagara/Content/ParameterDefinitions/RibbonRenderer.uasset" 3530
"/Niagara/ParameterDefinitions/SpriteRenderer" 3531
"../../Plugins/FX/Niagara/Content/ParameterDefinitions/SpriteRenderer.uasset" 3532
"/DeformerGraph/Deformers/DG_LinearBlendSkin_Morph_Cloth" 3533
"../../Plugins/Animation/DeformerGraph/Content/Deformers/DG_LinearBlendSkin_Morph_Cloth.uasset" 3534
"../../Plugins/Animation/DeformerGraph/Content/DeformerFunctions/DG_Function_LinearBlendSkin_Morph_Cloth.uasset" 3535
"/DeformerGraph/Deformers/DG_LinearBlendSkin_Morph_Cloth_RecomputeNormals" 3536
"../../Plugins/Animation/DeformerGraph/Content/Deformers/DG_LinearBlendSkin_Morph_Cloth_RecomputeNormals.uasset" 3537
"../../Plugins/Animation/DeformerGraph/Content/DeformerFunctions/DG_Function_ComputeNormalsTangents.uasset" 3538
"../../Plugins/Animation/DeformerGraph/Content/DeformerFunctions/DG_Function_LinearBlendSkin_Morph_Cloth_PositionOnly.uasset" 3539
"/Engine/EditorResources/SequenceRecorder/Countdown" 3540
"../../../Engine/Content/EditorResources/SequenceRecorder/Countdown.uasset" 3541
"/Engine/EditorResources/SequenceRecorder/RecordingIndicator" 3542
"../../../Engine/Content/EditorResources/SequenceRecorder/RecordingIndicator.uasset" 3543
"/Engine/EditorMaterials/PhAT_UnselectedMaterial" 3544
"../../../Engine/Content/EditorMaterials/PhAT_UnselectedMaterial.uasset" 3545
"/Engine/EditorMaterials/PhAT_NoCollisionMaterial" 3546
"../../../Engine/Content/EditorMaterials/PhAT_NoCollisionMaterial.uasset" 3547
"/Engine/BasicShapes/Cube" 3548
"../../../Engine/Content/BasicShapes/Cube.uasset" 3549
"/Engine/BasicShapes/Sphere" 3550
"../../../Engine/Content/BasicShapes/Sphere.uasset" 3551
"../../../Engine/Content/EngineMaterials/DefaultMaterial.uasset" 3552
"/Engine/BasicShapes/Cylinder" 3553
"../../../Engine/Content/BasicShapes/Cylinder.uasset" 3554
"/Engine/BasicShapes/Cone" 3555
"../../../Engine/Content/BasicShapes/Cone.uasset" 3556
"../../../Engine/Documentation/Source/Shared/Types/ABrush/ABrush.INT.udn" 3557
"../../../Engine/Content/Internationalization/icudt64l/brkitr/en_US.res" 3558
"../../../Engine/Content/Internationalization/icudt64l/brkitr/en.res" 3559
"../../../Engine/Content/Internationalization/icudt64l/brkitr/root.res" 3560
"../../../Engine/Content/Internationalization/icudt64l/brkitr/char.brk" 3561
"../../../Engine/Content/Internationalization/icudt64l/brkitr/word.brk" 3562
"/Engine/EditorResources/S_Terrain" 3563
"../../../Engine/Content/EditorResources/S_Terrain.uasset" 3564
"../../../Engine/Plugins/FX/Niagara/Shaders/Private/NiagaraDataInterfaceTexture2DArrayTemplate.ush" 3565
"../../../Engine/Plugins/FX/Niagara/Shaders/Private/NiagaraDataInterfaceActorComponentTemplate.ush" 3566
"../../../Engine/Plugins/FX/Niagara/Shaders/Private/NiagaraDataInterfaceArrayTemplate.ush" 3567
"../../../Engine/Plugins/FX/Niagara/Shaders/Private/NiagaraDataInterfaceArrayRWTemplate.ush" 3568
"../../../Engine/Plugins/FX/Niagara/Shaders/Private/NiagaraDataInterfaceArrayDistributionIntTemplate.ush" 3569
"../../../Engine/Plugins/FX/Niagara/Shaders/Private/NiagaraDataInterfaceAsyncGpuTrace.ush" 3570
"../../../Engine/Plugins/FX/Niagara/Shaders/Private/NiagaraDataInterfaceAsyncGpuTraceTemplate.ush" 3571
"../../../Engine/Plugins/FX/Niagara/Shaders/Private/NiagaraDataInterfaceCamera.ush" 3572
"../../../Engine/Plugins/Experimental/ChaosNiagara/Shaders/NiagaraDataInterfaceChaosDestruction.ush" 3573
"../../../Engine/Plugins/FX/Niagara/Shaders/Private/NiagaraDataInterfaceCollisionQuery.ush" 3574
"C:/Users/Braun/repos/ShatteredArcana/Intermediate/ShaderAutogen/PCD3D_SM5/AutogenShaderHeaders.ush" 3575
"../../../Engine/Plugins/FX/Niagara/Shaders/Private/NiagaraDataInterfaceCollisionQueryTemplate.ush" 3576
"../../../Engine/Plugins/FX/Niagara/Shaders/Private/NiagaraDataInterfaceCurveTemplate.ush" 3577
"../../../Engine/Plugins/FX/Niagara/Shaders/Private/NiagaraDataInterfaceCubeTextureTemplate.ush" 3578
"../../../Engine/Plugins/FX/Niagara/Shaders/Private/DataChannel/NiagaraDataInterfaceDataChannelCommon.ush" 3579
"../../../Engine/Plugins/FX/Niagara/Shaders/Private/DataChannel/NiagaraDataInterfaceDataChannelTemplateCommon.ush" 3580
"../../../Engine/Plugins/FX/Niagara/Shaders/Private/DataChannel/NiagaraDataInterfaceDataChannelTemplateReadCommon.ush" 3581
"../../../Engine/Plugins/FX/Niagara/Shaders/Private/DataChannel/NiagaraDataInterfaceDataChannelTemplate_Read.ush" 3582
"../../../Engine/Plugins/FX/Niagara/Shaders/Private/DataChannel/NiagaraDataInterfaceDataChannelTemplate_Consume.ush" 3583
"../../../Engine/Plugins/FX/Niagara/Shaders/Private/DataChannel/NiagaraDataInterfaceDataChannelTemplateWriteCommon.ush" 3584
"../../../Engine/Plugins/FX/Niagara/Shaders/Private/DataChannel/NiagaraDataInterfaceDataChannelTemplate_Append.ush" 3585
"../../../Engine/Plugins/FX/Niagara/Shaders/Private/NiagaraDataInterfaceDataTableTemplate.ush" 3586
"../../../Engine/Plugins/FX/Niagara/Shaders/Private/NiagaraDataInterfaceDebugDraw.ush" 3587
"../../../Engine/Plugins/FX/Niagara/Shaders/Private/NiagaraDataInterfaceDebugDrawTemplate.ush" 3588
"../../../Engine/Plugins/FX/Niagara/Shaders/Private/NiagaraDataInterfaceDynamicMeshTemplate.ush" 3589
"../../../Engine/Plugins/FX/Niagara/Shaders/Private/NiagaraDataInterfaceEmitterPropertiesTemplate.ush" 3590
"../../../Engine/Plugins/FX/Niagara/Shaders/Private/NiagaraDataInterfaceExportTemplate.ush" 3591
"../../../Engine/Plugins/FX/Niagara/Shaders/Private/NiagaraDataInterfaceGBufferTemplate.ush" 3592
"../../../Engine/Plugins/Experimental/ChaosNiagara/Shaders/NiagaraDataInterfaceGeometryCollection.ush" 3593
"../../../Engine/Plugins/FX/Niagara/Shaders/Private/NiagaraTransformUtils.ush" 3594
"../../../Engine/Plugins/Runtime/HairStrands/Shaders/Private/NiagaraStrandsExternalForce.ush" 3595
"../../../Engine/Plugins/Runtime/HairStrands/Shaders/Private/NiagaraHookeSpringMaterial.ush" 3596
"../../../Engine/Plugins/Runtime/HairStrands/Shaders/Private/NiagaraAngularSpringMaterial.ush" 3597
"../../../Engine/Plugins/Runtime/HairStrands/Shaders/Private/NiagaraConstantVolumeMaterial.ush" 3598
"../../../Engine/Plugins/Runtime/HairStrands/Shaders/Private/NiagaraCosseratRodMaterial.ush" 3599
"../../../Engine/Plugins/Runtime/HairStrands/Shaders/Private/NiagaraStaticCollisionConstraint.ush" 3600
"../../../Engine/Plugins/Runtime/HairStrands/Shaders/Private/NiagaraDataInterfaceHairStrands.ush" 3601
"../../../Engine/Plugins/Runtime/HairStrands/Shaders/Private/NiagaraDataInterfaceHairStrandsTemplate.ush" 3602
"../../../Engine/Plugins/FX/Niagara/Shaders/Private/NiagaraDataInterfaceIntRenderTarget2D.ush" 3603
"../../../Engine/Plugins/FX/Niagara/Shaders/Private/NiagaraDataInterfaceLandscape.ush" 3604
"../../../Engine/Plugins/FX/Niagara/Shaders/Private/NiagaraDataInterfaceMemoryBufferTemplate.ush" 3605
"../../../Engine/Plugins/FX/Niagara/Shaders/Private/NiagaraDataInterfaceMeshRendererInfoTemplate.ush" 3606
"../../../Engine/Plugins/FX/Niagara/Shaders/Private/NiagaraDataInterfaceOcclusion.ush" 3607
"../../../Engine/Plugins/FX/Niagara/Shaders/Private/NiagaraDataInterfacePhysicsAsset.ush" 3608
"../../../Engine/Plugins/Experimental/ChaosNiagara/Shaders/NiagaraDataInterfacePhysicsField.ush" 3609
"../../../Engine/Plugins/FX/Niagara/Shaders/Private/NiagaraDataInterfacePlatformSetTemplate.ush" 3610
"../../../Engine/Plugins/Runtime/HairStrands/Shaders/Private/NiagaraDataInterfaceVelocityGrid.ush" 3611
"../../../Engine/Plugins/Runtime/HairStrands/Shaders/Private/NiagaraDataInterfaceVelocityGridTemplate.ush" 3612
"../../../Engine/Plugins/Runtime/HairStrands/Shaders/Private/NiagaraDataInterfacePressureGrid.ush" 3613
"../../../Engine/Plugins/Runtime/HairStrands/Shaders/Private/NiagaraDataInterfacePressureGridTemplate.ush" 3614
"../../../Engine/Plugins/FX/Niagara/Shaders/Private/NiagaraDataInterfaceRenderTarget2DTemplate.ush" 3615
"../../../Engine/Plugins/FX/Niagara/Shaders/Private/NiagaraDataInterfaceRenderTarget2DArrayTemplate.ush" 3616
"../../../Engine/Plugins/FX/Niagara/Shaders/Private/NiagaraDataInterfaceRenderTargetCubeTemplate.ush" 3617
"../../../Engine/Plugins/FX/Niagara/Shaders/Private/NiagaraDataInterfaceRenderTargetVolumeTemplate.ush" 3618
"../../../Engine/Plugins/FX/Niagara/Shaders/Private/NiagaraDataInterfaceRigidMeshCollisionQuery.ush" 3619
"../../../Engine/Plugins/FX/Niagara/Shaders/Private/NiagaraDistanceFieldQueries.ush" 3620
"../../../Engine/Plugins/FX/Niagara/Shaders/Private/NiagaraDataInterfaceSceneCapture2DTemplate.ush" 3621
"../../../Engine/Plugins/FX/Niagara/Shaders/Private/NiagaraDataInterfaceSimCacheReaderTemplate.ush" 3622
"../../../Engine/Plugins/FX/Niagara/Shaders/Private/NiagaraDataInterfaceSimpleCounterTemplate.ush" 3623
"../../../Engine/Plugins/FX/Niagara/Shaders/Private/NiagaraDataInterfaceSkeletalMesh.ush" 3624
"../../../Engine/Plugins/FX/Niagara/Shaders/Private/NiagaraBaryCentricUtils.ush" 3625
"../../../Engine/Plugins/FX/Niagara/Shaders/Private/NiagaraDataInterfaceSkeletalMeshTemplate.ush" 3626
"../../../Engine/Plugins/FX/Niagara/Shaders/Private/NiagaraDataInterfaceSocketReaderTemplate.ush" 3627
"../../../Engine/Plugins/FX/Niagara/Shaders/Private/NiagaraDataInterfaceSparseVolumeTextureTemplate.ush" 3628
"../../../Engine/Plugins/FX/Niagara/Shaders/Private/NiagaraDataInterfaceSplineTemplate.ush" 3629
"../../../Engine/Plugins/FX/Niagara/Shaders/Private/NiagaraDataInterfaceSpriteRendererInfoTemplate.ush" 3630
"../../../Engine/Plugins/FX/Niagara/Shaders/Private/NiagaraDataInterfaceStaticMeshTemplate.ush" 3631
"../../../Engine/Plugins/FX/Niagara/Shaders/Private/NiagaraDataInterfaceTextureTemplate.ush" 3632
"../../../Engine/Plugins/FX/Niagara/Shaders/Private/NiagaraDataInterfaceVirtualTexture.ush" 3633
"../../../Engine/Plugins/FX/Niagara/Shaders/Private/NiagaraDataInterfaceVirtualTextureTemplate.ush" 3634
"../../../Engine/Plugins/FX/Niagara/Shaders/Private/NiagaraDataInterfaceVirtualTextureSampleTemplate.ush" 3635
"../../../Engine/Plugins/FX/Niagara/Shaders/Private/NiagaraDataInterfaceVolumeCache.ush" 3636
"../../../Engine/Plugins/FX/Niagara/Shaders/Private/NiagaraDataInterfaceVolumeTextureTemplate.ush" 3637
"../../../Engine/Content/EngineSounds/Submixes/MasterReverbEffectPreset.uasset" 3638
"../../../Engine/Content/EngineSounds/Submixes/MasterSubmixDefault.uasset" 3639
"../../../Engine/Content/EngineSounds/Submixes/MasterReverbSubmixDefault.uasset" 3640
"../../../Engine/Plugins/Interchange/Assets/Content/gltf/MaterialFunctions/MF_TransformUVs.uasset" 3641
"../../../Engine/Plugins/Interchange/Assets/Content/gltf/Textures/T_Anisotropy_Direction_Linear.uasset" 3642
"../../../Engine/Plugins/Interchange/Assets/Content/gltf/MaterialFunctions/MF_Specular.uasset" 3643
"../../../Engine/Content/EngineSounds/Submixes/MasterEQEffectPreset.uasset" 3644
"../../../Engine/Plugins/Interchange/Assets/Content/gltf/MaterialFunctions/MF_Occlusion.uasset" 3645
"../../../Engine/Plugins/Interchange/Assets/Content/gltf/MaterialFunctions/MF_MetallicRoughness.uasset" 3646
"../../../Engine/Plugins/Interchange/Assets/Content/gltf/MaterialFunctions/MF_ScaleNormal.uasset" 3647
"../../../Engine/Plugins/Interchange/Assets/Content/Functions/MF_IridescenceNoLUT.uasset" 3648
"../../../Engine/Plugins/Interchange/Assets/Content/gltf/MaterialFunctions/MF_Iridescence.uasset" 3649
"../../../Engine/Plugins/Interchange/Assets/Content/gltf/MaterialFunctions/MF_SpecularAnisotropy.uasset" 3650
"../../../Engine/Plugins/Interchange/Assets/Content/gltf/Textures/T_White_Linear.uasset" 3651
"../../../Engine/Plugins/Interchange/Assets/Content/gltf/MaterialFunctions/MF_Normals.uasset" 3652
"../../../Engine/Plugins/Interchange/Assets/Content/gltf/MaterialFunctions/MF_IOR.uasset" 3653
"../../../Engine/Content/EngineSounds/Submixes/MasterEQSubmixDefault.uasset" 3654
"../../../Engine/Plugins/Interchange/Assets/Content/gltf/MaterialFunctions/MF_BaseColor.uasset" 3655
"/Engine/EngineSounds/Submixes/MasterReverbEffectPreset" 3656
"../../../Engine/Plugins/Interchange/Assets/Content/gltf/Textures/T_Generic_N.uasset" 3657
"../../../Engine/Plugins/Interchange/Assets/Content/gltf/MaterialFunctions/MF_RotateNormals_TS.uasset" 3658
"../../../Engine/Plugins/Interchange/Assets/Content/Functions/MF_Iridescence.uasset" 3659
"../../../Engine/Content/Functions/Engine_MaterialFunctions01/Texturing/FlattenNormal.uasset" 3660
"../../../Engine/Plugins/Interchange/Assets/Content/gltf/M_ClearCoat.uasset" 3661
"../../../Engine/Plugins/Interchange/Assets/Content/gltf/MaterialInstances/MI_ClearCoat_Opaque.uasset" 3662
"../../../Engine/Plugins/Interchange/Assets/Content/gltf/MaterialInstances/MI_ClearCoat_Mask.uasset" 3663
"../../../Engine/Plugins/Interchange/Assets/Content/gltf/MaterialFunctions/MF_Clearcoat.uasset" 3664
"../../../Engine/Plugins/Interchange/Assets/Content/gltf/Textures/T_White_srgb.uasset" 3665
"../../../Engine/Plugins/Interchange/Assets/Content/gltf/MaterialFunctions/MF_Emissive.uasset" 3666
"../../../Engine/Plugins/Interchange/Assets/Content/gltf/MaterialBodies/MF_ClearCoat_Body.uasset" 3667
"../../../Engine/Content/Functions/Engine_MaterialFunctions03/Math/RemapValueRange.uasset" 3668
"../../../Engine/Plugins/Interchange/Assets/Content/Utilities/New_LUT.uasset" 3669
"../../../Engine/Plugins/Interchange/Assets/Content/gltf/MaterialFunctions/MF_RotateV2.uasset" 3670
"/Engine/EngineSounds/Submixes/MasterEQEffectPreset" 3671
"/InterchangeAssets/gltf/Textures/T_Anisotropy_Direction_Linear" 3672
"/InterchangeAssets/gltf/MaterialFunctions/MF_ScaleNormal" 3673
"../../../Engine/Plugins/Interchange/Assets/Content/gltf/MaterialInstances/MI_ClearCoat_Mask_DS.uasset" 3674
"../../../Engine/Plugins/Interchange/Assets/Content/gltf/MaterialInstances/MI_ClearCoat_Blend.uasset" 3675
"../../../Engine/Plugins/Interchange/Assets/Content/gltf/MaterialInstances/MI_ClearCoat_Blend_DS.uasset" 3676
"../../../Engine/Plugins/Interchange/Assets/Content/gltf/MaterialInstances/MI_ClearCoat_Opaque_DS.uasset" 3677
"/Engine/EngineSounds/Submixes/MasterEQSubmixDefault" 3678
"/InterchangeAssets/gltf/MaterialFunctions/MF_RotateV2" 3679
"/InterchangeAssets/gltf/MaterialFunctions/MF_TransformUVs" 3680
"/InterchangeAssets/gltf/MaterialFunctions/MF_SpecularAnisotropy" 3681
"/InterchangeAssets/gltf/MaterialFunctions/MF_Specular" 3682
"/InterchangeAssets/gltf/MaterialFunctions/MF_Occlusion" 3683
"/InterchangeAssets/gltf/MaterialFunctions/MF_Normals" 3684
"/InterchangeAssets/gltf/MaterialFunctions/MF_MetallicRoughness" 3685
"/InterchangeAssets/Functions/MF_IridescenceNoLUT" 3686
"/InterchangeAssets/gltf/MaterialFunctions/MF_Iridescence" 3687
"/InterchangeAssets/gltf/MaterialFunctions/MF_IOR" 3688
"/InterchangeAssets/gltf/MaterialFunctions/MF_Emissive" 3689
"/InterchangeAssets/gltf/MaterialFunctions/MF_Clearcoat" 3690
"/InterchangeAssets/gltf/MaterialFunctions/MF_BaseColor" 3691
"/InterchangeAssets/gltf/MaterialBodies/MF_ClearCoat_Body" 3692
"/Engine/Functions/Engine_MaterialFunctions03/Math/RemapValueRange" 3693
"/InterchangeAssets/Utilities/New_LUT" 3694
"/InterchangeAssets/Functions/MF_Iridescence" 3695
"/InterchangeAssets/gltf/M_ClearCoat" 3696
"/InterchangeAssets/gltf/MaterialInstances/MI_ClearCoat_Opaque" 3697
"/InterchangeAssets/gltf/MaterialInstances/MI_ClearCoat_Mask" 3698
"../../../Engine/Plugins/Interchange/Assets/Content/gltf/MaterialBodies/MF_Default_Body.uasset" 3699
"../../../Engine/Plugins/Interchange/Assets/Content/gltf/M_Default.uasset" 3700
"../../../Engine/Plugins/Interchange/Assets/Content/gltf/MaterialInstances/MI_Default_Opaque.uasset" 3701
"../../../Engine/Plugins/Interchange/Assets/Content/gltf/MaterialInstances/MI_Default_Mask.uasset" 3702
"../../../Engine/Plugins/Interchange/Assets/Content/gltf/MaterialFunctions/MF_Sheen.uasset" 3703
"../../../Engine/Plugins/Interchange/Assets/Content/gltf/MaterialInstances/MI_Default_Opaque_DS.uasset" 3704
"../../../Engine/Plugins/Interchange/Assets/Content/gltf/MaterialBodies/MF_Sheen_Body.uasset" 3705
"../../../Engine/Plugins/Interchange/Assets/Content/gltf/MaterialInstances/MI_Sheen_Blend.uasset" 3706
"../../../Engine/Plugins/Interchange/Assets/Content/gltf/MaterialInstances/MI_Default_Blend_DS.uasset" 3707
"../../../Engine/Plugins/Interchange/Assets/Content/gltf/MaterialInstances/MI_Default_Blend.uasset" 3708
"../../../Engine/Plugins/Interchange/Assets/Content/gltf/MaterialInstances/MI_Sheen_Opaque_DS.uasset" 3709
"../../../Engine/Plugins/Interchange/Assets/Content/gltf/MaterialInstances/MI_Sheen_Mask_DS.uasset" 3710
"../../../Engine/Plugins/Interchange/Assets/Content/gltf/MaterialBodies/MF_Transmission_Body.uasset" 3711
"../../../Engine/Plugins/Interchange/Assets/Content/gltf/MaterialFunctions/MF_Temporal_Blur.uasset" 3712
"/InterchangeAssets/gltf/MaterialInstances/MI_ClearCoat_Blend_DS" 3713
"../../../Engine/Plugins/Interchange/Assets/Content/gltf/MaterialInstances/MI_Sheen_Blend_DS.uasset" 3714
"../../../Engine/Plugins/Interchange/Assets/Content/gltf/M_Transmission.uasset" 3715
"../../../Engine/Plugins/Interchange/Assets/Content/gltf/MaterialInstances/MI_Transmission.uasset" 3716
"../../../Engine/Content/Functions/Engine_MaterialFunctions02/Math/AddComponents.uasset" 3717
"../../../Engine/Plugins/Interchange/Assets/Content/gltf/MaterialInstances/MI_Sheen_Mask.uasset" 3718
"../../../Engine/Plugins/Interchange/Assets/Content/gltf/MaterialInstances/MI_Default_Mask_DS.uasset" 3719
"../../../Engine/Plugins/Interchange/Assets/Content/gltf/MaterialFunctions/MF_PerceivedBrightness.uasset" 3720
"../../../Engine/Plugins/Interchange/Assets/Content/gltf/MaterialFunctions/MF_SpecGlossToMetalRoughness.uasset" 3721
"../../../Engine/Plugins/Interchange/Assets/Content/gltf/MaterialFunctions/MF_Fresnel_DS.uasset" 3722
"../../../Engine/Plugins/Interchange/Assets/Content/gltf/M_Sheen.uasset" 3723
"../../../Engine/Plugins/Interchange/Assets/Content/gltf/MaterialInstances/MI_Transmission_DS.uasset" 3724
"../../../Engine/Content/Functions/Engine_MaterialFunctions02/Texturing/ScreenAlignedPixelToPixelUVs.uasset" 3725
"../../../Engine/Plugins/Interchange/Assets/Content/gltf/MaterialFunctions/MF_Transmission.uasset" 3726
"../../../Engine/Plugins/Interchange/Assets/Content/gltf/MaterialInstances/MI_Sheen_Opaque.uasset" 3727
"/InterchangeAssets/gltf/MaterialInstances/MI_ClearCoat_Mask_DS" 3728
"/InterchangeAssets/gltf/MaterialInstances/MI_ClearCoat_Opaque_DS" 3729
"/InterchangeAssets/gltf/MaterialInstances/MI_ClearCoat_Blend" 3730
"/InterchangeAssets/gltf/MaterialFunctions/MF_Sheen" 3731
"/InterchangeAssets/gltf/MaterialInstances/MI_Default_Mask" 3732
"/InterchangeAssets/gltf/MaterialInstances/MI_Default_Opaque" 3733
"../../../Engine/Plugins/Interchange/Assets/Content/gltf/MaterialFunctions/MF_MaxComponentValue.uasset" 3734
"../../../Engine/Plugins/Interchange/Assets/Content/gltf/MaterialFunctions/MF_DiffuseSpecGloss.uasset" 3735
"../../../Engine/Plugins/Interchange/Assets/Content/gltf/MaterialBodies/MF_SpecularGlossiness_Body.uasset" 3736
"../../../Engine/Plugins/Interchange/Assets/Content/gltf/MaterialInstances/MI_SpecularGlossiness_Mask.uasset" 3737
"../../../Engine/Plugins/Interchange/Assets/Content/gltf/MaterialInstances/MI_SpecularGlossiness_Opaque_DS.uasset" 3738
"../../../Engine/Plugins/Interchange/Assets/Content/gltf/MaterialInstances/MI_SpecularGlossiness_Blend.uasset" 3739
"../../../Engine/Plugins/Interchange/Assets/Content/gltf/MaterialInstances/MI_SpecularGlossiness_Opaque.uasset" 3740
"../../../Engine/Plugins/Interchange/Assets/Content/gltf/M_SpecularGlossiness.uasset" 3741
"../../../Engine/Plugins/Interchange/Assets/Content/gltf/MaterialInstances/MI_SpecularGlossiness_Mask_DS.uasset" 3742
"/InterchangeAssets/gltf/MaterialFunctions/MF_SpecGlossToMetalRoughness" 3743
"/InterchangeAssets/gltf/MaterialInstances/MI_Transmission_DS" 3744
"/InterchangeAssets/gltf/MaterialInstances/MI_Transmission" 3745
"/InterchangeAssets/gltf/MaterialInstances/MI_Sheen_Blend_DS" 3746
"../../../Engine/Plugins/Interchange/Assets/Shaders/ThinFilmFunctions.usf" 3747
"/InterchangeAssets/gltf/MaterialInstances/MI_SpecularGlossiness_Mask_DS" 3748
"../../../Engine/Plugins/Interchange/Assets/Content/gltf/MaterialInstances/MI_SpecularGlossiness_Blend_DS.uasset" 3749
"/InterchangeAssets/gltf/MaterialInstances/MI_SpecularGlossiness_Opaque_DS" 3750
"/InterchangeAssets/gltf/MaterialInstances/MI_SpecularGlossiness_Blend" 3751
"/InterchangeAssets/gltf/MaterialInstances/MI_SpecularGlossiness_Mask" 3752
"/InterchangeAssets/gltf/MaterialInstances/MI_Sheen_Mask_DS" 3753
"/InterchangeAssets/gltf/MaterialInstances/MI_Sheen_Opaque_DS" 3754
"/InterchangeAssets/gltf/MaterialInstances/MI_Default_Blend_DS" 3755
"/InterchangeAssets/gltf/MaterialInstances/MI_SpecularGlossiness_Opaque" 3756
"/InterchangeAssets/gltf/MaterialInstances/MI_Default_Mask_DS" 3757
"/InterchangeAssets/gltf/MaterialInstances/MI_Default_Opaque_DS" 3758
"/InterchangeAssets/gltf/MaterialInstances/MI_Sheen_Blend" 3759
"/InterchangeAssets/gltf/MaterialInstances/MI_Sheen_Mask" 3760
"/InterchangeAssets/gltf/MaterialInstances/MI_Sheen_Opaque" 3761
"/InterchangeAssets/gltf/MaterialInstances/MI_Default_Blend" 3762
"../../../Engine/Plugins/Interchange/Assets/Content/gltf/MaterialBodies/MF_Unlit_Body.uasset" 3763
"../../../Engine/Plugins/Interchange/Assets/Content/gltf/M_Unlit.uasset" 3764
"../../../Engine/Plugins/Interchange/Assets/Content/gltf/MaterialInstances/MI_Unlit_Mask_DS.uasset" 3765
"../../../Engine/Plugins/Interchange/Assets/Content/gltf/MaterialInstances/MI_Unlit_Blend_DS.uasset" 3766
"../../../Engine/Plugins/Interchange/Assets/Content/Functions/MX_Transmission.uasset" 3767
"../../../Engine/Plugins/Interchange/Assets/Content/gltf/MaterialInstances/MI_Unlit_Opaque_DS.uasset" 3768
"../../../Engine/Plugins/Interchange/Assets/Content/Functions/MX_StandardSurface.uasset" 3769
"../../../Engine/Plugins/Interchange/Assets/Content/Functions/MX_TransmissionSurface.uasset" 3770
"../../../Engine/Plugins/Interchange/Assets/Content/gltf/MaterialInstances/MI_Unlit_Opaque.uasset" 3771
"../../../Engine/Plugins/Interchange/Assets/Content/Functions/MX_OpenPBR_Translucent.uasset" 3772
"../../../Engine/Plugins/Interchange/Assets/Content/Functions/MX_OpenPBR_Opaque.uasset" 3773
"../../../Engine/Content/Functions/Substrate/MF_SchlickInternal.uasset" 3774
"../../../Engine/Plugins/Interchange/Assets/Content/gltf/MaterialInstances/MI_Unlit_Blend.uasset" 3775
"../../../Engine/Plugins/Interchange/Assets/Content/Functions/MF_OrenNayerView.uasset" 3776
"../../../Engine/Content/Functions/Engine_MaterialFunctions01/Volumetrics/BeersLaw.uasset" 3777
"../../../Engine/Plugins/Interchange/Assets/Content/gltf/MaterialInstances/MI_Unlit_Mask.uasset" 3778
"/InterchangeAssets/gltf/MaterialInstances/MI_SpecularGlossiness_Blend_DS" 3779
"/InterchangeAssets/Functions/MX_OpenPBR_Opaque" 3780
"/InterchangeAssets/Functions/MX_OpenPBR_Translucent" 3781
"/InterchangeAssets/gltf/MaterialInstances/MI_Unlit_Blend_DS" 3782
"/InterchangeAssets/gltf/MaterialInstances/MI_Unlit_Mask_DS" 3783
"/InterchangeAssets/gltf/MaterialInstances/MI_Unlit_Opaque_DS" 3784
"/InterchangeAssets/gltf/MaterialInstances/MI_Unlit_Blend" 3785
"/InterchangeAssets/gltf/MaterialInstances/MI_Unlit_Mask" 3786
"/InterchangeAssets/gltf/MaterialInstances/MI_Unlit_Opaque" 3787
"../../../Engine/Plugins/Animation/ControlRig/Content/Controls/ControlRig_Arrow2_1mm.uasset" 3788
"../../../Engine/Plugins/Animation/ControlRig/Content/Controls/ControlRig_Arrow4_1mm.uasset" 3789
"../../../Engine/Plugins/Animation/ControlRig/Content/Controls/ControlRig_Arrow4_solid.uasset" 3790
"../../../Engine/Plugins/Animation/ControlRig/Content/Controls/ControlRig_Sphere_solid.uasset" 3791
"../../../Engine/Plugins/Animation/ControlRig/Content/Controls/ControlRig_Arrow2_solid.uasset" 3792
"../../../Engine/Plugins/Animation/ControlRig/Content/Controls/ControlRig_Box_1mm.uasset" 3793
"../../../Engine/Plugins/Animation/ControlRig/Content/Controls/ControlRig_Circle_1mm.uasset" 3794
"../../../Engine/Plugins/Animation/ControlRig/Content/Controls/ControlRig_Arrow_3mm.uasset" 3795
"../../../Engine/Plugins/Animation/ControlRig/Content/Controls/ControlRig_Arrow_solid.uasset" 3796
"../../../Engine/Plugins/Animation/ControlRig/Content/Controls/ControlRig_Circle_3mm.uasset" 3797
"../../../Engine/Plugins/Animation/ControlRig/Content/Controls/ControlRig_Circle_solid.uasset" 3798
"../../../Engine/Plugins/Animation/ControlRig/Content/Controls/ControlRig_Arrow4_3mm.uasset" 3799
"../../../Engine/Plugins/Animation/ControlRig/Content/Controls/ControlRig_HalfCircle_1mm.uasset" 3800
"../../../Engine/Plugins/Animation/ControlRig/Content/Controls/ControlRig_HalfCircle_solid.uasset" 3801
"../../../Engine/Plugins/Animation/ControlRig/Content/Controls/ControlRig_Arrow_1mm.uasset" 3802
"../../../Engine/Plugins/Animation/ControlRig/Content/Controls/ControlRig_Hexagon_1mm.uasset" 3803
"../../../Engine/Plugins/Animation/ControlRig/Content/Controls/ControlRig_Diamond_1mm.uasset" 3804
"../../../Engine/Plugins/Animation/ControlRig/Content/Controls/ControlRig_Box_3mm.uasset" 3805
"../../../Engine/Plugins/Animation/ControlRig/Content/Controls/ControlRig_Diamond_3mm.uasset" 3806
"../../../Engine/Plugins/Animation/ControlRig/Content/Controls/ControlRig_Octagon_1mm.uasset" 3807
"../../../Engine/Plugins/Animation/ControlRig/Content/Controls/ControlRig_Box_solid.uasset" 3808
"../../../Engine/Plugins/Animation/ControlRig/Content/Controls/ControlRig_HalfCircle_3mm.uasset" 3809
"../../../Engine/Plugins/Animation/ControlRig/Content/Controls/ControlRig_Arrow2_3mm.uasset" 3810
"/ControlRig/Controls/ControlRig_Circle_1mm" 3811
"../../../Engine/Plugins/Animation/ControlRig/Content/Controls/ControlRig_Hexagon_3mm.uasset" 3812
"../../../Engine/Plugins/Animation/ControlRig/Content/Controls/ControlRig_Hexagon_solid.uasset" 3813
"../../../Engine/Plugins/Animation/ControlRig/Content/Controls/ControlRig_Diamond_solid.uasset" 3814
"/ControlRig/Controls/ControlRig_Box_1mm" 3815
"/ControlRig/Controls/ControlRig_Arrow_solid" 3816
"/ControlRig/Controls/ControlRig_Arrow_3mm" 3817
"/ControlRig/Controls/ControlRig_Arrow4_solid" 3818
"/ControlRig/Controls/ControlRig_Arrow4_1mm" 3819
"/ControlRig/Controls/ControlRig_Arrow2_solid" 3820
"/ControlRig/Controls/ControlRig_Arrow2_1mm" 3821
"/ControlRig/Controls/ControlRig_Sphere_solid" 3822
"/ControlRig/Controls/ControlRig_HalfCircle_3mm" 3823
"/ControlRig/Controls/ControlRig_HalfCircle_1mm" 3824
"/ControlRig/Controls/ControlRig_Diamond_solid" 3825
"/ControlRig/Controls/ControlRig_Octagon_1mm" 3826
"/ControlRig/Controls/ControlRig_Hexagon_solid" 3827
"/ControlRig/Controls/ControlRig_Diamond_3mm" 3828
"/ControlRig/Controls/ControlRig_Hexagon_3mm" 3829
"/ControlRig/Controls/ControlRig_Hexagon_1mm" 3830
"/ControlRig/Controls/ControlRig_HalfCircle_solid" 3831
"/ControlRig/Controls/ControlRig_Diamond_1mm" 3832
"/ControlRig/Controls/ControlRig_Circle_solid" 3833
"/ControlRig/Controls/ControlRig_Circle_3mm" 3834
"/ControlRig/Controls/ControlRig_Box_solid" 3835
"/ControlRig/Controls/ControlRig_Box_3mm" 3836
"/ControlRig/Controls/ControlRig_Arrow_1mm" 3837
"/ControlRig/Controls/ControlRig_Arrow4_3mm" 3838
"/ControlRig/Controls/ControlRig_Arrow2_3mm" 3839
"../../../Engine/Plugins/Animation/ControlRig/Content/Controls/ControlRig_Octagon_3mm.uasset" 3840
"../../../Engine/Plugins/Animation/ControlRig/Content/Controls/ControlRig_Pyramid_solid.uasset" 3841
"../../../Engine/Plugins/Animation/ControlRig/Content/Controls/ControlRig_Octagon_solid.uasset" 3842
"../../../Engine/Plugins/Animation/ControlRig/Content/Controls/ControlRig_Pyramid_3mm.uasset" 3843
"../../../Engine/Plugins/Animation/ControlRig/Content/Controls/ControlRig_RoundedTriangle_1mm.uasset" 3844
"../../../Engine/Plugins/Animation/ControlRig/Content/Controls/ControlRig_RoundedTriangle_3mm.uasset" 3845
"../../../Engine/Plugins/Animation/ControlRig/Content/Controls/ControlRig_Pyramid_1mm.uasset" 3846
"../../../Engine/Plugins/Animation/ControlRig/Content/Controls/ControlRig_RoundedSquare_solid.uasset" 3847
"../../../Engine/Plugins/Animation/ControlRig/Content/Controls/ControlRig_QuarterCircle_solid.uasset" 3848
"../../../Engine/Plugins/Animation/ControlRig/Content/Controls/ControlRig_RoundedTriangle_solid.uasset" 3849
"../../../Engine/Plugins/Animation/ControlRig/Content/Controls/ControlRig_Sphere_3mm.uasset" 3850
"../../../Engine/Plugins/Animation/ControlRig/Content/Controls/ControlRig_Square_3mm.uasset" 3851
"../../../Engine/Plugins/Animation/ControlRig/Content/Controls/ControlRig_RoundedSquare_3mm.uasset" 3852
"../../../Engine/Plugins/Animation/ControlRig/Content/Controls/ControlRig_RoundedSquare_1mm.uasset" 3853
"../../../Engine/Plugins/Animation/ControlRig/Content/Controls/ControlRig_Star4_1mm.uasset" 3854
"../../../Engine/Plugins/Animation/ControlRig/Content/Controls/ControlRig_Square_1mm.uasset" 3855
"../../../Engine/Plugins/Animation/ControlRig/Content/Controls/ControlRig_Star4_3mm.uasset" 3856
"../../../Engine/Plugins/Animation/ControlRig/Content/Controls/ControlRig_QuarterCircle_3mm.uasset" 3857
"../../../Engine/Plugins/Animation/ControlRig/Content/Controls/ControlRig_Sphere_1mm.uasset" 3858
"../../../Engine/Plugins/Animation/ControlRig/Content/Controls/ControlRig_Triangle_solid.uasset" 3859
"/ControlRig/Controls/ControlRig_RoundedTriangle_1mm" 3860
"../../../Engine/Plugins/Animation/ControlRig/Content/Controls/ControlRig_Square_solid.uasset" 3861
"../../../Engine/Content/Maps/Entry.umap" 3862
"../../../Engine/Plugins/Animation/ControlRig/Content/Controls/ControlRig_Star4_solid.uasset" 3863
"../../../Engine/Plugins/Animation/ControlRig/Content/Controls/ControlRig_QuarterCircle_1mm.uasset" 3864
"../../../Engine/Plugins/Animation/ControlRig/Content/Controls/ControlRig_Triangle_1mm.uasset" 3865
"../../../Engine/Plugins/Animation/ControlRig/Content/Controls/ControlRig_Triangle_3mm.uasset" 3866
"../../../Engine/Plugins/Animation/ControlRig/Content/Controls/ControlRig_Wedge_1mm.uasset" 3867
"../../../Engine/Plugins/Animation/ControlRig/Content/Controls/ControlRig_Wedge_solid.uasset" 3868
"../../../Engine/Plugins/Animation/ControlRig/Content/Controls/ControlRig_Wedge_3mm.uasset" 3869
"../../../Engine/Content/Maps/Entry_BuiltData.uasset" 3870
"/ControlRig/Controls/ControlRig_Pyramid_solid" 3871
"/ControlRig/Controls/ControlRig_Pyramid_3mm" 3872
"/ControlRig/Controls/ControlRig_Octagon_solid" 3873
"/ControlRig/Controls/ControlRig_Octagon_3mm" 3874
"/ControlRig/Controls/ControlRig_Square_1mm" 3875
"/ControlRig/Controls/ControlRig_Sphere_3mm" 3876
"/Engine/Maps/Entry" 3877
"/ControlRig/Controls/ControlRig_Wedge_solid" 3878
"/ControlRig/Controls/ControlRig_Sphere_1mm" 3879
"/ControlRig/Controls/ControlRig_Wedge_3mm" 3880
"/ControlRig/Controls/ControlRig_RoundedTriangle_solid" 3881
"/ControlRig/Controls/ControlRig_RoundedTriangle_3mm" 3882
"/ControlRig/Controls/ControlRig_RoundedSquare_solid" 3883
"/ControlRig/Controls/ControlRig_RoundedSquare_3mm" 3884
"/ControlRig/Controls/ControlRig_RoundedSquare_1mm" 3885
"/ControlRig/Controls/ControlRig_QuarterCircle_solid" 3886
"/ControlRig/Controls/ControlRig_QuarterCircle_3mm" 3887
"/ControlRig/Controls/ControlRig_QuarterCircle_1mm" 3888
"/ControlRig/Controls/ControlRig_Wedge_1mm" 3889
"/ControlRig/Controls/ControlRig_Triangle_solid" 3890
"/ControlRig/Controls/ControlRig_Triangle_3mm" 3891
"/ControlRig/Controls/ControlRig_Triangle_1mm" 3892
"/ControlRig/Controls/ControlRig_Pyramid_1mm" 3893
"/ControlRig/Controls/ControlRig_Star4_solid" 3894
"/ControlRig/Controls/ControlRig_Star4_3mm" 3895
"/ControlRig/Controls/ControlRig_Star4_1mm" 3896
"/ControlRig/Controls/ControlRig_Square_solid" 3897
"/ControlRig/Controls/ControlRig_Square_3mm" 3898
"../../../Engine/Content/EditorMaterials/PreviewShadowIndicatorMaterial.uasset" 3899
"../../../Engine/Content/EngineMaterials/Substrate/GLints/dict_16_192_64_0p5_0p02_0063_0013.uasset" 3900
"../../../Engine/Content/EngineMaterials/Substrate/GLints/dict_16_192_64_0p5_0p02_0063_0011.uasset" 3901
"../../../Engine/Content/EngineMaterials/Substrate/GLints/dict_16_192_64_0p5_0p02_0063_0009.uasset" 3902
"../../../Engine/Content/EngineMaterials/Substrate/GLints/dict_16_192_64_0p5_0p02_0063_0007.uasset" 3903
"../../../Engine/Content/EngineMaterials/Substrate/GLints/dict_16_192_64_0p5_0p02_0063_0005.uasset" 3904
"../../../Engine/Content/EngineMaterials/Substrate/GLints/dict_16_192_64_0p5_0p02_0063_0012.uasset" 3905
"../../../Engine/Content/EngineMaterials/Substrate/GLints/dict_16_192_64_0p5_0p02_0063_0008.uasset" 3906
"../../../Engine/Content/EngineMaterials/Substrate/GLints/dict_16_192_64_0p5_0p02_0063_0004.uasset" 3907
"../../../Engine/Content/EngineMaterials/Substrate/GLints/dict_16_192_64_0p5_0p02_0063_0003.uasset" 3908
"../../../Engine/Content/EngineMaterials/Substrate/GLints/dict_16_192_64_0p5_0p02_0063_0002.uasset" 3909
"../../../Engine/Content/EngineMaterials/Substrate/GLints/dict_16_192_64_0p5_0p02_0063_0006.uasset" 3910
"../../../Engine/Content/EngineMaterials/Substrate/GLints/dict_16_192_64_0p5_0p02_0063_0000.uasset" 3911
"../../../Engine/Content/EditorMaterials/PreviewShadowIndicator.uasset" 3912
"../../../Engine/Content/EngineMaterials/Substrate/GLints/dict_16_192_64_0p5_0p02_0062_0015.uasset" 3913
"../../../Engine/Content/EngineMaterials/Substrate/GLints/dict_16_192_64_0p5_0p02_0063_0010.uasset" 3914
"../../../Engine/Content/EngineMaterials/Substrate/GLints/dict_16_192_64_0p5_0p02_0062_0012.uasset" 3915
"../../../Engine/Content/EngineMaterials/Substrate/GLints/dict_16_192_64_0p5_0p02_0063_0001.uasset" 3916
"../../../Engine/Content/EngineMaterials/Substrate/GLints/dict_16_192_64_0p5_0p02_0063_0014.uasset" 3917
"../../../Engine/Content/EngineMaterials/Substrate/GLints/dict_16_192_64_0p5_0p02_0062_0008.uasset" 3918
"../../../Engine/Content/EngineMaterials/Substrate/GLints/dict_16_192_64_0p5_0p02_0062_0011.uasset" 3919
"../../../Engine/Content/EngineMaterials/Substrate/GLints/dict_16_192_64_0p5_0p02_0062_0010.uasset" 3920
"../../../Engine/Content/EngineMaterials/Substrate/GLints/dict_16_192_64_0p5_0p02_0062_0007.uasset" 3921
"../../../Engine/Content/EngineMaterials/Substrate/GLints/dict_16_192_64_0p5_0p02_0062_0009.uasset" 3922
"../../../Engine/Content/EngineMaterials/Substrate/GLints/dict_16_192_64_0p5_0p02_0062_0004.uasset" 3923
"../../../Engine/Content/EngineMaterials/Substrate/GLints/dict_16_192_64_0p5_0p02_0062_0005.uasset" 3924
"../../../Engine/Content/EngineMaterials/Substrate/GLints/dict_16_192_64_0p5_0p02_0062_0003.uasset" 3925
"../../../Engine/Content/EngineMaterials/Substrate/GLints/dict_16_192_64_0p5_0p02_0062_0002.uasset" 3926
"../../../Engine/Content/EngineMaterials/Substrate/GLints/dict_16_192_64_0p5_0p02_0062_0013.uasset" 3927
"../../../Engine/Content/EngineMaterials/Substrate/GLints/dict_16_192_64_0p5_0p02_0063_0015.uasset" 3928
"../../../Engine/Content/EngineMaterials/Substrate/GLints/dict_16_192_64_0p5_0p02_0062_0006.uasset" 3929
"../../../Engine/Content/EngineMaterials/Substrate/GLints/dict_16_192_64_0p5_0p02_0062_0014.uasset" 3930
"/Engine/EngineMaterials/Substrate/GLints/dict_16_192_64_0p5_0p02_0063_0011" 3931
"/Engine/EngineMaterials/Substrate/GLints/dict_16_192_64_0p5_0p02_0063_0013" 3932
"../../../Engine/Content/EngineMaterials/Substrate/GLints/dict_16_192_64_0p5_0p02_0062_0001.uasset" 3933
"../../../Engine/Content/EngineMaterials/Substrate/GLints/dict_16_192_64_0p5_0p02_0062_0000.uasset" 3934
"/Engine/EngineMaterials/Substrate/GLints/dict_16_192_64_0p5_0p02_0062_0009" 3935
"/Engine/EngineMaterials/Substrate/GLints/dict_16_192_64_0p5_0p02_0062_0010" 3936
"/Engine/EngineMaterials/Substrate/GLints/dict_16_192_64_0p5_0p02_0062_0002" 3937
"/Engine/EngineMaterials/Substrate/GLints/dict_16_192_64_0p5_0p02_0062_0003" 3938
"/Engine/EngineMaterials/Substrate/GLints/dict_16_192_64_0p5_0p02_0062_0011" 3939
"/Engine/EngineMaterials/Substrate/GLints/dict_16_192_64_0p5_0p02_0062_0012" 3940
"/Engine/EngineMaterials/Substrate/GLints/dict_16_192_64_0p5_0p02_0062_0013" 3941
"/Engine/EngineMaterials/Substrate/GLints/dict_16_192_64_0p5_0p02_0062_0014" 3942
"/Engine/EngineMaterials/Substrate/GLints/dict_16_192_64_0p5_0p02_0062_0015" 3943
"/Engine/EngineMaterials/Substrate/GLints/dict_16_192_64_0p5_0p02_0063_0000" 3944
"/Engine/EngineMaterials/Substrate/GLints/dict_16_192_64_0p5_0p02_0063_0001" 3945
"/Engine/EngineMaterials/Substrate/GLints/dict_16_192_64_0p5_0p02_0062_0004" 3946
"/Engine/EngineMaterials/Substrate/GLints/dict_16_192_64_0p5_0p02_0063_0002" 3947
"/Engine/EngineMaterials/Substrate/GLints/dict_16_192_64_0p5_0p02_0063_0003" 3948
"/Engine/EngineMaterials/Substrate/GLints/dict_16_192_64_0p5_0p02_0063_0004" 3949
"/Engine/EngineMaterials/Substrate/GLints/dict_16_192_64_0p5_0p02_0063_0005" 3950
"/Engine/EngineMaterials/Substrate/GLints/dict_16_192_64_0p5_0p02_0063_0006" 3951
"/Engine/EngineMaterials/Substrate/GLints/dict_16_192_64_0p5_0p02_0063_0007" 3952
"/Engine/EngineMaterials/Substrate/GLints/dict_16_192_64_0p5_0p02_0063_0008" 3953
"/Engine/EngineMaterials/Substrate/GLints/dict_16_192_64_0p5_0p02_0062_0005" 3954
"/Engine/EngineMaterials/Substrate/GLints/dict_16_192_64_0p5_0p02_0062_0006" 3955
"/Engine/EngineMaterials/Substrate/GLints/dict_16_192_64_0p5_0p02_0063_0009" 3956
"/Engine/EngineMaterials/Substrate/GLints/dict_16_192_64_0p5_0p02_0063_0010" 3957
"/Engine/EngineMaterials/Substrate/GLints/dict_16_192_64_0p5_0p02_0063_0012" 3958
"/Engine/EngineMaterials/Substrate/GLints/dict_16_192_64_0p5_0p02_0062_0007" 3959
"/Engine/EngineMaterials/Substrate/GLints/dict_16_192_64_0p5_0p02_0063_0014" 3960
"/Engine/EngineMaterials/Substrate/GLints/dict_16_192_64_0p5_0p02_0063_0015" 3961
"/Engine/EngineMaterials/Substrate/GLints/dict_16_192_64_0p5_0p02_0062_0008" 3962
"/Engine/EditorMaterials/PreviewShadowIndicatorMaterial" 3963
"../../../Engine/Content/EngineMaterials/Substrate/GLints/dict_16_192_64_0p5_0p02_0061_0015.uasset" 3964
"../../../Engine/Content/EngineMaterials/Substrate/GLints/dict_16_192_64_0p5_0p02_0061_0014.uasset" 3965
"../../../Engine/Content/EngineMaterials/Substrate/GLints/dict_16_192_64_0p5_0p02_0061_0012.uasset" 3966
"../../../Engine/Content/EngineMaterials/Substrate/GLints/dict_16_192_64_0p5_0p02_0061_0008.uasset" 3967
"../../../Engine/Content/EngineMaterials/Substrate/GLints/dict_16_192_64_0p5_0p02_0061_0010.uasset" 3968
"../../../Engine/Content/EngineMaterials/Substrate/GLints/dict_16_192_64_0p5_0p02_0061_0011.uasset" 3969
"../../../Engine/Content/EngineMaterials/Substrate/GLints/dict_16_192_64_0p5_0p02_0061_0005.uasset" 3970
"../../../Engine/Content/EngineMaterials/Substrate/GLints/dict_16_192_64_0p5_0p02_0061_0004.uasset" 3971
"../../../Engine/Content/EngineMaterials/Substrate/GLints/dict_16_192_64_0p5_0p02_0061_0009.uasset" 3972
"../../../Engine/Content/EngineMaterials/Substrate/GLints/dict_16_192_64_0p5_0p02_0061_0001.uasset" 3973
"../../../Engine/Content/EngineMaterials/Substrate/GLints/dict_16_192_64_0p5_0p02_0061_0003.uasset" 3974
"../../../Engine/Content/EngineMaterials/Substrate/GLints/dict_16_192_64_0p5_0p02_0061_0002.uasset" 3975
"../../../Engine/Content/EngineMaterials/Substrate/GLints/dict_16_192_64_0p5_0p02_0060_0015.uasset" 3976
"../../../Engine/Content/EngineMaterials/Substrate/GLints/dict_16_192_64_0p5_0p02_0060_0014.uasset" 3977
"../../../Engine/Content/EngineMaterials/Substrate/GLints/dict_16_192_64_0p5_0p02_0060_0012.uasset" 3978
"../../../Engine/Content/EngineMaterials/Substrate/GLints/dict_16_192_64_0p5_0p02_0060_0010.uasset" 3979
"../../../Engine/Content/EngineMaterials/Substrate/GLints/dict_16_192_64_0p5_0p02_0060_0008.uasset" 3980
"../../../Engine/Content/EngineMaterials/Substrate/GLints/dict_16_192_64_0p5_0p02_0061_0006.uasset" 3981
"../../../Engine/Content/EngineMaterials/Substrate/GLints/dict_16_192_64_0p5_0p02_0060_0007.uasset" 3982
"../../../Engine/Content/EngineMaterials/Substrate/GLints/dict_16_192_64_0p5_0p02_0060_0011.uasset" 3983
"../../../Engine/Content/EngineMaterials/Substrate/GLints/dict_16_192_64_0p5_0p02_0060_0006.uasset" 3984
"../../../Engine/Content/EngineMaterials/Substrate/GLints/dict_16_192_64_0p5_0p02_0060_0005.uasset" 3985
"../../../Engine/Content/EngineMaterials/Substrate/GLints/dict_16_192_64_0p5_0p02_0060_0013.uasset" 3986
"../../../Engine/Content/EngineMaterials/Substrate/GLints/dict_16_192_64_0p5_0p02_0060_0003.uasset" 3987
"../../../Engine/Content/EngineMaterials/Substrate/GLints/dict_16_192_64_0p5_0p02_0060_0002.uasset" 3988
"../../../Engine/Content/EngineMaterials/Substrate/GLints/dict_16_192_64_0p5_0p02_0060_0004.uasset" 3989
"../../../Engine/Content/EngineMaterials/Substrate/GLints/dict_16_192_64_0p5_0p02_0060_0009.uasset" 3990
"../../../Engine/Content/EngineMaterials/Substrate/GLints/dict_16_192_64_0p5_0p02_0061_0007.uasset" 3991
"../../../Engine/Content/EngineMaterials/Substrate/GLints/dict_16_192_64_0p5_0p02_0061_0013.uasset" 3992
"/Engine/EngineMaterials/Substrate/GLints/dict_16_192_64_0p5_0p02_0061_0008" 3993
"../../../Engine/Content/EngineMaterials/Substrate/GLints/dict_16_192_64_0p5_0p02_0061_0000.uasset" 3994
"/Engine/EngineMaterials/Substrate/GLints/dict_16_192_64_0p5_0p02_0062_0000" 3995
"/Engine/EngineMaterials/Substrate/GLints/dict_16_192_64_0p5_0p02_0062_0001" 3996
"/Engine/EngineMaterials/Substrate/GLints/dict_16_192_64_0p5_0p02_0061_0010" 3997
"/Engine/EngineMaterials/Substrate/GLints/dict_16_192_64_0p5_0p02_0061_0011" 3998
"/Engine/EngineMaterials/Substrate/GLints/dict_16_192_64_0p5_0p02_0061_0012" 3999
"/Engine/EngineMaterials/Substrate/GLints/dict_16_192_64_0p5_0p02_0061_0014" 4000
"/Engine/EngineMaterials/Substrate/GLints/dict_16_192_64_0p5_0p02_0061_0015" 4001
"../../../Engine/Content/EngineMaterials/Substrate/GLints/dict_16_192_64_0p5_0p02_0060_0000.uasset" 4002
"../../../Engine/Content/EngineMaterials/Substrate/GLints/dict_16_192_64_0p5_0p02_0059_0015.uasset" 4003
"../../../Engine/Content/EngineMaterials/Substrate/GLints/dict_16_192_64_0p5_0p02_0060_0001.uasset" 4004
"../../../Engine/Content/EngineMaterials/Substrate/GLints/dict_16_192_64_0p5_0p02_0059_0012.uasset" 4005
"../../../Engine/Content/EngineMaterials/Substrate/GLints/dict_16_192_64_0p5_0p02_0059_0011.uasset" 4006
"../../../Engine/Content/EngineMaterials/Substrate/GLints/dict_16_192_64_0p5_0p02_0059_0010.uasset" 4007
"/Engine/EngineMaterials/Substrate/GLints/dict_16_192_64_0p5_0p02_0060_0002" 4008
"../../../Engine/Content/EngineMaterials/Substrate/GLints/dict_16_192_64_0p5_0p02_0059_0014.uasset" 4009
"../../../Engine/Content/EngineMaterials/Substrate/GLints/dict_16_192_64_0p5_0p02_0059_0013.uasset" 4010
"/Engine/EngineMaterials/Substrate/GLints/dict_16_192_64_0p5_0p02_0060_0003" 4011
"/Engine/EngineMaterials/Substrate/GLints/dict_16_192_64_0p5_0p02_0060_0004" 4012
"/Engine/EngineMaterials/Substrate/GLints/dict_16_192_64_0p5_0p02_0060_0005" 4013
"/Engine/EngineMaterials/Substrate/GLints/dict_16_192_64_0p5_0p02_0060_0006" 4014
"/Engine/EngineMaterials/Substrate/GLints/dict_16_192_64_0p5_0p02_0060_0007" 4015
"/Engine/EngineMaterials/Substrate/GLints/dict_16_192_64_0p5_0p02_0060_0008" 4016
"/Engine/EngineMaterials/Substrate/GLints/dict_16_192_64_0p5_0p02_0060_0009" 4017
"/Engine/EngineMaterials/Substrate/GLints/dict_16_192_64_0p5_0p02_0060_0010" 4018
"/Engine/EngineMaterials/Substrate/GLints/dict_16_192_64_0p5_0p02_0060_0011" 4019
"/Engine/EngineMaterials/Substrate/GLints/dict_16_192_64_0p5_0p02_0060_0012" 4020
"/Engine/EngineMaterials/Substrate/GLints/dict_16_192_64_0p5_0p02_0060_0013" 4021
"/Engine/EngineMaterials/Substrate/GLints/dict_16_192_64_0p5_0p02_0060_0014" 4022
"/Engine/EngineMaterials/Substrate/GLints/dict_16_192_64_0p5_0p02_0060_0015" 4023
"/Engine/EngineMaterials/Substrate/GLints/dict_16_192_64_0p5_0p02_0061_0000" 4024
"/Engine/EngineMaterials/Substrate/GLints/dict_16_192_64_0p5_0p02_0061_0001" 4025
"/Engine/EngineMaterials/Substrate/GLints/dict_16_192_64_0p5_0p02_0061_0002" 4026
"/Engine/EngineMaterials/Substrate/GLints/dict_16_192_64_0p5_0p02_0061_0003" 4027
"/Engine/EngineMaterials/Substrate/GLints/dict_16_192_64_0p5_0p02_0061_0004" 4028
"/Engine/EngineMaterials/Substrate/GLints/dict_16_192_64_0p5_0p02_0061_0005" 4029
"/Engine/EngineMaterials/Substrate/GLints/dict_16_192_64_0p5_0p02_0061_0006" 4030
"/Engine/EngineMaterials/Substrate/GLints/dict_16_192_64_0p5_0p02_0061_0007" 4031
"/Engine/EngineMaterials/Substrate/GLints/dict_16_192_64_0p5_0p02_0061_0009" 4032
"/Engine/EngineMaterials/Substrate/GLints/dict_16_192_64_0p5_0p02_0061_0013" 4033
"../../../Engine/Content/EngineMaterials/Substrate/GLints/dict_16_192_64_0p5_0p02_0059_0009.uasset" 4034
"../../../Engine/Content/EngineMaterials/Substrate/GLints/dict_16_192_64_0p5_0p02_0059_0007.uasset" 4035
"../../../Engine/Content/EngineMaterials/Substrate/GLints/dict_16_192_64_0p5_0p02_0059_0006.uasset" 4036
"../../../Engine/Content/EngineMaterials/Substrate/GLints/dict_16_192_64_0p5_0p02_0059_0008.uasset" 4037
"../../../Engine/Content/EngineMaterials/Substrate/GLints/dict_16_192_64_0p5_0p02_0059_0002.uasset" 4038
"../../../Engine/Content/EngineMaterials/Substrate/GLints/dict_16_192_64_0p5_0p02_0059_0000.uasset" 4039
"../../../Engine/Content/EngineMaterials/Substrate/GLints/dict_16_192_64_0p5_0p02_0058_0015.uasset" 4040
"../../../Engine/Content/EngineMaterials/Substrate/GLints/dict_16_192_64_0p5_0p02_0059_0001.uasset" 4041
"../../../Engine/Content/EngineMaterials/Substrate/GLints/dict_16_192_64_0p5_0p02_0058_0014.uasset" 4042
"../../../Engine/Content/EngineMaterials/Substrate/GLints/dict_16_192_64_0p5_0p02_0058_0011.uasset" 4043
"../../../Engine/Content/EngineMaterials/Substrate/GLints/dict_16_192_64_0p5_0p02_0058_0010.uasset" 4044
"../../../Engine/Content/EngineMaterials/Substrate/GLints/dict_16_192_64_0p5_0p02_0058_0009.uasset" 4045
"../../../Engine/Content/EngineMaterials/Substrate/GLints/dict_16_192_64_0p5_0p02_0058_0008.uasset" 4046
"/Engine/EngineMaterials/Substrate/GLints/dict_16_192_64_0p5_0p02_0059_0006" 4047
"../../../Engine/Content/EngineMaterials/Substrate/GLints/dict_16_192_64_0p5_0p02_0058_0005.uasset" 4048
"../../../Engine/Content/EngineMaterials/Substrate/GLints/dict_16_192_64_0p5_0p02_0058_0012.uasset" 4049
"../../../Engine/Content/EngineMaterials/Substrate/GLints/dict_16_192_64_0p5_0p02_0058_0004.uasset" 4050
"../../../Engine/Content/EngineMaterials/Substrate/GLints/dict_16_192_64_0p5_0p02_0059_0003.uasset" 4051
"../../../Engine/Content/EngineMaterials/Substrate/GLints/dict_16_192_64_0p5_0p02_0058_0002.uasset" 4052
"../../../Engine/Content/EngineMaterials/Substrate/GLints/dict_16_192_64_0p5_0p02_0058_0007.uasset" 4053
"../../../Engine/Content/EngineMaterials/Substrate/GLints/dict_16_192_64_0p5_0p02_0058_0013.uasset" 4054
"../../../Engine/Content/EngineMaterials/Substrate/GLints/dict_16_192_64_0p5_0p02_0058_0006.uasset" 4055
"../../../Engine/Content/EngineMaterials/Substrate/GLints/dict_16_192_64_0p5_0p02_0058_0003.uasset" 4056
"../../../Engine/Content/EngineMaterials/Substrate/GLints/dict_16_192_64_0p5_0p02_0059_0004.uasset" 4057
"../../../Engine/Content/EngineMaterials/Substrate/GLints/dict_16_192_64_0p5_0p02_0059_0005.uasset" 4058
"/Engine/EngineMaterials/Substrate/GLints/dict_16_192_64_0p5_0p02_0059_0007" 4059
"/Engine/EngineMaterials/Substrate/GLints/dict_16_192_64_0p5_0p02_0059_0010" 4060
"/Engine/EngineMaterials/Substrate/GLints/dict_16_192_64_0p5_0p02_0059_0011" 4061
"/Engine/EngineMaterials/Substrate/GLints/dict_16_192_64_0p5_0p02_0059_0008" 4062
"/Engine/EngineMaterials/Substrate/GLints/dict_16_192_64_0p5_0p02_0059_0012" 4063
"/Engine/EngineMaterials/Substrate/GLints/dict_16_192_64_0p5_0p02_0059_0013" 4064
"/Engine/EngineMaterials/Substrate/GLints/dict_16_192_64_0p5_0p02_0059_0014" 4065
"/Engine/EngineMaterials/Substrate/GLints/dict_16_192_64_0p5_0p02_0059_0015" 4066
"/Engine/EngineMaterials/Substrate/GLints/dict_16_192_64_0p5_0p02_0059_0009" 4067
"/Engine/EngineMaterials/Substrate/GLints/dict_16_192_64_0p5_0p02_0060_0000" 4068
"/Engine/EngineMaterials/Substrate/GLints/dict_16_192_64_0p5_0p02_0060_0001" 4069
"../../../Engine/Content/EngineMaterials/Substrate/GLints/dict_16_192_64_0p5_0p02_0058_0001.uasset" 4070
"../../../Engine/Content/EngineMaterials/Substrate/GLints/dict_16_192_64_0p5_0p02_0058_0000.uasset" 4071
"../../../Engine/Content/EngineMaterials/Substrate/GLints/dict_16_192_64_0p5_0p02_0057_0015.uasset" 4072
"../../../Engine/Content/EngineMaterials/Substrate/GLints/dict_16_192_64_0p5_0p02_0057_0014.uasset" 4073
"../../../Engine/Content/EngineMaterials/Substrate/GLints/dict_16_192_64_0p5_0p02_0057_0011.uasset" 4074
"../../../Engine/Content/EngineMaterials/Substrate/GLints/dict_16_192_64_0p5_0p02_0057_0010.uasset" 4075
"../../../Engine/Content/EngineMaterials/Substrate/GLints/dict_16_192_64_0p5_0p02_0057_0013.uasset" 4076
"../../../Engine/Content/EngineMaterials/Substrate/GLints/dict_16_192_64_0p5_0p02_0057_0007.uasset" 4077
"../../../Engine/Content/EngineMaterials/Substrate/GLints/dict_16_192_64_0p5_0p02_0057_0009.uasset" 4078
"../../../Engine/Content/EngineMaterials/Substrate/GLints/dict_16_192_64_0p5_0p02_0057_0008.uasset" 4079
"/Engine/EngineMaterials/Substrate/GLints/dict_16_192_64_0p5_0p02_0058_0002" 4080
"../../../Engine/Content/EngineMaterials/Substrate/GLints/dict_16_192_64_0p5_0p02_0057_0012.uasset" 4081
"../../../Engine/Content/EngineMaterials/Substrate/GLints/dict_16_192_64_0p5_0p02_0057_0006.uasset" 4082
"/Engine/EngineMaterials/Substrate/GLints/dict_16_192_64_0p5_0p02_0058_0003" 4083
"/Engine/EngineMaterials/Substrate/GLints/dict_16_192_64_0p5_0p02_0058_0004" 4084
"/Engine/EngineMaterials/Substrate/GLints/dict_16_192_64_0p5_0p02_0058_0005" 4085
"/Engine/EngineMaterials/Substrate/GLints/dict_16_192_64_0p5_0p02_0058_0006" 4086
"/Engine/EngineMaterials/Substrate/GLints/dict_16_192_64_0p5_0p02_0058_0007" 4087
"/Engine/EngineMaterials/Substrate/GLints/dict_16_192_64_0p5_0p02_0058_0008" 4088
"/Engine/EngineMaterials/Substrate/GLints/dict_16_192_64_0p5_0p02_0058_0009" 4089
"/Engine/EngineMaterials/Substrate/GLints/dict_16_192_64_0p5_0p02_0058_0010" 4090
"/Engine/EngineMaterials/Substrate/GLints/dict_16_192_64_0p5_0p02_0058_0011" 4091
"/Engine/EngineMaterials/Substrate/GLints/dict_16_192_64_0p5_0p02_0058_0012" 4092
"/Engine/EngineMaterials/Substrate/GLints/dict_16_192_64_0p5_0p02_0058_0013" 4093
"/Engine/EngineMaterials/Substrate/GLints/dict_16_192_64_0p5_0p02_0058_0014" 4094
"/Engine/EngineMaterials/Substrate/GLints/dict_16_192_64_0p5_0p02_0058_0015" 4095
"/Engine/EngineMaterials/Substrate/GLints/dict_16_192_64_0p5_0p02_0059_0000" 4096
"/Engine/EngineMaterials/Substrate/GLints/dict_16_192_64_0p5_0p02_0059_0001" 4097
"/Engine/EngineMaterials/Substrate/GLints/dict_16_192_64_0p5_0p02_0059_0002" 4098
"/Engine/EngineMaterials/Substrate/GLints/dict_16_192_64_0p5_0p02_0059_0003" 4099
"/Engine/EngineMaterials/Substrate/GLints/dict_16_192_64_0p5_0p02_0059_0004" 4100
"/Engine/EngineMaterials/Substrate/GLints/dict_16_192_64_0p5_0p02_0059_0005" 4101
"/Engine/EngineMaterials/Substrate/GLints/dict_16_192_64_0p5_0p02_0057_0015" 4102
"/Engine/EngineMaterials/Substrate/GLints/dict_16_192_64_0p5_0p02_0058_0000" 4103
"/Engine/EngineMaterials/Substrate/GLints/dict_16_192_64_0p5_0p02_0058_0001" 4104
"../../../Engine/Content/EngineMaterials/Substrate/GLints/dict_16_192_64_0p5_0p02_0057_0004.uasset" 4105
"../../../Engine/Content/EngineMaterials/Substrate/GLints/dict_16_192_64_0p5_0p02_0057_0005.uasset" 4106
"../../../Engine/Content/EngineMaterials/Substrate/GLints/dict_16_192_64_0p5_0p02_0057_0002.uasset" 4107
"../../../Engine/Content/EngineMaterials/Substrate/GLints/dict_16_192_64_0p5_0p02_0057_0000.uasset" 4108
"../../../Engine/Content/EngineMaterials/Substrate/GLints/dict_16_192_64_0p5_0p02_0056_0014.uasset" 4109
"../../../Engine/Content/EngineMaterials/Substrate/GLints/dict_16_192_64_0p5_0p02_0056_0013.uasset" 4110
"../../../Engine/Content/EngineMaterials/Substrate/GLints/dict_16_192_64_0p5_0p02_0056_0012.uasset" 4111
"../../../Engine/Content/EngineMaterials/Substrate/GLints/dict_16_192_64_0p5_0p02_0056_0010.uasset" 4112
"../../../Engine/Content/EngineMaterials/Substrate/GLints/dict_16_192_64_0p5_0p02_0056_0011.uasset" 4113
"../../../Engine/Content/EngineMaterials/Substrate/GLints/dict_16_192_64_0p5_0p02_0056_0008.uasset" 4114
"../../../Engine/Content/EngineMaterials/Substrate/GLints/dict_16_192_64_0p5_0p02_0056_0009.uasset" 4115
"../../../Engine/Content/EngineMaterials/Substrate/GLints/dict_16_192_64_0p5_0p02_0056_0006.uasset" 4116
"/Engine/EngineMaterials/Substrate/GLints/dict_16_192_64_0p5_0p02_0057_0006" 4117
"../../../Engine/Content/EngineMaterials/Substrate/GLints/dict_16_192_64_0p5_0p02_0056_0004.uasset" 4118
"../../../Engine/Content/EngineMaterials/Substrate/GLints/dict_16_192_64_0p5_0p02_0057_0003.uasset" 4119
"../../../Engine/Content/EngineMaterials/Substrate/GLints/dict_16_192_64_0p5_0p02_0056_0007.uasset" 4120
"../../../Engine/Content/EngineMaterials/Substrate/GLints/dict_16_192_64_0p5_0p02_0056_0015.uasset" 4121
"../../../Engine/Content/EngineMaterials/Substrate/GLints/dict_16_192_64_0p5_0p02_0055_0015.uasset" 4122
"../../../Engine/Content/EngineMaterials/Substrate/GLints/dict_16_192_64_0p5_0p02_0056_0003.uasset" 4123
"../../../Engine/Content/EngineMaterials/Substrate/GLints/dict_16_192_64_0p5_0p02_0056_0000.uasset" 4124
"../../../Engine/Content/EngineMaterials/Substrate/GLints/dict_16_192_64_0p5_0p02_0056_0001.uasset" 4125
"../../../Engine/Content/EngineMaterials/Substrate/GLints/dict_16_192_64_0p5_0p02_0056_0005.uasset" 4126
"../../../Engine/Content/EngineMaterials/Substrate/GLints/dict_16_192_64_0p5_0p02_0056_0002.uasset" 4127
"../../../Engine/Content/EngineMaterials/Substrate/GLints/dict_16_192_64_0p5_0p02_0057_0001.uasset" 4128
"/Engine/EngineMaterials/Substrate/GLints/dict_16_192_64_0p5_0p02_0057_0007" 4129
"/Engine/EngineMaterials/Substrate/GLints/dict_16_192_64_0p5_0p02_0057_0008" 4130
"/Engine/EngineMaterials/Substrate/GLints/dict_16_192_64_0p5_0p02_0057_0009" 4131
"/Engine/EngineMaterials/Substrate/GLints/dict_16_192_64_0p5_0p02_0057_0010" 4132
"/Engine/EngineMaterials/Substrate/GLints/dict_16_192_64_0p5_0p02_0057_0011" 4133
"/Engine/EngineMaterials/Substrate/GLints/dict_16_192_64_0p5_0p02_0057_0012" 4134
"/Engine/EngineMaterials/Substrate/GLints/dict_16_192_64_0p5_0p02_0057_0013" 4135
"/Engine/EngineMaterials/Substrate/GLints/dict_16_192_64_0p5_0p02_0057_0014" 4136
"/Engine/EngineMaterials/Substrate/GLints/dict_16_192_64_0p5_0p02_0057_0004" 4137
"/Engine/EngineMaterials/Substrate/GLints/dict_16_192_64_0p5_0p02_0057_0005" 4138
"../../../Engine/Content/EngineMaterials/Substrate/GLints/dict_16_192_64_0p5_0p02_0055_0014.uasset" 4139
"../../../Engine/Content/EngineMaterials/Substrate/GLints/dict_16_192_64_0p5_0p02_0055_0013.uasset" 4140
"../../../Engine/Content/EngineMaterials/Substrate/GLints/dict_16_192_64_0p5_0p02_0055_0010.uasset" 4141
"../../../Engine/Content/EngineMaterials/Substrate/GLints/dict_16_192_64_0p5_0p02_0055_0011.uasset" 4142
"../../../Engine/Content/EngineMaterials/Substrate/GLints/dict_16_192_64_0p5_0p02_0055_0007.uasset" 4143
"../../../Engine/Content/EngineMaterials/Substrate/GLints/dict_16_192_64_0p5_0p02_0055_0012.uasset" 4144
"../../../Engine/Content/EngineMaterials/Substrate/GLints/dict_16_192_64_0p5_0p02_0055_0005.uasset" 4145
"../../../Engine/Content/EngineMaterials/Substrate/GLints/dict_16_192_64_0p5_0p02_0055_0004.uasset" 4146
"../../../Engine/Content/EngineMaterials/Substrate/GLints/dict_16_192_64_0p5_0p02_0055_0008.uasset" 4147
"/Engine/EngineMaterials/Substrate/GLints/dict_16_192_64_0p5_0p02_0055_0015" 4148
"../../../Engine/Content/EngineMaterials/Substrate/GLints/dict_16_192_64_0p5_0p02_0055_0009.uasset" 4149
"../../../Engine/Content/EngineMaterials/Substrate/GLints/dict_16_192_64_0p5_0p02_0055_0006.uasset" 4150
"/Engine/EngineMaterials/Substrate/GLints/dict_16_192_64_0p5_0p02_0056_0000" 4151
"/Engine/EngineMaterials/Substrate/GLints/dict_16_192_64_0p5_0p02_0056_0001" 4152
"/Engine/EngineMaterials/Substrate/GLints/dict_16_192_64_0p5_0p02_0056_0002" 4153
"/Engine/EngineMaterials/Substrate/GLints/dict_16_192_64_0p5_0p02_0056_0003" 4154
"/Engine/EngineMaterials/Substrate/GLints/dict_16_192_64_0p5_0p02_0056_0004" 4155
"/Engine/EngineMaterials/Substrate/GLints/dict_16_192_64_0p5_0p02_0056_0005" 4156
"/Engine/EngineMaterials/Substrate/GLints/dict_16_192_64_0p5_0p02_0056_0006" 4157
"/Engine/EngineMaterials/Substrate/GLints/dict_16_192_64_0p5_0p02_0056_0007" 4158
"/Engine/EngineMaterials/Substrate/GLints/dict_16_192_64_0p5_0p02_0056_0008" 4159
"/Engine/EngineMaterials/Substrate/GLints/dict_16_192_64_0p5_0p02_0056_0009" 4160
"/Engine/EngineMaterials/Substrate/GLints/dict_16_192_64_0p5_0p02_0056_0010" 4161
"/Engine/EngineMaterials/Substrate/GLints/dict_16_192_64_0p5_0p02_0056_0011" 4162
"/Engine/EngineMaterials/Substrate/GLints/dict_16_192_64_0p5_0p02_0056_0012" 4163
"/Engine/EngineMaterials/Substrate/GLints/dict_16_192_64_0p5_0p02_0056_0013" 4164
"/Engine/EngineMaterials/Substrate/GLints/dict_16_192_64_0p5_0p02_0056_0014" 4165
"/Engine/EngineMaterials/Substrate/GLints/dict_16_192_64_0p5_0p02_0056_0015" 4166
"/Engine/EngineMaterials/Substrate/GLints/dict_16_192_64_0p5_0p02_0057_0000" 4167
"/Engine/EngineMaterials/Substrate/GLints/dict_16_192_64_0p5_0p02_0057_0001" 4168
"/Engine/EngineMaterials/Substrate/GLints/dict_16_192_64_0p5_0p02_0057_0002" 4169
"/Engine/EngineMaterials/Substrate/GLints/dict_16_192_64_0p5_0p02_0057_0003" 4170
"../../../Engine/Content/EngineMaterials/Substrate/GLints/dict_16_192_64_0p5_0p02_0055_0003.uasset" 4171
"../../../Engine/Content/EngineMaterials/Substrate/GLints/dict_16_192_64_0p5_0p02_0055_0001.uasset" 4172
"../../../Engine/Content/EngineMaterials/Substrate/GLints/dict_16_192_64_0p5_0p02_0054_0015.uasset" 4173
"../../../Engine/Content/EngineMaterials/Substrate/GLints/dict_16_192_64_0p5_0p02_0054_0014.uasset" 4174
"../../../Engine/Content/EngineMaterials/Substrate/GLints/dict_16_192_64_0p5_0p02_0054_0013.uasset" 4175
"../../../Engine/Content/EngineMaterials/Substrate/GLints/dict_16_192_64_0p5_0p02_0054_0010.uasset" 4176
"../../../Engine/Content/EngineMaterials/Substrate/GLints/dict_16_192_64_0p5_0p02_0055_0002.uasset" 4177
"../../../Engine/Content/EngineMaterials/Substrate/GLints/dict_16_192_64_0p5_0p02_0054_0008.uasset" 4178
"../../../Engine/Content/EngineMaterials/Substrate/GLints/dict_16_192_64_0p5_0p02_0054_0006.uasset" 4179
"../../../Engine/Content/EngineMaterials/Substrate/GLints/dict_16_192_64_0p5_0p02_0054_0011.uasset" 4180
"../../../Engine/Content/EngineMaterials/Substrate/GLints/dict_16_192_64_0p5_0p02_0054_0004.uasset" 4181
"../../../Engine/Content/EngineMaterials/Substrate/GLints/dict_16_192_64_0p5_0p02_0054_0009.uasset" 4182
"../../../Engine/Content/EngineMaterials/Substrate/GLints/dict_16_192_64_0p5_0p02_0054_0002.uasset" 4183
"../../../Engine/Content/EngineMaterials/Substrate/GLints/dict_16_192_64_0p5_0p02_0054_0007.uasset" 4184
"../../../Engine/Content/EngineMaterials/Substrate/GLints/dict_16_192_64_0p5_0p02_0054_0001.uasset" 4185
"../../../Engine/Content/EngineMaterials/Substrate/GLints/dict_16_192_64_0p5_0p02_0054_0000.uasset" 4186
"../../../Engine/Content/EngineMaterials/Substrate/GLints/dict_16_192_64_0p5_0p02_0055_0000.uasset" 4187
"../../../Engine/Content/EngineMaterials/Substrate/GLints/dict_16_192_64_0p5_0p02_0053_0015.uasset" 4188
"../../../Engine/Content/EngineMaterials/Substrate/GLints/dict_16_192_64_0p5_0p02_0054_0012.uasset" 4189
"/Engine/EngineMaterials/Substrate/GLints/dict_16_192_64_0p5_0p02_0055_0001" 4190
"../../../Engine/Content/EngineMaterials/Substrate/GLints/dict_16_192_64_0p5_0p02_0054_0005.uasset" 4191
"../../../Engine/Content/EngineMaterials/Substrate/GLints/dict_16_192_64_0p5_0p02_0054_0003.uasset" 4192
"/Engine/EngineMaterials/Substrate/GLints/dict_16_192_64_0p5_0p02_0055_0004" 4193
"/Engine/EngineMaterials/Substrate/GLints/dict_16_192_64_0p5_0p02_0055_0005" 4194
"/Engine/EngineMaterials/Substrate/GLints/dict_16_192_64_0p5_0p02_0055_0006" 4195
"/Engine/EngineMaterials/Substrate/GLints/dict_16_192_64_0p5_0p02_0055_0007" 4196
"/Engine/EngineMaterials/Substrate/GLints/dict_16_192_64_0p5_0p02_0055_0008" 4197
"/Engine/EngineMaterials/Substrate/GLints/dict_16_192_64_0p5_0p02_0055_0009" 4198
"/Engine/EngineMaterials/Substrate/GLints/dict_16_192_64_0p5_0p02_0055_0010" 4199
"/Engine/EngineMaterials/Substrate/GLints/dict_16_192_64_0p5_0p02_0055_0011" 4200
"/Engine/EngineMaterials/Substrate/GLints/dict_16_192_64_0p5_0p02_0055_0012" 4201
"/Engine/EngineMaterials/Substrate/GLints/dict_16_192_64_0p5_0p02_0055_0003" 4202
"/Engine/EngineMaterials/Substrate/GLints/dict_16_192_64_0p5_0p02_0055_0013" 4203
"/Engine/EngineMaterials/Substrate/GLints/dict_16_192_64_0p5_0p02_0055_0014" 4204
"../../../Engine/Content/EngineMaterials/Substrate/GLints/dict_16_192_64_0p5_0p02_0053_0014.uasset" 4205
"../../../Engine/Content/EngineMaterials/Substrate/GLints/dict_16_192_64_0p5_0p02_0053_0013.uasset" 4206
"../../../Engine/Content/EngineMaterials/Substrate/GLints/dict_16_192_64_0p5_0p02_0053_0011.uasset" 4207
"../../../Engine/Content/EngineMaterials/Substrate/GLints/dict_16_192_64_0p5_0p02_0053_0009.uasset" 4208
"../../../Engine/Content/EngineMaterials/Substrate/GLints/dict_16_192_64_0p5_0p02_0053_0008.uasset" 4209
"../../../Engine/Content/EngineMaterials/Substrate/GLints/dict_16_192_64_0p5_0p02_0053_0006.uasset" 4210
"../../../Engine/Content/EngineMaterials/Substrate/GLints/dict_16_192_64_0p5_0p02_0053_0005.uasset" 4211
"../../../Engine/Content/EngineMaterials/Substrate/GLints/dict_16_192_64_0p5_0p02_0053_0002.uasset" 4212
"../../../Engine/Content/EngineMaterials/Substrate/GLints/dict_16_192_64_0p5_0p02_0053_0012.uasset" 4213
"../../../Engine/Content/EngineMaterials/Substrate/GLints/dict_16_192_64_0p5_0p02_0053_0010.uasset" 4214
"../../../Engine/Content/EngineMaterials/Substrate/GLints/dict_16_192_64_0p5_0p02_0053_0007.uasset" 4215
"../../../Engine/Content/EngineMaterials/Substrate/GLints/dict_16_192_64_0p5_0p02_0053_0004.uasset" 4216
"../../../Engine/Content/EngineMaterials/Substrate/GLints/dict_16_192_64_0p5_0p02_0053_0003.uasset" 4217
"/Engine/EngineMaterials/Substrate/GLints/dict_16_192_64_0p5_0p02_0053_0015" 4218
"/Engine/EngineMaterials/Substrate/GLints/dict_16_192_64_0p5_0p02_0054_0000" 4219
"/Engine/EngineMaterials/Substrate/GLints/dict_16_192_64_0p5_0p02_0054_0001" 4220
"/Engine/EngineMaterials/Substrate/GLints/dict_16_192_64_0p5_0p02_0054_0002" 4221
"/Engine/EngineMaterials/Substrate/GLints/dict_16_192_64_0p5_0p02_0054_0003" 4222
"/Engine/EngineMaterials/Substrate/GLints/dict_16_192_64_0p5_0p02_0054_0004" 4223
"/Engine/EngineMaterials/Substrate/GLints/dict_16_192_64_0p5_0p02_0054_0005" 4224
"/Engine/EngineMaterials/Substrate/GLints/dict_16_192_64_0p5_0p02_0054_0006" 4225
"/Engine/EngineMaterials/Substrate/GLints/dict_16_192_64_0p5_0p02_0054_0007" 4226
"/Engine/EngineMaterials/Substrate/GLints/dict_16_192_64_0p5_0p02_0054_0008" 4227
"/Engine/EngineMaterials/Substrate/GLints/dict_16_192_64_0p5_0p02_0054_0009" 4228
"/Engine/EngineMaterials/Substrate/GLints/dict_16_192_64_0p5_0p02_0054_0010" 4229
"/Engine/EngineMaterials/Substrate/GLints/dict_16_192_64_0p5_0p02_0054_0011" 4230
"/Engine/EngineMaterials/Substrate/GLints/dict_16_192_64_0p5_0p02_0054_0012" 4231
"/Engine/EngineMaterials/Substrate/GLints/dict_16_192_64_0p5_0p02_0054_0013" 4232
"/Engine/EngineMaterials/Substrate/GLints/dict_16_192_64_0p5_0p02_0054_0014" 4233
"/Engine/EngineMaterials/Substrate/GLints/dict_16_192_64_0p5_0p02_0054_0015" 4234
"/Engine/EngineMaterials/Substrate/GLints/dict_16_192_64_0p5_0p02_0055_0000" 4235
"/Engine/EngineMaterials/Substrate/GLints/dict_16_192_64_0p5_0p02_0055_0002" 4236
"/Engine/EngineMaterials/Substrate/GLints/dict_16_192_64_0p5_0p02_0053_0011" 4237
"/Engine/EngineMaterials/Substrate/GLints/dict_16_192_64_0p5_0p02_0053_0013" 4238
"/Engine/EngineMaterials/Substrate/GLints/dict_16_192_64_0p5_0p02_0053_0014" 4239
"../../../Engine/Content/EngineMaterials/Substrate/GLints/dict_16_192_64_0p5_0p02_0052_0015.uasset" 4240
"../../../Engine/Content/EngineMaterials/Substrate/GLints/dict_16_192_64_0p5_0p02_0053_0000.uasset" 4241
"../../../Engine/Content/EngineMaterials/Substrate/GLints/dict_16_192_64_0p5_0p02_0052_0013.uasset" 4242
"../../../Engine/Content/EngineMaterials/Substrate/GLints/dict_16_192_64_0p5_0p02_0052_0012.uasset" 4243
"../../../Engine/Content/EngineMaterials/Substrate/GLints/dict_16_192_64_0p5_0p02_0052_0011.uasset" 4244
"../../../Engine/Content/EngineMaterials/Substrate/GLints/dict_16_192_64_0p5_0p02_0052_0007.uasset" 4245
"../../../Engine/Content/EngineMaterials/Substrate/GLints/dict_16_192_64_0p5_0p02_0052_0008.uasset" 4246
"../../../Engine/Content/EngineMaterials/Substrate/GLints/dict_16_192_64_0p5_0p02_0052_0009.uasset" 4247
"../../../Engine/Content/EngineMaterials/Substrate/GLints/dict_16_192_64_0p5_0p02_0052_0006.uasset" 4248
"../../../Engine/Content/EngineMaterials/Substrate/GLints/dict_16_192_64_0p5_0p02_0052_0005.uasset" 4249
"../../../Engine/Content/EngineMaterials/Substrate/GLints/dict_16_192_64_0p5_0p02_0052_0010.uasset" 4250
"../../../Engine/Content/EngineMaterials/Substrate/GLints/dict_16_192_64_0p5_0p02_0053_0001.uasset" 4251
"/Engine/EngineMaterials/Substrate/GLints/dict_16_192_64_0p5_0p02_0053_0002" 4252
"../../../Engine/Content/EngineMaterials/Substrate/GLints/dict_16_192_64_0p5_0p02_0052_0000.uasset" 4253
"../../../Engine/Content/EngineMaterials/Substrate/GLints/dict_16_192_64_0p5_0p02_0051_0014.uasset" 4254
"../../../Engine/Content/EngineMaterials/Substrate/GLints/dict_16_192_64_0p5_0p02_0051_0012.uasset" 4255
"../../../Engine/Content/EngineMaterials/Substrate/GLints/dict_16_192_64_0p5_0p02_0052_0014.uasset" 4256
"../../../Engine/Content/EngineMaterials/Substrate/GLints/dict_16_192_64_0p5_0p02_0052_0003.uasset" 4257
"../../../Engine/Content/EngineMaterials/Substrate/GLints/dict_16_192_64_0p5_0p02_0052_0001.uasset" 4258
"../../../Engine/Content/EngineMaterials/Substrate/GLints/dict_16_192_64_0p5_0p02_0051_0015.uasset" 4259
"../../../Engine/Content/EngineMaterials/Substrate/GLints/dict_16_192_64_0p5_0p02_0052_0004.uasset" 4260
"../../../Engine/Content/EngineMaterials/Substrate/GLints/dict_16_192_64_0p5_0p02_0051_0013.uasset" 4261
"../../../Engine/Content/EngineMaterials/Substrate/GLints/dict_16_192_64_0p5_0p02_0052_0002.uasset" 4262
"/Engine/EngineMaterials/Substrate/GLints/dict_16_192_64_0p5_0p02_0053_0003" 4263
"/Engine/EngineMaterials/Substrate/GLints/dict_16_192_64_0p5_0p02_0053_0004" 4264
"/Engine/EngineMaterials/Substrate/GLints/dict_16_192_64_0p5_0p02_0053_0005" 4265
"/Engine/EngineMaterials/Substrate/GLints/dict_16_192_64_0p5_0p02_0053_0006" 4266
"/Engine/EngineMaterials/Substrate/GLints/dict_16_192_64_0p5_0p02_0053_0007" 4267
"/Engine/EngineMaterials/Substrate/GLints/dict_16_192_64_0p5_0p02_0053_0008" 4268
"/Engine/EngineMaterials/Substrate/GLints/dict_16_192_64_0p5_0p02_0053_0009" 4269
"/Engine/EngineMaterials/Substrate/GLints/dict_16_192_64_0p5_0p02_0053_0010" 4270
"/Engine/EngineMaterials/Substrate/GLints/dict_16_192_64_0p5_0p02_0052_0015" 4271
"/Engine/EngineMaterials/Substrate/GLints/dict_16_192_64_0p5_0p02_0053_0012" 4272
"/Engine/EngineMaterials/Substrate/GLints/dict_16_192_64_0p5_0p02_0053_0000" 4273
"../../../Engine/Content/EngineMaterials/Substrate/GLints/dict_16_192_64_0p5_0p02_0051_0010.uasset" 4274
"../../../Engine/Content/EngineMaterials/Substrate/GLints/dict_16_192_64_0p5_0p02_0051_0009.uasset" 4275
"../../../Engine/Content/EngineMaterials/Substrate/GLints/dict_16_192_64_0p5_0p02_0051_0008.uasset" 4276
"../../../Engine/Content/EngineMaterials/Substrate/GLints/dict_16_192_64_0p5_0p02_0051_0006.uasset" 4277
"../../../Engine/Content/EngineMaterials/Substrate/GLints/dict_16_192_64_0p5_0p02_0051_0011.uasset" 4278
"../../../Engine/Content/EngineMaterials/Substrate/GLints/dict_16_192_64_0p5_0p02_0051_0007.uasset" 4279
"../../../Engine/Content/EngineMaterials/Substrate/GLints/dict_16_192_64_0p5_0p02_0051_0005.uasset" 4280
"../../../Engine/Content/EngineMaterials/Substrate/GLints/dict_16_192_64_0p5_0p02_0051_0001.uasset" 4281
"../../../Engine/Content/EngineMaterials/Substrate/GLints/dict_16_192_64_0p5_0p02_0051_0002.uasset" 4282
"../../../Engine/Content/EngineMaterials/Substrate/GLints/dict_16_192_64_0p5_0p02_0051_0000.uasset" 4283
"/Engine/EngineMaterials/Substrate/GLints/dict_16_192_64_0p5_0p02_0051_0012" 4284
"../../../Engine/Content/EngineMaterials/Substrate/GLints/dict_16_192_64_0p5_0p02_0051_0004.uasset" 4285
"../../../Engine/Content/EngineMaterials/Substrate/GLints/dict_16_192_64_0p5_0p02_0051_0003.uasset" 4286
"/Engine/EngineMaterials/Substrate/GLints/dict_16_192_64_0p5_0p02_0051_0013" 4287
"/Engine/EngineMaterials/Substrate/GLints/dict_16_192_64_0p5_0p02_0051_0014" 4288
"/Engine/EngineMaterials/Substrate/GLints/dict_16_192_64_0p5_0p02_0051_0015" 4289
"/Engine/EngineMaterials/Substrate/GLints/dict_16_192_64_0p5_0p02_0052_0000" 4290
"/Engine/EngineMaterials/Substrate/GLints/dict_16_192_64_0p5_0p02_0052_0001" 4291
"/Engine/EngineMaterials/Substrate/GLints/dict_16_192_64_0p5_0p02_0052_0002" 4292
"/Engine/EngineMaterials/Substrate/GLints/dict_16_192_64_0p5_0p02_0052_0003" 4293
"/Engine/EngineMaterials/Substrate/GLints/dict_16_192_64_0p5_0p02_0052_0004" 4294
"/Engine/EngineMaterials/Substrate/GLints/dict_16_192_64_0p5_0p02_0052_0005" 4295
"/Engine/EngineMaterials/Substrate/GLints/dict_16_192_64_0p5_0p02_0052_0006" 4296
"/Engine/EngineMaterials/Substrate/GLints/dict_16_192_64_0p5_0p02_0052_0007" 4297
"/Engine/EngineMaterials/Substrate/GLints/dict_16_192_64_0p5_0p02_0052_0008" 4298
"/Engine/EngineMaterials/Substrate/GLints/dict_16_192_64_0p5_0p02_0052_0009" 4299
"/Engine/EngineMaterials/Substrate/GLints/dict_16_192_64_0p5_0p02_0052_0010" 4300
"/Engine/EngineMaterials/Substrate/GLints/dict_16_192_64_0p5_0p02_0052_0011" 4301
"/Engine/EngineMaterials/Substrate/GLints/dict_16_192_64_0p5_0p02_0052_0012" 4302
"/Engine/EngineMaterials/Substrate/GLints/dict_16_192_64_0p5_0p02_0052_0013" 4303
"/Engine/EngineMaterials/Substrate/GLints/dict_16_192_64_0p5_0p02_0052_0014" 4304
"/Engine/EngineMaterials/Substrate/GLints/dict_16_192_64_0p5_0p02_0051_0008" 4305
"/Engine/EngineMaterials/Substrate/GLints/dict_16_192_64_0p5_0p02_0051_0009" 4306
"/Engine/EngineMaterials/Substrate/GLints/dict_16_192_64_0p5_0p02_0051_0010" 4307
"/Engine/EngineMaterials/Substrate/GLints/dict_16_192_64_0p5_0p02_0053_0001" 4308
"../../../Engine/Content/EngineMaterials/Substrate/GLints/dict_16_192_64_0p5_0p02_0050_0015.uasset" 4309
"../../../Engine/Content/EngineMaterials/Substrate/GLints/dict_16_192_64_0p5_0p02_0050_0013.uasset" 4310
"../../../Engine/Content/EngineMaterials/Substrate/GLints/dict_16_192_64_0p5_0p02_0050_0012.uasset" 4311
"../../../Engine/Content/EngineMaterials/Substrate/GLints/dict_16_192_64_0p5_0p02_0050_0011.uasset" 4312
"../../../Engine/Content/EngineMaterials/Substrate/GLints/dict_16_192_64_0p5_0p02_0050_0010.uasset" 4313
"../../../Engine/Content/EngineMaterials/Substrate/GLints/dict_16_192_64_0p5_0p02_0050_0008.uasset" 4314
"../../../Engine/Content/EngineMaterials/Substrate/GLints/dict_16_192_64_0p5_0p02_0050_0007.uasset" 4315
"../../../Engine/Content/EngineMaterials/Substrate/GLints/dict_16_192_64_0p5_0p02_0050_0006.uasset" 4316
"../../../Engine/Content/EngineMaterials/Substrate/GLints/dict_16_192_64_0p5_0p02_0050_0009.uasset" 4317
"../../../Engine/Content/EngineMaterials/Substrate/GLints/dict_16_192_64_0p5_0p02_0050_0005.uasset" 4318
"../../../Engine/Content/EngineMaterials/Substrate/GLints/dict_16_192_64_0p5_0p02_0050_0004.uasset" 4319
"../../../Engine/Content/EngineMaterials/Substrate/GLints/dict_16_192_64_0p5_0p02_0049_0015.uasset" 4320
"../../../Engine/Content/EngineMaterials/Substrate/GLints/dict_16_192_64_0p5_0p02_0050_0003.uasset" 4321
"../../../Engine/Content/EngineMaterials/Substrate/GLints/dict_16_192_64_0p5_0p02_0049_0014.uasset" 4322
"../../../Engine/Content/EngineMaterials/Substrate/GLints/dict_16_192_64_0p5_0p02_0049_0012.uasset" 4323
"/Engine/EngineMaterials/Substrate/GLints/dict_16_192_64_0p5_0p02_0051_0000" 4324
"../../../Engine/Content/EngineMaterials/Substrate/GLints/dict_16_192_64_0p5_0p02_0050_0002.uasset" 4325
"../../../Engine/Content/EngineMaterials/Substrate/GLints/dict_16_192_64_0p5_0p02_0050_0001.uasset" 4326
"../../../Engine/Content/EngineMaterials/Substrate/GLints/dict_16_192_64_0p5_0p02_0049_0013.uasset" 4327
"../../../Engine/Content/EngineMaterials/Substrate/GLints/dict_16_192_64_0p5_0p02_0050_0014.uasset" 4328
"../../../Engine/Content/EngineMaterials/Substrate/GLints/dict_16_192_64_0p5_0p02_0049_0010.uasset" 4329
"../../../Engine/Content/EngineMaterials/Substrate/GLints/dict_16_192_64_0p5_0p02_0050_0000.uasset" 4330
"../../../Engine/Content/EngineMaterials/Substrate/GLints/dict_16_192_64_0p5_0p02_0049_0009.uasset" 4331
"../../../Engine/Content/EngineMaterials/Substrate/GLints/dict_16_192_64_0p5_0p02_0049_0011.uasset" 4332
"/Engine/EngineMaterials/Substrate/GLints/dict_16_192_64_0p5_0p02_0051_0001" 4333
"/Engine/EngineMaterials/Substrate/GLints/dict_16_192_64_0p5_0p02_0051_0002" 4334
"/Engine/EngineMaterials/Substrate/GLints/dict_16_192_64_0p5_0p02_0051_0003" 4335
"/Engine/EngineMaterials/Substrate/GLints/dict_16_192_64_0p5_0p02_0051_0004" 4336
"/Engine/EngineMaterials/Substrate/GLints/dict_16_192_64_0p5_0p02_0051_0005" 4337
"/Engine/EngineMaterials/Substrate/GLints/dict_16_192_64_0p5_0p02_0051_0006" 4338
"/Engine/EngineMaterials/Substrate/GLints/dict_16_192_64_0p5_0p02_0051_0007" 4339
"/Engine/EngineMaterials/Substrate/GLints/dict_16_192_64_0p5_0p02_0050_0012" 4340
"/Engine/EngineMaterials/Substrate/GLints/dict_16_192_64_0p5_0p02_0050_0013" 4341
"/Engine/EngineMaterials/Substrate/GLints/dict_16_192_64_0p5_0p02_0051_0011" 4342
"/Engine/EngineMaterials/Substrate/GLints/dict_16_192_64_0p5_0p02_0050_0015" 4343
"../../../Engine/Content/EngineMaterials/Substrate/GLints/dict_16_192_64_0p5_0p02_0049_0008.uasset" 4344
"../../../Engine/Content/EngineMaterials/Substrate/GLints/dict_16_192_64_0p5_0p02_0049_0007.uasset" 4345
"../../../Engine/Content/EngineMaterials/Substrate/GLints/dict_16_192_64_0p5_0p02_0049_0005.uasset" 4346
"../../../Engine/Content/EngineMaterials/Substrate/GLints/dict_16_192_64_0p5_0p02_0049_0006.uasset" 4347
"../../../Engine/Content/EngineMaterials/Substrate/GLints/dict_16_192_64_0p5_0p02_0049_0002.uasset" 4348
"../../../Engine/Content/EngineMaterials/Substrate/GLints/dict_16_192_64_0p5_0p02_0049_0001.uasset" 4349
"../../../Engine/Content/EngineMaterials/Substrate/GLints/dict_16_192_64_0p5_0p02_0049_0000.uasset" 4350
"../../../Engine/Content/EngineMaterials/Substrate/GLints/dict_16_192_64_0p5_0p02_0048_0015.uasset" 4351
"../../../Engine/Content/EngineMaterials/Substrate/GLints/dict_16_192_64_0p5_0p02_0049_0003.uasset" 4352
"../../../Engine/Content/EngineMaterials/Substrate/GLints/dict_16_192_64_0p5_0p02_0049_0004.uasset" 4353
"../../../Engine/Content/EngineMaterials/Substrate/GLints/dict_16_192_64_0p5_0p02_0048_0014.uasset" 4354
"../../../Engine/Content/EngineMaterials/Substrate/GLints/dict_16_192_64_0p5_0p02_0048_0013.uasset" 4355
"/Engine/EngineMaterials/Substrate/GLints/dict_16_192_64_0p5_0p02_0049_0009" 4356
"/Engine/EngineMaterials/Substrate/GLints/dict_16_192_64_0p5_0p02_0049_0010" 4357
"/Engine/EngineMaterials/Substrate/GLints/dict_16_192_64_0p5_0p02_0049_0011" 4358
"/Engine/EngineMaterials/Substrate/GLints/dict_16_192_64_0p5_0p02_0049_0012" 4359
"/Engine/EngineMaterials/Substrate/GLints/dict_16_192_64_0p5_0p02_0049_0013" 4360
"/Engine/EngineMaterials/Substrate/GLints/dict_16_192_64_0p5_0p02_0049_0014" 4361
"/Engine/EngineMaterials/Substrate/GLints/dict_16_192_64_0p5_0p02_0049_0015" 4362
"/Engine/EngineMaterials/Substrate/GLints/dict_16_192_64_0p5_0p02_0050_0000" 4363
"/Engine/EngineMaterials/Substrate/GLints/dict_16_192_64_0p5_0p02_0050_0001" 4364
"/Engine/EngineMaterials/Substrate/GLints/dict_16_192_64_0p5_0p02_0050_0002" 4365
"/Engine/EngineMaterials/Substrate/GLints/dict_16_192_64_0p5_0p02_0050_0003" 4366
"/Engine/EngineMaterials/Substrate/GLints/dict_16_192_64_0p5_0p02_0050_0004" 4367
"/Engine/EngineMaterials/Substrate/GLints/dict_16_192_64_0p5_0p02_0050_0005" 4368
"/Engine/EngineMaterials/Substrate/GLints/dict_16_192_64_0p5_0p02_0050_0006" 4369
"/Engine/EngineMaterials/Substrate/GLints/dict_16_192_64_0p5_0p02_0050_0007" 4370
"/Engine/EngineMaterials/Substrate/GLints/dict_16_192_64_0p5_0p02_0050_0008" 4371
"/Engine/EngineMaterials/Substrate/GLints/dict_16_192_64_0p5_0p02_0050_0009" 4372
"/Engine/EngineMaterials/Substrate/GLints/dict_16_192_64_0p5_0p02_0050_0010" 4373
"/Engine/EngineMaterials/Substrate/GLints/dict_16_192_64_0p5_0p02_0050_0011" 4374
"/Engine/EngineMaterials/Substrate/GLints/dict_16_192_64_0p5_0p02_0049_0001" 4375
"/Engine/EngineMaterials/Substrate/GLints/dict_16_192_64_0p5_0p02_0049_0002" 4376
"/Engine/EngineMaterials/Substrate/GLints/dict_16_192_64_0p5_0p02_0049_0005" 4377
"/Engine/EngineMaterials/Substrate/GLints/dict_16_192_64_0p5_0p02_0049_0006" 4378
"/Engine/EngineMaterials/Substrate/GLints/dict_16_192_64_0p5_0p02_0050_0014" 4379
"/Engine/EngineMaterials/Substrate/GLints/dict_16_192_64_0p5_0p02_0049_0007" 4380
"/Engine/EngineMaterials/Substrate/GLints/dict_16_192_64_0p5_0p02_0049_0008" 4381
"../../../Engine/Content/EngineMaterials/Substrate/GLints/dict_16_192_64_0p5_0p02_0048_0012.uasset" 4382
"../../../Engine/Content/EngineMaterials/Substrate/GLints/dict_16_192_64_0p5_0p02_0048_0010.uasset" 4383
"../../../Engine/Content/EngineMaterials/Substrate/GLints/dict_16_192_64_0p5_0p02_0048_0009.uasset" 4384
"../../../Engine/Content/EngineMaterials/Substrate/GLints/dict_16_192_64_0p5_0p02_0048_0007.uasset" 4385
"../../../Engine/Content/EngineMaterials/Substrate/GLints/dict_16_192_64_0p5_0p02_0048_0006.uasset" 4386
"../../../Engine/Content/EngineMaterials/Substrate/GLints/dict_16_192_64_0p5_0p02_0048_0011.uasset" 4387
"../../../Engine/Content/EngineMaterials/Substrate/GLints/dict_16_192_64_0p5_0p02_0048_0000.uasset" 4388
"../../../Engine/Content/EngineMaterials/Substrate/GLints/dict_16_192_64_0p5_0p02_0048_0002.uasset" 4389
"../../../Engine/Content/EngineMaterials/Substrate/GLints/dict_16_192_64_0p5_0p02_0048_0001.uasset" 4390
"../../../Engine/Content/EngineMaterials/Substrate/GLints/dict_16_192_64_0p5_0p02_0048_0004.uasset" 4391
"../../../Engine/Content/EngineMaterials/Substrate/GLints/dict_16_192_64_0p5_0p02_0048_0005.uasset" 4392
"../../../Engine/Content/EngineMaterials/Substrate/GLints/dict_16_192_64_0p5_0p02_0047_0013.uasset" 4393
"../../../Engine/Content/EngineMaterials/Substrate/GLints/dict_16_192_64_0p5_0p02_0047_0011.uasset" 4394
"/Engine/EngineMaterials/Substrate/GLints/dict_16_192_64_0p5_0p02_0048_0013" 4395
"../../../Engine/Content/EngineMaterials/Substrate/GLints/dict_16_192_64_0p5_0p02_0047_0009.uasset" 4396
"../../../Engine/Content/EngineMaterials/Substrate/GLints/dict_16_192_64_0p5_0p02_0047_0008.uasset" 4397
"../../../Engine/Content/EngineMaterials/Substrate/GLints/dict_16_192_64_0p5_0p02_0047_0007.uasset" 4398
"../../../Engine/Content/EngineMaterials/Substrate/GLints/dict_16_192_64_0p5_0p02_0047_0014.uasset" 4399
"../../../Engine/Content/EngineMaterials/Substrate/GLints/dict_16_192_64_0p5_0p02_0047_0005.uasset" 4400
"../../../Engine/Content/EngineMaterials/Substrate/GLints/dict_16_192_64_0p5_0p02_0048_0003.uasset" 4401
"../../../Engine/Content/EngineMaterials/Substrate/GLints/dict_16_192_64_0p5_0p02_0047_0004.uasset" 4402
"../../../Engine/Content/EngineMaterials/Substrate/GLints/dict_16_192_64_0p5_0p02_0047_0003.uasset" 4403
"../../../Engine/Content/EngineMaterials/Substrate/GLints/dict_16_192_64_0p5_0p02_0047_0006.uasset" 4404
"../../../Engine/Content/EngineMaterials/Substrate/GLints/dict_16_192_64_0p5_0p02_0047_0012.uasset" 4405
"../../../Engine/Content/EngineMaterials/Substrate/GLints/dict_16_192_64_0p5_0p02_0048_0008.uasset" 4406
"../../../Engine/Content/EngineMaterials/Substrate/GLints/dict_16_192_64_0p5_0p02_0047_0015.uasset" 4407
"../../../Engine/Content/EngineMaterials/Substrate/GLints/dict_16_192_64_0p5_0p02_0047_0010.uasset" 4408
"/Engine/EngineMaterials/Substrate/GLints/dict_16_192_64_0p5_0p02_0048_0014" 4409
"/Engine/EngineMaterials/Substrate/GLints/dict_16_192_64_0p5_0p02_0048_0015" 4410
"/Engine/EngineMaterials/Substrate/GLints/dict_16_192_64_0p5_0p02_0049_0000" 4411
"/Engine/EngineMaterials/Substrate/GLints/dict_16_192_64_0p5_0p02_0048_0006" 4412
"/Engine/EngineMaterials/Substrate/GLints/dict_16_192_64_0p5_0p02_0048_0007" 4413
"/Engine/EngineMaterials/Substrate/GLints/dict_16_192_64_0p5_0p02_0049_0003" 4414
"/Engine/EngineMaterials/Substrate/GLints/dict_16_192_64_0p5_0p02_0049_0004" 4415
"/Engine/EngineMaterials/Substrate/GLints/dict_16_192_64_0p5_0p02_0048_0009" 4416
"/Engine/EngineMaterials/Substrate/GLints/dict_16_192_64_0p5_0p02_0048_0010" 4417
"/Engine/EngineMaterials/Substrate/GLints/dict_16_192_64_0p5_0p02_0048_0011" 4418
"/Engine/EngineMaterials/Substrate/GLints/dict_16_192_64_0p5_0p02_0048_0012" 4419
"../../../Engine/Content/EngineMaterials/Substrate/GLints/dict_16_192_64_0p5_0p02_0047_0002.uasset" 4420
"../../../Engine/Content/EngineMaterials/Substrate/GLints/dict_16_192_64_0p5_0p02_0047_0001.uasset" 4421
"../../../Engine/Content/EngineMaterials/Substrate/GLints/dict_16_192_64_0p5_0p02_0046_0015.uasset" 4422
"../../../Engine/Content/EngineMaterials/Substrate/GLints/dict_16_192_64_0p5_0p02_0046_0013.uasset" 4423
"../../../Engine/Content/EngineMaterials/Substrate/GLints/dict_16_192_64_0p5_0p02_0046_0011.uasset" 4424
"../../../Engine/Content/EngineMaterials/Substrate/GLints/dict_16_192_64_0p5_0p02_0046_0014.uasset" 4425
"../../../Engine/Content/EngineMaterials/Substrate/GLints/dict_16_192_64_0p5_0p02_0046_0012.uasset" 4426
"../../../Engine/Content/EngineMaterials/Substrate/GLints/dict_16_192_64_0p5_0p02_0047_0000.uasset" 4427
"../../../Engine/Content/EngineMaterials/Substrate/GLints/dict_16_192_64_0p5_0p02_0046_0007.uasset" 4428
"/Engine/EngineMaterials/Substrate/GLints/dict_16_192_64_0p5_0p02_0047_0003" 4429
"../../../Engine/Content/EngineMaterials/Substrate/GLints/dict_16_192_64_0p5_0p02_0046_0009.uasset" 4430
"../../../Engine/Content/EngineMaterials/Substrate/GLints/dict_16_192_64_0p5_0p02_0046_0008.uasset" 4431
"../../../Engine/Content/EngineMaterials/Substrate/GLints/dict_16_192_64_0p5_0p02_0046_0010.uasset" 4432
"/Engine/EngineMaterials/Substrate/GLints/dict_16_192_64_0p5_0p02_0047_0004" 4433
"/Engine/EngineMaterials/Substrate/GLints/dict_16_192_64_0p5_0p02_0047_0005" 4434
"/Engine/EngineMaterials/Substrate/GLints/dict_16_192_64_0p5_0p02_0047_0006" 4435
"/Engine/EngineMaterials/Substrate/GLints/dict_16_192_64_0p5_0p02_0047_0007" 4436
"/Engine/EngineMaterials/Substrate/GLints/dict_16_192_64_0p5_0p02_0047_0008" 4437
"/Engine/EngineMaterials/Substrate/GLints/dict_16_192_64_0p5_0p02_0047_0009" 4438
"/Engine/EngineMaterials/Substrate/GLints/dict_16_192_64_0p5_0p02_0047_0010" 4439
"/Engine/EngineMaterials/Substrate/GLints/dict_16_192_64_0p5_0p02_0047_0011" 4440
"/Engine/EngineMaterials/Substrate/GLints/dict_16_192_64_0p5_0p02_0047_0012" 4441
"/Engine/EngineMaterials/Substrate/GLints/dict_16_192_64_0p5_0p02_0047_0013" 4442
"/Engine/EngineMaterials/Substrate/GLints/dict_16_192_64_0p5_0p02_0047_0014" 4443
"/Engine/EngineMaterials/Substrate/GLints/dict_16_192_64_0p5_0p02_0047_0015" 4444
"/Engine/EngineMaterials/Substrate/GLints/dict_16_192_64_0p5_0p02_0048_0000" 4445
"/Engine/EngineMaterials/Substrate/GLints/dict_16_192_64_0p5_0p02_0048_0001" 4446
"/Engine/EngineMaterials/Substrate/GLints/dict_16_192_64_0p5_0p02_0048_0002" 4447
"/Engine/EngineMaterials/Substrate/GLints/dict_16_192_64_0p5_0p02_0048_0003" 4448
"/Engine/EngineMaterials/Substrate/GLints/dict_16_192_64_0p5_0p02_0048_0004" 4449
"/Engine/EngineMaterials/Substrate/GLints/dict_16_192_64_0p5_0p02_0048_0005" 4450
"/Engine/EngineMaterials/Substrate/GLints/dict_16_192_64_0p5_0p02_0048_0008" 4451
"/Engine/EngineMaterials/Substrate/GLints/dict_16_192_64_0p5_0p02_0046_0015" 4452
"/Engine/EngineMaterials/Substrate/GLints/dict_16_192_64_0p5_0p02_0047_0001" 4453
"/Engine/EngineMaterials/Substrate/GLints/dict_16_192_64_0p5_0p02_0047_0002" 4454
"../../../Engine/Content/EngineMaterials/Substrate/GLints/dict_16_192_64_0p5_0p02_0046_0006.uasset" 4455
"../../../Engine/Content/EngineMaterials/Substrate/GLints/dict_16_192_64_0p5_0p02_0046_0005.uasset" 4456
"../../../Engine/Content/EngineMaterials/Substrate/GLints/dict_16_192_64_0p5_0p02_0046_0004.uasset" 4457
"../../../Engine/Content/EngineMaterials/Substrate/GLints/dict_16_192_64_0p5_0p02_0046_0003.uasset" 4458
"../../../Engine/Content/EngineMaterials/Substrate/GLints/dict_16_192_64_0p5_0p02_0046_0002.uasset" 4459
"../../../Engine/Content/EngineMaterials/Substrate/GLints/dict_16_192_64_0p5_0p02_0045_0013.uasset" 4460
"../../../Engine/Content/EngineMaterials/Substrate/GLints/dict_16_192_64_0p5_0p02_0045_0012.uasset" 4461
"../../../Engine/Content/EngineMaterials/Substrate/GLints/dict_16_192_64_0p5_0p02_0045_0014.uasset" 4462
"../../../Engine/Content/EngineMaterials/Substrate/GLints/dict_16_192_64_0p5_0p02_0045_0008.uasset" 4463
"../../../Engine/Content/EngineMaterials/Substrate/GLints/dict_16_192_64_0p5_0p02_0045_0009.uasset" 4464
"../../../Engine/Content/EngineMaterials/Substrate/GLints/dict_16_192_64_0p5_0p02_0045_0011.uasset" 4465
"../../../Engine/Content/EngineMaterials/Substrate/GLints/dict_16_192_64_0p5_0p02_0045_0010.uasset" 4466
"/Engine/EngineMaterials/Substrate/GLints/dict_16_192_64_0p5_0p02_0046_0007" 4467
"../../../Engine/Content/EngineMaterials/Substrate/GLints/dict_16_192_64_0p5_0p02_0045_0003.uasset" 4468
"../../../Engine/Content/EngineMaterials/Substrate/GLints/dict_16_192_64_0p5_0p02_0046_0001.uasset" 4469
"../../../Engine/Content/EngineMaterials/Substrate/GLints/dict_16_192_64_0p5_0p02_0045_0007.uasset" 4470
"../../../Engine/Content/EngineMaterials/Substrate/GLints/dict_16_192_64_0p5_0p02_0045_0006.uasset" 4471
"../../../Engine/Content/EngineMaterials/Substrate/GLints/dict_16_192_64_0p5_0p02_0045_0005.uasset" 4472
"../../../Engine/Content/EngineMaterials/Substrate/GLints/dict_16_192_64_0p5_0p02_0045_0004.uasset" 4473
"../../../Engine/Content/EngineMaterials/Substrate/GLints/dict_16_192_64_0p5_0p02_0045_0015.uasset" 4474
"../../../Engine/Content/EngineMaterials/Substrate/GLints/dict_16_192_64_0p5_0p02_0045_0002.uasset" 4475
"../../../Engine/Content/EngineMaterials/Substrate/GLints/dict_16_192_64_0p5_0p02_0045_0001.uasset" 4476
"../../../Engine/Content/EngineMaterials/Substrate/GLints/dict_16_192_64_0p5_0p02_0046_0000.uasset" 4477
"../../../Engine/Content/EngineMaterials/Substrate/GLints/dict_16_192_64_0p5_0p02_0045_0000.uasset" 4478
"/Engine/EngineMaterials/Substrate/GLints/dict_16_192_64_0p5_0p02_0046_0008" 4479
"/Engine/EngineMaterials/Substrate/GLints/dict_16_192_64_0p5_0p02_0046_0009" 4480
"/Engine/EngineMaterials/Substrate/GLints/dict_16_192_64_0p5_0p02_0046_0010" 4481
"/Engine/EngineMaterials/Substrate/GLints/dict_16_192_64_0p5_0p02_0046_0011" 4482
"/Engine/EngineMaterials/Substrate/GLints/dict_16_192_64_0p5_0p02_0046_0012" 4483
"/Engine/EngineMaterials/Substrate/GLints/dict_16_192_64_0p5_0p02_0046_0013" 4484
"/Engine/EngineMaterials/Substrate/GLints/dict_16_192_64_0p5_0p02_0046_0014" 4485
"/Engine/EngineMaterials/Substrate/GLints/dict_16_192_64_0p5_0p02_0046_0003" 4486
"/Engine/EngineMaterials/Substrate/GLints/dict_16_192_64_0p5_0p02_0046_0004" 4487
"/Engine/EngineMaterials/Substrate/GLints/dict_16_192_64_0p5_0p02_0047_0000" 4488
"/Engine/EngineMaterials/Substrate/GLints/dict_16_192_64_0p5_0p02_0046_0005" 4489
"/Engine/EngineMaterials/Substrate/GLints/dict_16_192_64_0p5_0p02_0046_0006" 4490
"../../../Engine/Content/EngineMaterials/Substrate/GLints/dict_16_192_64_0p5_0p02_0044_0013.uasset" 4491
"../../../Engine/Content/EngineMaterials/Substrate/GLints/dict_16_192_64_0p5_0p02_0044_0012.uasset" 4492
"../../../Engine/Content/EngineMaterials/Substrate/GLints/dict_16_192_64_0p5_0p02_0044_0015.uasset" 4493
"../../../Engine/Content/EngineMaterials/Substrate/GLints/dict_16_192_64_0p5_0p02_0044_0010.uasset" 4494
"../../../Engine/Content/EngineMaterials/Substrate/GLints/dict_16_192_64_0p5_0p02_0044_0009.uasset" 4495
"../../../Engine/Content/EngineMaterials/Substrate/GLints/dict_16_192_64_0p5_0p02_0044_0008.uasset" 4496
"../../../Engine/Content/EngineMaterials/Substrate/GLints/dict_16_192_64_0p5_0p02_0044_0011.uasset" 4497
"../../../Engine/Content/EngineMaterials/Substrate/GLints/dict_16_192_64_0p5_0p02_0044_0007.uasset" 4498
"../../../Engine/Content/EngineMaterials/Substrate/GLints/dict_16_192_64_0p5_0p02_0044_0004.uasset" 4499
"../../../Engine/Content/EngineMaterials/Substrate/GLints/dict_16_192_64_0p5_0p02_0044_0005.uasset" 4500
"../../../Engine/Content/EngineMaterials/Substrate/GLints/dict_16_192_64_0p5_0p02_0044_0014.uasset" 4501
"../../../Engine/Content/EngineMaterials/Substrate/GLints/dict_16_192_64_0p5_0p02_0044_0003.uasset" 4502
"/Engine/EngineMaterials/Substrate/GLints/dict_16_192_64_0p5_0p02_0045_0000" 4503
"../../../Engine/Content/EngineMaterials/Substrate/GLints/dict_16_192_64_0p5_0p02_0044_0006.uasset" 4504
"/Engine/EngineMaterials/Substrate/GLints/dict_16_192_64_0p5_0p02_0045_0001" 4505
"/Engine/EngineMaterials/Substrate/GLints/dict_16_192_64_0p5_0p02_0045_0002" 4506
"/Engine/EngineMaterials/Substrate/GLints/dict_16_192_64_0p5_0p02_0045_0003" 4507
"/Engine/EngineMaterials/Substrate/GLints/dict_16_192_64_0p5_0p02_0045_0004" 4508
"/Engine/EngineMaterials/Substrate/GLints/dict_16_192_64_0p5_0p02_0045_0005" 4509
"/Engine/EngineMaterials/Substrate/GLints/dict_16_192_64_0p5_0p02_0045_0006" 4510
"/Engine/EngineMaterials/Substrate/GLints/dict_16_192_64_0p5_0p02_0045_0007" 4511
"/Engine/EngineMaterials/Substrate/GLints/dict_16_192_64_0p5_0p02_0045_0008" 4512
"/Engine/EngineMaterials/Substrate/GLints/dict_16_192_64_0p5_0p02_0045_0009" 4513
"/Engine/EngineMaterials/Substrate/GLints/dict_16_192_64_0p5_0p02_0045_0010" 4514
"/Engine/EngineMaterials/Substrate/GLints/dict_16_192_64_0p5_0p02_0045_0011" 4515
"/Engine/EngineMaterials/Substrate/GLints/dict_16_192_64_0p5_0p02_0045_0012" 4516
"/Engine/EngineMaterials/Substrate/GLints/dict_16_192_64_0p5_0p02_0045_0013" 4517
"/Engine/EngineMaterials/Substrate/GLints/dict_16_192_64_0p5_0p02_0045_0014" 4518
"/Engine/EngineMaterials/Substrate/GLints/dict_16_192_64_0p5_0p02_0045_0015" 4519
"/Engine/EngineMaterials/Substrate/GLints/dict_16_192_64_0p5_0p02_0046_0000" 4520
"/Engine/EngineMaterials/Substrate/GLints/dict_16_192_64_0p5_0p02_0046_0001" 4521
"/Engine/EngineMaterials/Substrate/GLints/dict_16_192_64_0p5_0p02_0046_0002" 4522
"/Engine/EngineMaterials/Substrate/GLints/dict_16_192_64_0p5_0p02_0044_0012" 4523
"../../../Engine/Content/EngineMaterials/Substrate/GLints/dict_16_192_64_0p5_0p02_0044_0002.uasset" 4524
"../../../Engine/Content/EngineMaterials/Substrate/GLints/dict_16_192_64_0p5_0p02_0044_0000.uasset" 4525
"../../../Engine/Content/EngineMaterials/Substrate/GLints/dict_16_192_64_0p5_0p02_0044_0001.uasset" 4526
"../../../Engine/Content/EngineMaterials/Substrate/GLints/dict_16_192_64_0p5_0p02_0043_0011.uasset" 4527
"../../../Engine/Content/EngineMaterials/Substrate/GLints/dict_16_192_64_0p5_0p02_0043_0015.uasset" 4528
"../../../Engine/Content/EngineMaterials/Substrate/GLints/dict_16_192_64_0p5_0p02_0043_0007.uasset" 4529
"../../../Engine/Content/EngineMaterials/Substrate/GLints/dict_16_192_64_0p5_0p02_0043_0006.uasset" 4530
"../../../Engine/Content/EngineMaterials/Substrate/GLints/dict_16_192_64_0p5_0p02_0043_0009.uasset" 4531
"../../../Engine/Content/EngineMaterials/Substrate/GLints/dict_16_192_64_0p5_0p02_0043_0010.uasset" 4532
"../../../Engine/Content/EngineMaterials/Substrate/GLints/dict_16_192_64_0p5_0p02_0043_0004.uasset" 4533
"../../../Engine/Content/EngineMaterials/Substrate/GLints/dict_16_192_64_0p5_0p02_0043_0013.uasset" 4534
"/Engine/EngineMaterials/Substrate/GLints/dict_16_192_64_0p5_0p02_0044_0003" 4535
"../../../Engine/Content/EngineMaterials/Substrate/GLints/dict_16_192_64_0p5_0p02_0043_0002.uasset" 4536
"../../../Engine/Content/EngineMaterials/Substrate/GLints/dict_16_192_64_0p5_0p02_0043_0001.uasset" 4537
"../../../Engine/Content/EngineMaterials/Substrate/GLints/dict_16_192_64_0p5_0p02_0043_0014.uasset" 4538
"../../../Engine/Content/EngineMaterials/Substrate/GLints/dict_16_192_64_0p5_0p02_0043_0005.uasset" 4539
"../../../Engine/Content/EngineMaterials/Substrate/GLints/dict_16_192_64_0p5_0p02_0043_0012.uasset" 4540
"../../../Engine/Content/EngineMaterials/Substrate/GLints/dict_16_192_64_0p5_0p02_0043_0000.uasset" 4541
"../../../Engine/Content/EngineMaterials/Substrate/GLints/dict_16_192_64_0p5_0p02_0043_0008.uasset" 4542
"../../../Engine/Content/EngineMaterials/Substrate/GLints/dict_16_192_64_0p5_0p02_0042_0015.uasset" 4543
"../../../Engine/Content/EngineMaterials/Substrate/GLints/dict_16_192_64_0p5_0p02_0043_0003.uasset" 4544
"/Engine/EngineMaterials/Substrate/GLints/dict_16_192_64_0p5_0p02_0044_0004" 4545
"/Engine/EngineMaterials/Substrate/GLints/dict_16_192_64_0p5_0p02_0044_0005" 4546
"/Engine/EngineMaterials/Substrate/GLints/dict_16_192_64_0p5_0p02_0044_0006" 4547
"/Engine/EngineMaterials/Substrate/GLints/dict_16_192_64_0p5_0p02_0044_0007" 4548
"/Engine/EngineMaterials/Substrate/GLints/dict_16_192_64_0p5_0p02_0044_0008" 4549
"/Engine/EngineMaterials/Substrate/GLints/dict_16_192_64_0p5_0p02_0044_0009" 4550
"/Engine/EngineMaterials/Substrate/GLints/dict_16_192_64_0p5_0p02_0044_0010" 4551
"/Engine/EngineMaterials/Substrate/GLints/dict_16_192_64_0p5_0p02_0044_0011" 4552
"/Engine/EngineMaterials/Substrate/GLints/dict_16_192_64_0p5_0p02_0044_0002" 4553
"/Engine/EngineMaterials/Substrate/GLints/dict_16_192_64_0p5_0p02_0044_0013" 4554
"/Engine/EngineMaterials/Substrate/GLints/dict_16_192_64_0p5_0p02_0044_0014" 4555
"/Engine/EngineMaterials/Substrate/GLints/dict_16_192_64_0p5_0p02_0044_0015" 4556
"../../../Engine/Content/EngineMaterials/Substrate/GLints/dict_16_192_64_0p5_0p02_0042_0014.uasset" 4557
"../../../Engine/Content/EngineMaterials/Substrate/GLints/dict_16_192_64_0p5_0p02_0042_0010.uasset" 4558
"../../../Engine/Content/EngineMaterials/Substrate/GLints/dict_16_192_64_0p5_0p02_0042_0011.uasset" 4559
"../../../Engine/Content/EngineMaterials/Substrate/GLints/dict_16_192_64_0p5_0p02_0042_0008.uasset" 4560
"../../../Engine/Content/EngineMaterials/Substrate/GLints/dict_16_192_64_0p5_0p02_0042_0006.uasset" 4561
"../../../Engine/Content/EngineMaterials/Substrate/GLints/dict_16_192_64_0p5_0p02_0042_0004.uasset" 4562
"../../../Engine/Content/EngineMaterials/Substrate/GLints/dict_16_192_64_0p5_0p02_0042_0003.uasset" 4563
"../../../Engine/Content/EngineMaterials/Substrate/GLints/dict_16_192_64_0p5_0p02_0042_0002.uasset" 4564
"../../../Engine/Content/EngineMaterials/Substrate/GLints/dict_16_192_64_0p5_0p02_0042_0007.uasset" 4565
"../../../Engine/Content/EngineMaterials/Substrate/GLints/dict_16_192_64_0p5_0p02_0042_0013.uasset" 4566
"/Engine/EngineMaterials/Substrate/GLints/dict_16_192_64_0p5_0p02_0042_0015" 4567
"../../../Engine/Content/EngineMaterials/Substrate/GLints/dict_16_192_64_0p5_0p02_0042_0009.uasset" 4568
"../../../Engine/Content/EngineMaterials/Substrate/GLints/dict_16_192_64_0p5_0p02_0042_0012.uasset" 4569
"../../../Engine/Content/EngineMaterials/Substrate/GLints/dict_16_192_64_0p5_0p02_0042_0005.uasset" 4570
"/Engine/EngineMaterials/Substrate/GLints/dict_16_192_64_0p5_0p02_0043_0000" 4571
"/Engine/EngineMaterials/Substrate/GLints/dict_16_192_64_0p5_0p02_0043_0001" 4572
"/Engine/EngineMaterials/Substrate/GLints/dict_16_192_64_0p5_0p02_0043_0002" 4573
"/Engine/EngineMaterials/Substrate/GLints/dict_16_192_64_0p5_0p02_0043_0003" 4574
"/Engine/EngineMaterials/Substrate/GLints/dict_16_192_64_0p5_0p02_0043_0004" 4575
"/Engine/EngineMaterials/Substrate/GLints/dict_16_192_64_0p5_0p02_0043_0005" 4576
"/Engine/EngineMaterials/Substrate/GLints/dict_16_192_64_0p5_0p02_0043_0006" 4577
"/Engine/EngineMaterials/Substrate/GLints/dict_16_192_64_0p5_0p02_0043_0007" 4578
"/Engine/EngineMaterials/Substrate/GLints/dict_16_192_64_0p5_0p02_0043_0008" 4579
"/Engine/EngineMaterials/Substrate/GLints/dict_16_192_64_0p5_0p02_0043_0009" 4580
"/Engine/EngineMaterials/Substrate/GLints/dict_16_192_64_0p5_0p02_0043_0010" 4581
"/Engine/EngineMaterials/Substrate/GLints/dict_16_192_64_0p5_0p02_0043_0011" 4582
"/Engine/EngineMaterials/Substrate/GLints/dict_16_192_64_0p5_0p02_0043_0012" 4583
"/Engine/EngineMaterials/Substrate/GLints/dict_16_192_64_0p5_0p02_0043_0013" 4584
"/Engine/EngineMaterials/Substrate/GLints/dict_16_192_64_0p5_0p02_0043_0014" 4585
"/Engine/EngineMaterials/Substrate/GLints/dict_16_192_64_0p5_0p02_0043_0015" 4586
"/Engine/EngineMaterials/Substrate/GLints/dict_16_192_64_0p5_0p02_0044_0000" 4587
"/Engine/EngineMaterials/Substrate/GLints/dict_16_192_64_0p5_0p02_0044_0001" 4588
"/Engine/EngineMaterials/Substrate/GLints/dict_16_192_64_0p5_0p02_0042_0010" 4589
"/Engine/EngineMaterials/Substrate/GLints/dict_16_192_64_0p5_0p02_0042_0011" 4590
"/Engine/EngineMaterials/Substrate/GLints/dict_16_192_64_0p5_0p02_0042_0014" 4591
"../../../Engine/Content/EngineMaterials/Substrate/GLints/dict_16_192_64_0p5_0p02_0042_0001.uasset" 4592
"../../../Engine/Content/EngineMaterials/Substrate/GLints/dict_16_192_64_0p5_0p02_0042_0000.uasset" 4593
"../../../Engine/Content/EngineMaterials/Substrate/GLints/dict_16_192_64_0p5_0p02_0041_0015.uasset" 4594
"../../../Engine/Content/EngineMaterials/Substrate/GLints/dict_16_192_64_0p5_0p02_0041_0013.uasset" 4595
"../../../Engine/Content/EngineMaterials/Substrate/GLints/dict_16_192_64_0p5_0p02_0041_0012.uasset" 4596
"../../../Engine/Content/EngineMaterials/Substrate/GLints/dict_16_192_64_0p5_0p02_0041_0010.uasset" 4597
"../../../Engine/Content/EngineMaterials/Substrate/GLints/dict_16_192_64_0p5_0p02_0041_0009.uasset" 4598
"../../../Engine/Content/EngineMaterials/Substrate/GLints/dict_16_192_64_0p5_0p02_0041_0008.uasset" 4599
"../../../Engine/Content/EngineMaterials/Substrate/GLints/dict_16_192_64_0p5_0p02_0041_0014.uasset" 4600
"../../../Engine/Content/EngineMaterials/Substrate/GLints/dict_16_192_64_0p5_0p02_0041_0005.uasset" 4601
"../../../Engine/Content/EngineMaterials/Substrate/GLints/dict_16_192_64_0p5_0p02_0041_0011.uasset" 4602
"../../../Engine/Content/EngineMaterials/Substrate/GLints/dict_16_192_64_0p5_0p02_0041_0004.uasset" 4603
"../../../Engine/Content/EngineMaterials/Substrate/GLints/dict_16_192_64_0p5_0p02_0041_0002.uasset" 4604
"../../../Engine/Content/EngineMaterials/Substrate/GLints/dict_16_192_64_0p5_0p02_0041_0003.uasset" 4605
"../../../Engine/Content/EngineMaterials/Substrate/GLints/dict_16_192_64_0p5_0p02_0041_0006.uasset" 4606
"../../../Engine/Content/EngineMaterials/Substrate/GLints/dict_16_192_64_0p5_0p02_0040_0014.uasset" 4607
"../../../Engine/Content/EngineMaterials/Substrate/GLints/dict_16_192_64_0p5_0p02_0040_0013.uasset" 4608
"../../../Engine/Content/EngineMaterials/Substrate/GLints/dict_16_192_64_0p5_0p02_0040_0015.uasset" 4609
"../../../Engine/Content/EngineMaterials/Substrate/GLints/dict_16_192_64_0p5_0p02_0041_0001.uasset" 4610
"../../../Engine/Content/EngineMaterials/Substrate/GLints/dict_16_192_64_0p5_0p02_0041_0000.uasset" 4611
"../../../Engine/Content/EngineMaterials/Substrate/GLints/dict_16_192_64_0p5_0p02_0040_0012.uasset" 4612
"/Engine/EngineMaterials/Substrate/GLints/dict_16_192_64_0p5_0p02_0042_0002" 4613
"../../../Engine/Content/EngineMaterials/Substrate/GLints/dict_16_192_64_0p5_0p02_0041_0007.uasset" 4614
"/Engine/EngineMaterials/Substrate/GLints/dict_16_192_64_0p5_0p02_0042_0003" 4615
"/Engine/EngineMaterials/Substrate/GLints/dict_16_192_64_0p5_0p02_0042_0004" 4616
"/Engine/EngineMaterials/Substrate/GLints/dict_16_192_64_0p5_0p02_0042_0005" 4617
"/Engine/EngineMaterials/Substrate/GLints/dict_16_192_64_0p5_0p02_0042_0006" 4618
"/Engine/EngineMaterials/Substrate/GLints/dict_16_192_64_0p5_0p02_0042_0007" 4619
"/Engine/EngineMaterials/Substrate/GLints/dict_16_192_64_0p5_0p02_0042_0008" 4620
"/Engine/EngineMaterials/Substrate/GLints/dict_16_192_64_0p5_0p02_0042_0009" 4621
"/Engine/EngineMaterials/Substrate/GLints/dict_16_192_64_0p5_0p02_0041_0015" 4622
"/Engine/EngineMaterials/Substrate/GLints/dict_16_192_64_0p5_0p02_0042_0000" 4623
"/Engine/EngineMaterials/Substrate/GLints/dict_16_192_64_0p5_0p02_0042_0012" 4624
"/Engine/EngineMaterials/Substrate/GLints/dict_16_192_64_0p5_0p02_0042_0013" 4625
"/Engine/EngineMaterials/Substrate/GLints/dict_16_192_64_0p5_0p02_0042_0001" 4626
"../../../Engine/Content/EngineMaterials/Substrate/GLints/dict_16_192_64_0p5_0p02_0040_0009.uasset" 4627
"../../../Engine/Content/EngineMaterials/Substrate/GLints/dict_16_192_64_0p5_0p02_0040_0008.uasset" 4628
"../../../Engine/Content/EngineMaterials/Substrate/GLints/dict_16_192_64_0p5_0p02_0040_0011.uasset" 4629
"../../../Engine/Content/EngineMaterials/Substrate/GLints/dict_16_192_64_0p5_0p02_0040_0005.uasset" 4630
"../../../Engine/Content/EngineMaterials/Substrate/GLints/dict_16_192_64_0p5_0p02_0040_0004.uasset" 4631
"../../../Engine/Content/EngineMaterials/Substrate/GLints/dict_16_192_64_0p5_0p02_0040_0002.uasset" 4632
"../../../Engine/Content/EngineMaterials/Substrate/GLints/dict_16_192_64_0p5_0p02_0040_0000.uasset" 4633
"../../../Engine/Content/EngineMaterials/Substrate/GLints/dict_16_192_64_0p5_0p02_0040_0003.uasset" 4634
"../../../Engine/Content/EngineMaterials/Substrate/GLints/dict_16_192_64_0p5_0p02_0039_0015.uasset" 4635
"../../../Engine/Content/EngineMaterials/Substrate/GLints/dict_16_192_64_0p5_0p02_0040_0006.uasset" 4636
"/Engine/EngineMaterials/Substrate/GLints/dict_16_192_64_0p5_0p02_0040_0012" 4637
"../../../Engine/Content/EngineMaterials/Substrate/GLints/dict_16_192_64_0p5_0p02_0040_0001.uasset" 4638
"../../../Engine/Content/EngineMaterials/Substrate/GLints/dict_16_192_64_0p5_0p02_0040_0010.uasset" 4639
"../../../Engine/Content/EngineMaterials/Substrate/GLints/dict_16_192_64_0p5_0p02_0040_0007.uasset" 4640
"/Engine/EngineMaterials/Substrate/GLints/dict_16_192_64_0p5_0p02_0040_0013" 4641
"/Engine/EngineMaterials/Substrate/GLints/dict_16_192_64_0p5_0p02_0040_0014" 4642
"/Engine/EngineMaterials/Substrate/GLints/dict_16_192_64_0p5_0p02_0040_0015" 4643
"/Engine/EngineMaterials/Substrate/GLints/dict_16_192_64_0p5_0p02_0041_0000" 4644
"/Engine/EngineMaterials/Substrate/GLints/dict_16_192_64_0p5_0p02_0041_0001" 4645
"/Engine/EngineMaterials/Substrate/GLints/dict_16_192_64_0p5_0p02_0041_0002" 4646
"/Engine/EngineMaterials/Substrate/GLints/dict_16_192_64_0p5_0p02_0041_0003" 4647
"/Engine/EngineMaterials/Substrate/GLints/dict_16_192_64_0p5_0p02_0041_0004" 4648
"/Engine/EngineMaterials/Substrate/GLints/dict_16_192_64_0p5_0p02_0041_0005" 4649
"/Engine/EngineMaterials/Substrate/GLints/dict_16_192_64_0p5_0p02_0041_0006" 4650
"/Engine/EngineMaterials/Substrate/GLints/dict_16_192_64_0p5_0p02_0041_0007" 4651
"/Engine/EngineMaterials/Substrate/GLints/dict_16_192_64_0p5_0p02_0041_0008" 4652
"/Engine/EngineMaterials/Substrate/GLints/dict_16_192_64_0p5_0p02_0041_0009" 4653
"/Engine/EngineMaterials/Substrate/GLints/dict_16_192_64_0p5_0p02_0041_0010" 4654
"/Engine/EngineMaterials/Substrate/GLints/dict_16_192_64_0p5_0p02_0041_0011" 4655
"/Engine/EngineMaterials/Substrate/GLints/dict_16_192_64_0p5_0p02_0041_0012" 4656
"/Engine/EngineMaterials/Substrate/GLints/dict_16_192_64_0p5_0p02_0041_0013" 4657
"/Engine/EngineMaterials/Substrate/GLints/dict_16_192_64_0p5_0p02_0041_0014" 4658
"/Engine/EngineMaterials/Substrate/GLints/dict_16_192_64_0p5_0p02_0040_0008" 4659
"/Engine/EngineMaterials/Substrate/GLints/dict_16_192_64_0p5_0p02_0040_0009" 4660
"/Engine/EngineMaterials/Substrate/GLints/dict_16_192_64_0p5_0p02_0040_0011" 4661
"../../../Engine/Content/EngineMaterials/Substrate/GLints/dict_16_192_64_0p5_0p02_0039_0014.uasset" 4662
"../../../Engine/Content/EngineMaterials/Substrate/GLints/dict_16_192_64_0p5_0p02_0039_0013.uasset" 4663
"../../../Engine/Content/EngineMaterials/Substrate/GLints/dict_16_192_64_0p5_0p02_0039_0011.uasset" 4664
"../../../Engine/Content/EngineMaterials/Substrate/GLints/dict_16_192_64_0p5_0p02_0039_0010.uasset" 4665
"../../../Engine/Content/EngineMaterials/Substrate/GLints/dict_16_192_64_0p5_0p02_0039_0008.uasset" 4666
"../../../Engine/Content/EngineMaterials/Substrate/GLints/dict_16_192_64_0p5_0p02_0039_0007.uasset" 4667
"../../../Engine/Content/EngineMaterials/Substrate/GLints/dict_16_192_64_0p5_0p02_0039_0006.uasset" 4668
"../../../Engine/Content/EngineMaterials/Substrate/GLints/dict_16_192_64_0p5_0p02_0039_0005.uasset" 4669
"../../../Engine/Content/EngineMaterials/Substrate/GLints/dict_16_192_64_0p5_0p02_0039_0003.uasset" 4670
"../../../Engine/Content/EngineMaterials/Substrate/GLints/dict_16_192_64_0p5_0p02_0039_0004.uasset" 4671
"../../../Engine/Content/EngineMaterials/Substrate/GLints/dict_16_192_64_0p5_0p02_0039_0000.uasset" 4672
"../../../Engine/Content/EngineMaterials/Substrate/GLints/dict_16_192_64_0p5_0p02_0039_0001.uasset" 4673
"../../../Engine/Content/EngineMaterials/Substrate/GLints/dict_16_192_64_0p5_0p02_0038_0013.uasset" 4674
"/Engine/EngineMaterials/Substrate/GLints/dict_16_192_64_0p5_0p02_0039_0015" 4675
"../../../Engine/Content/EngineMaterials/Substrate/GLints/dict_16_192_64_0p5_0p02_0038_0015.uasset" 4676
"../../../Engine/Content/EngineMaterials/Substrate/GLints/dict_16_192_64_0p5_0p02_0039_0009.uasset" 4677
"../../../Engine/Content/EngineMaterials/Substrate/GLints/dict_16_192_64_0p5_0p02_0038_0009.uasset" 4678
"../../../Engine/Content/EngineMaterials/Substrate/GLints/dict_16_192_64_0p5_0p02_0038_0014.uasset" 4679
"../../../Engine/Content/EngineMaterials/Substrate/GLints/dict_16_192_64_0p5_0p02_0038_0011.uasset" 4680
"../../../Engine/Content/EngineMaterials/Substrate/GLints/dict_16_192_64_0p5_0p02_0039_0012.uasset" 4681
"../../../Engine/Content/EngineMaterials/Substrate/GLints/dict_16_192_64_0p5_0p02_0038_0012.uasset" 4682
"../../../Engine/Content/EngineMaterials/Substrate/GLints/dict_16_192_64_0p5_0p02_0039_0002.uasset" 4683
"../../../Engine/Content/EngineMaterials/Substrate/GLints/dict_16_192_64_0p5_0p02_0038_0010.uasset" 4684
"/Engine/EngineMaterials/Substrate/GLints/dict_16_192_64_0p5_0p02_0039_0011" 4685
"/Engine/EngineMaterials/Substrate/GLints/dict_16_192_64_0p5_0p02_0040_0000" 4686
"/Engine/EngineMaterials/Substrate/GLints/dict_16_192_64_0p5_0p02_0040_0001" 4687
"/Engine/EngineMaterials/Substrate/GLints/dict_16_192_64_0p5_0p02_0040_0002" 4688
"/Engine/EngineMaterials/Substrate/GLints/dict_16_192_64_0p5_0p02_0040_0003" 4689
"/Engine/EngineMaterials/Substrate/GLints/dict_16_192_64_0p5_0p02_0040_0004" 4690
"/Engine/EngineMaterials/Substrate/GLints/dict_16_192_64_0p5_0p02_0040_0005" 4691
"/Engine/EngineMaterials/Substrate/GLints/dict_16_192_64_0p5_0p02_0040_0006" 4692
"/Engine/EngineMaterials/Substrate/GLints/dict_16_192_64_0p5_0p02_0040_0007" 4693
"/Engine/EngineMaterials/Substrate/GLints/dict_16_192_64_0p5_0p02_0039_0013" 4694
"/Engine/EngineMaterials/Substrate/GLints/dict_16_192_64_0p5_0p02_0040_0010" 4695
"/Engine/EngineMaterials/Substrate/GLints/dict_16_192_64_0p5_0p02_0039_0014" 4696
"../../../Engine/Content/EngineMaterials/Substrate/GLints/dict_16_192_64_0p5_0p02_0038_0007.uasset" 4697
"../../../Engine/Content/EngineMaterials/Substrate/GLints/dict_16_192_64_0p5_0p02_0038_0008.uasset" 4698
"../../../Engine/Content/EngineMaterials/Substrate/GLints/dict_16_192_64_0p5_0p02_0038_0003.uasset" 4699
"../../../Engine/Content/EngineMaterials/Substrate/GLints/dict_16_192_64_0p5_0p02_0038_0004.uasset" 4700
"../../../Engine/Content/EngineMaterials/Substrate/GLints/dict_16_192_64_0p5_0p02_0038_0002.uasset" 4701
"../../../Engine/Content/EngineMaterials/Substrate/GLints/dict_16_192_64_0p5_0p02_0038_0000.uasset" 4702
"../../../Engine/Content/EngineMaterials/Substrate/GLints/dict_16_192_64_0p5_0p02_0038_0005.uasset" 4703
"../../../Engine/Content/EngineMaterials/Substrate/GLints/dict_16_192_64_0p5_0p02_0037_0012.uasset" 4704
"../../../Engine/Content/EngineMaterials/Substrate/GLints/dict_16_192_64_0p5_0p02_0037_0015.uasset" 4705
"../../../Engine/Content/EngineMaterials/Substrate/GLints/dict_16_192_64_0p5_0p02_0038_0006.uasset" 4706
"/Engine/EngineMaterials/Substrate/GLints/dict_16_192_64_0p5_0p02_0038_0009" 4707
"../../../Engine/Content/EngineMaterials/Substrate/GLints/dict_16_192_64_0p5_0p02_0037_0013.uasset" 4708
"../../../Engine/Content/EngineMaterials/Substrate/GLints/dict_16_192_64_0p5_0p02_0038_0001.uasset" 4709
"../../../Engine/Content/EngineMaterials/Substrate/GLints/dict_16_192_64_0p5_0p02_0037_0014.uasset" 4710
"/Engine/EngineMaterials/Substrate/GLints/dict_16_192_64_0p5_0p02_0038_0010" 4711
"/Engine/EngineMaterials/Substrate/GLints/dict_16_192_64_0p5_0p02_0038_0011" 4712
"/Engine/EngineMaterials/Substrate/GLints/dict_16_192_64_0p5_0p02_0038_0012" 4713
"/Engine/EngineMaterials/Substrate/GLints/dict_16_192_64_0p5_0p02_0038_0013" 4714
"/Engine/EngineMaterials/Substrate/GLints/dict_16_192_64_0p5_0p02_0038_0014" 4715
"/Engine/EngineMaterials/Substrate/GLints/dict_16_192_64_0p5_0p02_0038_0015" 4716
"/Engine/EngineMaterials/Substrate/GLints/dict_16_192_64_0p5_0p02_0039_0000" 4717
"/Engine/EngineMaterials/Substrate/GLints/dict_16_192_64_0p5_0p02_0039_0001" 4718
"/Engine/EngineMaterials/Substrate/GLints/dict_16_192_64_0p5_0p02_0039_0002" 4719
"/Engine/EngineMaterials/Substrate/GLints/dict_16_192_64_0p5_0p02_0039_0003" 4720
"/Engine/EngineMaterials/Substrate/GLints/dict_16_192_64_0p5_0p02_0039_0004" 4721
"/Engine/EngineMaterials/Substrate/GLints/dict_16_192_64_0p5_0p02_0039_0005" 4722
"/Engine/EngineMaterials/Substrate/GLints/dict_16_192_64_0p5_0p02_0039_0006" 4723
"/Engine/EngineMaterials/Substrate/GLints/dict_16_192_64_0p5_0p02_0039_0007" 4724
"/Engine/EngineMaterials/Substrate/GLints/dict_16_192_64_0p5_0p02_0039_0008" 4725
"/Engine/EngineMaterials/Substrate/GLints/dict_16_192_64_0p5_0p02_0039_0009" 4726
"/Engine/EngineMaterials/Substrate/GLints/dict_16_192_64_0p5_0p02_0039_0010" 4727
"/Engine/EngineMaterials/Substrate/GLints/dict_16_192_64_0p5_0p02_0039_0012" 4728
"/Engine/EngineMaterials/Substrate/GLints/dict_16_192_64_0p5_0p02_0038_0007" 4729
"/Engine/EngineMaterials/Substrate/GLints/dict_16_192_64_0p5_0p02_0038_0008" 4730
"../../../Engine/Content/EngineMaterials/Substrate/GLints/dict_16_192_64_0p5_0p02_0037_0011.uasset" 4731
"../../../Engine/Content/EngineMaterials/Substrate/GLints/dict_16_192_64_0p5_0p02_0037_0009.uasset" 4732
"../../../Engine/Content/EngineMaterials/Substrate/GLints/dict_16_192_64_0p5_0p02_0037_0008.uasset" 4733
"../../../Engine/Content/EngineMaterials/Substrate/GLints/dict_16_192_64_0p5_0p02_0037_0005.uasset" 4734
"../../../Engine/Content/EngineMaterials/Substrate/GLints/dict_16_192_64_0p5_0p02_0037_0006.uasset" 4735
"../../../Engine/Content/EngineMaterials/Substrate/GLints/dict_16_192_64_0p5_0p02_0037_0001.uasset" 4736
"../../../Engine/Content/EngineMaterials/Substrate/GLints/dict_16_192_64_0p5_0p02_0036_0015.uasset" 4737
"../../../Engine/Content/EngineMaterials/Substrate/GLints/dict_16_192_64_0p5_0p02_0036_0012.uasset" 4738
"../../../Engine/Content/EngineMaterials/Substrate/GLints/dict_16_192_64_0p5_0p02_0036_0014.uasset" 4739
"../../../Engine/Content/EngineMaterials/Substrate/GLints/dict_16_192_64_0p5_0p02_0036_0011.uasset" 4740
"/Engine/EngineMaterials/Substrate/GLints/dict_16_192_64_0p5_0p02_0037_0012" 4741
"../../../Engine/Content/EngineMaterials/Substrate/GLints/dict_16_192_64_0p5_0p02_0037_0003.uasset" 4742
"../../../Engine/Content/EngineMaterials/Substrate/GLints/dict_16_192_64_0p5_0p02_0036_0008.uasset" 4743
"../../../Engine/Content/EngineMaterials/Substrate/GLints/dict_16_192_64_0p5_0p02_0037_0000.uasset" 4744
"../../../Engine/Content/EngineMaterials/Substrate/GLints/dict_16_192_64_0p5_0p02_0036_0007.uasset" 4745
"../../../Engine/Content/EngineMaterials/Substrate/GLints/dict_16_192_64_0p5_0p02_0037_0007.uasset" 4746
"../../../Engine/Content/EngineMaterials/Substrate/GLints/dict_16_192_64_0p5_0p02_0037_0004.uasset" 4747
"../../../Engine/Content/EngineMaterials/Substrate/GLints/dict_16_192_64_0p5_0p02_0036_0013.uasset" 4748
"../../../Engine/Content/EngineMaterials/Substrate/GLints/dict_16_192_64_0p5_0p02_0036_0010.uasset" 4749
"../../../Engine/Content/EngineMaterials/Substrate/GLints/dict_16_192_64_0p5_0p02_0037_0010.uasset" 4750
"../../../Engine/Content/EngineMaterials/Substrate/GLints/dict_16_192_64_0p5_0p02_0037_0002.uasset" 4751
"../../../Engine/Content/EngineMaterials/Substrate/GLints/dict_16_192_64_0p5_0p02_0036_0009.uasset" 4752
"/Engine/EngineMaterials/Substrate/GLints/dict_16_192_64_0p5_0p02_0037_0013" 4753
"/Engine/EngineMaterials/Substrate/GLints/dict_16_192_64_0p5_0p02_0037_0014" 4754
"/Engine/EngineMaterials/Substrate/GLints/dict_16_192_64_0p5_0p02_0037_0015" 4755
"/Engine/EngineMaterials/Substrate/GLints/dict_16_192_64_0p5_0p02_0038_0000" 4756
"/Engine/EngineMaterials/Substrate/GLints/dict_16_192_64_0p5_0p02_0038_0001" 4757
"/Engine/EngineMaterials/Substrate/GLints/dict_16_192_64_0p5_0p02_0038_0002" 4758
"/Engine/EngineMaterials/Substrate/GLints/dict_16_192_64_0p5_0p02_0038_0003" 4759
"/Engine/EngineMaterials/Substrate/GLints/dict_16_192_64_0p5_0p02_0038_0004" 4760
"/Engine/EngineMaterials/Substrate/GLints/dict_16_192_64_0p5_0p02_0038_0005" 4761
"/Engine/EngineMaterials/Substrate/GLints/dict_16_192_64_0p5_0p02_0037_0009" 4762
"/Engine/EngineMaterials/Substrate/GLints/dict_16_192_64_0p5_0p02_0038_0006" 4763
"/Engine/EngineMaterials/Substrate/GLints/dict_16_192_64_0p5_0p02_0037_0011" 4764
"../../../Engine/Content/EngineMaterials/Substrate/GLints/dict_16_192_64_0p5_0p02_0036_0006.uasset" 4765
"../../../Engine/Content/EngineMaterials/Substrate/GLints/dict_16_192_64_0p5_0p02_0036_0005.uasset" 4766
"../../../Engine/Content/EngineMaterials/Substrate/GLints/dict_16_192_64_0p5_0p02_0036_0003.uasset" 4767
"../../../Engine/Content/EngineMaterials/Substrate/GLints/dict_16_192_64_0p5_0p02_0036_0004.uasset" 4768
"../../../Engine/Content/EngineMaterials/Substrate/GLints/dict_16_192_64_0p5_0p02_0036_0002.uasset" 4769
"../../../Engine/Content/EngineMaterials/Substrate/GLints/dict_16_192_64_0p5_0p02_0035_0013.uasset" 4770
"../../../Engine/Content/EngineMaterials/Substrate/GLints/dict_16_192_64_0p5_0p02_0035_0015.uasset" 4771
"../../../Engine/Content/EngineMaterials/Substrate/GLints/dict_16_192_64_0p5_0p02_0035_0014.uasset" 4772
"../../../Engine/Content/EngineMaterials/Substrate/GLints/dict_16_192_64_0p5_0p02_0035_0010.uasset" 4773
"/Engine/EngineMaterials/Substrate/GLints/dict_16_192_64_0p5_0p02_0036_0007" 4774
"../../../Engine/Content/EngineMaterials/Substrate/GLints/dict_16_192_64_0p5_0p02_0035_0011.uasset" 4775
"../../../Engine/Content/EngineMaterials/Substrate/GLints/dict_16_192_64_0p5_0p02_0035_0012.uasset" 4776
"../../../Engine/Content/EngineMaterials/Substrate/GLints/dict_16_192_64_0p5_0p02_0036_0000.uasset" 4777
"../../../Engine/Content/EngineMaterials/Substrate/GLints/dict_16_192_64_0p5_0p02_0036_0001.uasset" 4778
"/Engine/EngineMaterials/Substrate/GLints/dict_16_192_64_0p5_0p02_0036_0008" 4779
"/Engine/EngineMaterials/Substrate/GLints/dict_16_192_64_0p5_0p02_0036_0009" 4780
"/Engine/EngineMaterials/Substrate/GLints/dict_16_192_64_0p5_0p02_0036_0010" 4781
"/Engine/EngineMaterials/Substrate/GLints/dict_16_192_64_0p5_0p02_0036_0011" 4782
"/Engine/EngineMaterials/Substrate/GLints/dict_16_192_64_0p5_0p02_0036_0012" 4783
"/Engine/EngineMaterials/Substrate/GLints/dict_16_192_64_0p5_0p02_0036_0013" 4784
"/Engine/EngineMaterials/Substrate/GLints/dict_16_192_64_0p5_0p02_0036_0014" 4785
"/Engine/EngineMaterials/Substrate/GLints/dict_16_192_64_0p5_0p02_0036_0015" 4786
"/Engine/EngineMaterials/Substrate/GLints/dict_16_192_64_0p5_0p02_0037_0000" 4787
"/Engine/EngineMaterials/Substrate/GLints/dict_16_192_64_0p5_0p02_0037_0001" 4788
"/Engine/EngineMaterials/Substrate/GLints/dict_16_192_64_0p5_0p02_0037_0002" 4789
"/Engine/EngineMaterials/Substrate/GLints/dict_16_192_64_0p5_0p02_0037_0003" 4790
"/Engine/EngineMaterials/Substrate/GLints/dict_16_192_64_0p5_0p02_0037_0004" 4791
"/Engine/EngineMaterials/Substrate/GLints/dict_16_192_64_0p5_0p02_0037_0005" 4792
"/Engine/EngineMaterials/Substrate/GLints/dict_16_192_64_0p5_0p02_0037_0006" 4793
"/Engine/EngineMaterials/Substrate/GLints/dict_16_192_64_0p5_0p02_0037_0007" 4794
"/Engine/EngineMaterials/Substrate/GLints/dict_16_192_64_0p5_0p02_0037_0008" 4795
"/Engine/EngineMaterials/Substrate/GLints/dict_16_192_64_0p5_0p02_0037_0010" 4796
"/Engine/EngineMaterials/Substrate/GLints/dict_16_192_64_0p5_0p02_0036_0006" 4797
"../../../Engine/Content/EngineMaterials/Substrate/GLints/dict_16_192_64_0p5_0p02_0035_0009.uasset" 4798
"../../../Engine/Content/EngineMaterials/Substrate/GLints/dict_16_192_64_0p5_0p02_0035_0007.uasset" 4799
"../../../Engine/Content/EngineMaterials/Substrate/GLints/dict_16_192_64_0p5_0p02_0035_0008.uasset" 4800
"../../../Engine/Content/EngineMaterials/Substrate/GLints/dict_16_192_64_0p5_0p02_0035_0005.uasset" 4801
"../../../Engine/Content/EngineMaterials/Substrate/GLints/dict_16_192_64_0p5_0p02_0035_0003.uasset" 4802
"../../../Engine/Content/EngineMaterials/Substrate/GLints/dict_16_192_64_0p5_0p02_0035_0002.uasset" 4803
"../../../Engine/Content/EngineMaterials/Substrate/GLints/dict_16_192_64_0p5_0p02_0035_0000.uasset" 4804
"../../../Engine/Content/EngineMaterials/Substrate/GLints/dict_16_192_64_0p5_0p02_0034_0015.uasset" 4805
"../../../Engine/Content/EngineMaterials/Substrate/GLints/dict_16_192_64_0p5_0p02_0034_0012.uasset" 4806
"../../../Engine/Content/EngineMaterials/Substrate/GLints/dict_16_192_64_0p5_0p02_0034_0010.uasset" 4807
"../../../Engine/Content/EngineMaterials/Substrate/GLints/dict_16_192_64_0p5_0p02_0034_0009.uasset" 4808
"../../../Engine/Content/EngineMaterials/Substrate/GLints/dict_16_192_64_0p5_0p02_0035_0006.uasset" 4809
"../../../Engine/Content/EngineMaterials/Substrate/GLints/dict_16_192_64_0p5_0p02_0034_0008.uasset" 4810
"../../../Engine/Content/EngineMaterials/Substrate/GLints/dict_16_192_64_0p5_0p02_0034_0007.uasset" 4811
"/Engine/EngineMaterials/Substrate/GLints/dict_16_192_64_0p5_0p02_0035_0007" 4812
"../../../Engine/Content/EngineMaterials/Substrate/GLints/dict_16_192_64_0p5_0p02_0034_0013.uasset" 4813
"../../../Engine/Content/EngineMaterials/Substrate/GLints/dict_16_192_64_0p5_0p02_0034_0011.uasset" 4814
"../../../Engine/Content/EngineMaterials/Substrate/GLints/dict_16_192_64_0p5_0p02_0034_0014.uasset" 4815
"../../../Engine/Content/EngineMaterials/Substrate/GLints/dict_16_192_64_0p5_0p02_0035_0001.uasset" 4816
"../../../Engine/Content/EngineMaterials/Substrate/GLints/dict_16_192_64_0p5_0p02_0034_0006.uasset" 4817
"../../../Engine/Content/EngineMaterials/Substrate/GLints/dict_16_192_64_0p5_0p02_0035_0004.uasset" 4818
"/Engine/EngineMaterials/Substrate/GLints/dict_16_192_64_0p5_0p02_0035_0010" 4819
"/Engine/EngineMaterials/Substrate/GLints/dict_16_192_64_0p5_0p02_0035_0011" 4820
"/Engine/EngineMaterials/Substrate/GLints/dict_16_192_64_0p5_0p02_0035_0012" 4821
"/Engine/EngineMaterials/Substrate/GLints/dict_16_192_64_0p5_0p02_0035_0013" 4822
"/Engine/EngineMaterials/Substrate/GLints/dict_16_192_64_0p5_0p02_0035_0014" 4823
"/Engine/EngineMaterials/Substrate/GLints/dict_16_192_64_0p5_0p02_0035_0015" 4824
"/Engine/EngineMaterials/Substrate/GLints/dict_16_192_64_0p5_0p02_0036_0000" 4825
"/Engine/EngineMaterials/Substrate/GLints/dict_16_192_64_0p5_0p02_0036_0001" 4826
"/Engine/EngineMaterials/Substrate/GLints/dict_16_192_64_0p5_0p02_0036_0002" 4827
"/Engine/EngineMaterials/Substrate/GLints/dict_16_192_64_0p5_0p02_0036_0003" 4828
"/Engine/EngineMaterials/Substrate/GLints/dict_16_192_64_0p5_0p02_0036_0004" 4829
"/Engine/EngineMaterials/Substrate/GLints/dict_16_192_64_0p5_0p02_0036_0005" 4830
"/Engine/EngineMaterials/Substrate/GLints/dict_16_192_64_0p5_0p02_0035_0008" 4831
"/Engine/EngineMaterials/Substrate/GLints/dict_16_192_64_0p5_0p02_0035_0009" 4832
"../../../Engine/Content/EngineMaterials/Substrate/GLints/dict_16_192_64_0p5_0p02_0034_0005.uasset" 4833
"../../../Engine/Content/EngineMaterials/Substrate/GLints/dict_16_192_64_0p5_0p02_0034_0004.uasset" 4834
"../../../Engine/Content/EngineMaterials/Substrate/GLints/dict_16_192_64_0p5_0p02_0034_0001.uasset" 4835
"../../../Engine/Content/EngineMaterials/Substrate/GLints/dict_16_192_64_0p5_0p02_0034_0002.uasset" 4836
"../../../Engine/Content/EngineMaterials/Substrate/GLints/dict_16_192_64_0p5_0p02_0034_0000.uasset" 4837
"../../../Engine/Content/EngineMaterials/Substrate/GLints/dict_16_192_64_0p5_0p02_0033_0013.uasset" 4838
"../../../Engine/Content/EngineMaterials/Substrate/GLints/dict_16_192_64_0p5_0p02_0033_0010.uasset" 4839
"../../../Engine/Content/EngineMaterials/Substrate/GLints/dict_16_192_64_0p5_0p02_0033_0015.uasset" 4840
"../../../Engine/Content/EngineMaterials/Substrate/GLints/dict_16_192_64_0p5_0p02_0033_0008.uasset" 4841
"../../../Engine/Content/EngineMaterials/Substrate/GLints/dict_16_192_64_0p5_0p02_0033_0007.uasset" 4842
"../../../Engine/Content/EngineMaterials/Substrate/GLints/dict_16_192_64_0p5_0p02_0033_0011.uasset" 4843
"/Engine/EngineMaterials/Substrate/GLints/dict_16_192_64_0p5_0p02_0034_0006" 4844
"../../../Engine/Content/EngineMaterials/Substrate/GLints/dict_16_192_64_0p5_0p02_0033_0012.uasset" 4845
"../../../Engine/Content/EngineMaterials/Substrate/GLints/dict_16_192_64_0p5_0p02_0034_0003.uasset" 4846
"../../../Engine/Content/EngineMaterials/Substrate/GLints/dict_16_192_64_0p5_0p02_0033_0014.uasset" 4847
"../../../Engine/Content/EngineMaterials/Substrate/GLints/dict_16_192_64_0p5_0p02_0033_0009.uasset" 4848
"/Engine/EngineMaterials/Substrate/GLints/dict_16_192_64_0p5_0p02_0034_0007" 4849
"/Engine/EngineMaterials/Substrate/GLints/dict_16_192_64_0p5_0p02_0034_0008" 4850
"/Engine/EngineMaterials/Substrate/GLints/dict_16_192_64_0p5_0p02_0034_0009" 4851
"/Engine/EngineMaterials/Substrate/GLints/dict_16_192_64_0p5_0p02_0034_0010" 4852
"/Engine/EngineMaterials/Substrate/GLints/dict_16_192_64_0p5_0p02_0034_0011" 4853
"/Engine/EngineMaterials/Substrate/GLints/dict_16_192_64_0p5_0p02_0034_0012" 4854
"/Engine/EngineMaterials/Substrate/GLints/dict_16_192_64_0p5_0p02_0034_0013" 4855
"/Engine/EngineMaterials/Substrate/GLints/dict_16_192_64_0p5_0p02_0034_0014" 4856
"/Engine/EngineMaterials/Substrate/GLints/dict_16_192_64_0p5_0p02_0034_0015" 4857
"/Engine/EngineMaterials/Substrate/GLints/dict_16_192_64_0p5_0p02_0035_0000" 4858
"/Engine/EngineMaterials/Substrate/GLints/dict_16_192_64_0p5_0p02_0035_0001" 4859
"/Engine/EngineMaterials/Substrate/GLints/dict_16_192_64_0p5_0p02_0035_0002" 4860
"/Engine/EngineMaterials/Substrate/GLints/dict_16_192_64_0p5_0p02_0035_0003" 4861
"/Engine/EngineMaterials/Substrate/GLints/dict_16_192_64_0p5_0p02_0035_0004" 4862
"/Engine/EngineMaterials/Substrate/GLints/dict_16_192_64_0p5_0p02_0035_0005" 4863
"/Engine/EngineMaterials/Substrate/GLints/dict_16_192_64_0p5_0p02_0035_0006" 4864
"/Engine/EngineMaterials/Substrate/GLints/dict_16_192_64_0p5_0p02_0034_0001" 4865
"/Engine/EngineMaterials/Substrate/GLints/dict_16_192_64_0p5_0p02_0034_0002" 4866
"/Engine/EngineMaterials/Substrate/GLints/dict_16_192_64_0p5_0p02_0034_0004" 4867
"/Engine/EngineMaterials/Substrate/GLints/dict_16_192_64_0p5_0p02_0034_0005" 4868
"../../../Engine/Content/EngineMaterials/Substrate/GLints/dict_16_192_64_0p5_0p02_0033_0006.uasset" 4869
"../../../Engine/Content/EngineMaterials/Substrate/GLints/dict_16_192_64_0p5_0p02_0033_0005.uasset" 4870
"../../../Engine/Content/EngineMaterials/Substrate/GLints/dict_16_192_64_0p5_0p02_0033_0003.uasset" 4871
"../../../Engine/Content/EngineMaterials/Substrate/GLints/dict_16_192_64_0p5_0p02_0033_0001.uasset" 4872
"../../../Engine/Content/EngineMaterials/Substrate/GLints/dict_16_192_64_0p5_0p02_0032_0015.uasset" 4873
"../../../Engine/Content/EngineMaterials/Substrate/GLints/dict_16_192_64_0p5_0p02_0032_0014.uasset" 4874
"../../../Engine/Content/EngineMaterials/Substrate/GLints/dict_16_192_64_0p5_0p02_0032_0012.uasset" 4875
"../../../Engine/Content/EngineMaterials/Substrate/GLints/dict_16_192_64_0p5_0p02_0032_0010.uasset" 4876
"../../../Engine/Content/EngineMaterials/Substrate/GLints/dict_16_192_64_0p5_0p02_0032_0009.uasset" 4877
"../../../Engine/Content/EngineMaterials/Substrate/GLints/dict_16_192_64_0p5_0p02_0033_0002.uasset" 4878
"../../../Engine/Content/EngineMaterials/Substrate/GLints/dict_16_192_64_0p5_0p02_0033_0004.uasset" 4879
"../../../Engine/Content/EngineMaterials/Substrate/GLints/dict_16_192_64_0p5_0p02_0032_0007.uasset" 4880
"../../../Engine/Content/EngineMaterials/Substrate/GLints/dict_16_192_64_0p5_0p02_0032_0013.uasset" 4881
"../../../Engine/Content/EngineMaterials/Substrate/GLints/dict_16_192_64_0p5_0p02_0032_0004.uasset" 4882
"../../../Engine/Content/EngineMaterials/Substrate/GLints/dict_16_192_64_0p5_0p02_0032_0003.uasset" 4883
"/Engine/EngineMaterials/Substrate/GLints/dict_16_192_64_0p5_0p02_0033_0007" 4884
"../../../Engine/Content/EngineMaterials/Substrate/GLints/dict_16_192_64_0p5_0p02_0032_0002.uasset" 4885
"../../../Engine/Content/EngineMaterials/Substrate/GLints/dict_16_192_64_0p5_0p02_0032_0008.uasset" 4886
"../../../Engine/Content/EngineMaterials/Substrate/GLints/dict_16_192_64_0p5_0p02_0032_0011.uasset" 4887
"../../../Engine/Content/EngineMaterials/Substrate/GLints/dict_16_192_64_0p5_0p02_0032_0005.uasset" 4888
"../../../Engine/Content/EngineMaterials/Substrate/GLints/dict_16_192_64_0p5_0p02_0033_0000.uasset" 4889
"../../../Engine/Content/EngineMaterials/Substrate/GLints/dict_16_192_64_0p5_0p02_0032_0006.uasset" 4890
"/Engine/EngineMaterials/Substrate/GLints/dict_16_192_64_0p5_0p02_0033_0008" 4891
"/Engine/EngineMaterials/Substrate/GLints/dict_16_192_64_0p5_0p02_0033_0009" 4892
"/Engine/EngineMaterials/Substrate/GLints/dict_16_192_64_0p5_0p02_0033_0010" 4893
"/Engine/EngineMaterials/Substrate/GLints/dict_16_192_64_0p5_0p02_0033_0011" 4894
"/Engine/EngineMaterials/Substrate/GLints/dict_16_192_64_0p5_0p02_0033_0012" 4895
"/Engine/EngineMaterials/Substrate/GLints/dict_16_192_64_0p5_0p02_0033_0013" 4896
"/Engine/EngineMaterials/Substrate/GLints/dict_16_192_64_0p5_0p02_0033_0014" 4897
"/Engine/EngineMaterials/Substrate/GLints/dict_16_192_64_0p5_0p02_0033_0015" 4898
"/Engine/EngineMaterials/Substrate/GLints/dict_16_192_64_0p5_0p02_0034_0000" 4899
"/Engine/EngineMaterials/Substrate/GLints/dict_16_192_64_0p5_0p02_0033_0003" 4900
"/Engine/EngineMaterials/Substrate/GLints/dict_16_192_64_0p5_0p02_0034_0003" 4901
"/Engine/EngineMaterials/Substrate/GLints/dict_16_192_64_0p5_0p02_0033_0005" 4902
"/Engine/EngineMaterials/Substrate/GLints/dict_16_192_64_0p5_0p02_0033_0006" 4903
"../../../Engine/Content/EngineMaterials/Substrate/GLints/dict_16_192_64_0p5_0p02_0032_0001.uasset" 4904
"../../../Engine/Content/EngineMaterials/Substrate/GLints/dict_16_192_64_0p5_0p02_0031_0015.uasset" 4905
"../../../Engine/Content/EngineMaterials/Substrate/GLints/dict_16_192_64_0p5_0p02_0031_0013.uasset" 4906
"../../../Engine/Content/EngineMaterials/Substrate/GLints/dict_16_192_64_0p5_0p02_0031_0012.uasset" 4907
"../../../Engine/Content/EngineMaterials/Substrate/GLints/dict_16_192_64_0p5_0p02_0031_0010.uasset" 4908
"../../../Engine/Content/EngineMaterials/Substrate/GLints/dict_16_192_64_0p5_0p02_0031_0008.uasset" 4909
"../../../Engine/Content/EngineMaterials/Substrate/GLints/dict_16_192_64_0p5_0p02_0031_0007.uasset" 4910
"../../../Engine/Content/EngineMaterials/Substrate/GLints/dict_16_192_64_0p5_0p02_0031_0011.uasset" 4911
"/Engine/EngineMaterials/Substrate/GLints/dict_16_192_64_0p5_0p02_0032_0002" 4912
"../../../Engine/Content/EngineMaterials/Substrate/GLints/dict_16_192_64_0p5_0p02_0031_0009.uasset" 4913
"../../../Engine/Content/EngineMaterials/Substrate/GLints/dict_16_192_64_0p5_0p02_0031_0014.uasset" 4914
"../../../Engine/Content/EngineMaterials/Substrate/GLints/dict_16_192_64_0p5_0p02_0031_0006.uasset" 4915
"../../../Engine/Content/EngineMaterials/Substrate/GLints/dict_16_192_64_0p5_0p02_0031_0005.uasset" 4916
"../../../Engine/Content/EngineMaterials/Substrate/GLints/dict_16_192_64_0p5_0p02_0032_0000.uasset" 4917
"../../../Engine/Content/EngineMaterials/Substrate/GLints/dict_16_192_64_0p5_0p02_0031_0004.uasset" 4918
"/Engine/EngineMaterials/Substrate/GLints/dict_16_192_64_0p5_0p02_0032_0003" 4919
"/Engine/EngineMaterials/Substrate/GLints/dict_16_192_64_0p5_0p02_0032_0004" 4920
"/Engine/EngineMaterials/Substrate/GLints/dict_16_192_64_0p5_0p02_0032_0005" 4921
"/Engine/EngineMaterials/Substrate/GLints/dict_16_192_64_0p5_0p02_0032_0006" 4922
"/Engine/EngineMaterials/Substrate/GLints/dict_16_192_64_0p5_0p02_0032_0007" 4923
"/Engine/EngineMaterials/Substrate/GLints/dict_16_192_64_0p5_0p02_0032_0008" 4924
"/Engine/EngineMaterials/Substrate/GLints/dict_16_192_64_0p5_0p02_0032_0009" 4925
"/Engine/EngineMaterials/Substrate/GLints/dict_16_192_64_0p5_0p02_0032_0010" 4926
"/Engine/EngineMaterials/Substrate/GLints/dict_16_192_64_0p5_0p02_0032_0011" 4927
"/Engine/EngineMaterials/Substrate/GLints/dict_16_192_64_0p5_0p02_0032_0012" 4928
"/Engine/EngineMaterials/Substrate/GLints/dict_16_192_64_0p5_0p02_0032_0013" 4929
"/Engine/EngineMaterials/Substrate/GLints/dict_16_192_64_0p5_0p02_0032_0014" 4930
"/Engine/EngineMaterials/Substrate/GLints/dict_16_192_64_0p5_0p02_0032_0015" 4931
"/Engine/EngineMaterials/Substrate/GLints/dict_16_192_64_0p5_0p02_0033_0000" 4932
"/Engine/EngineMaterials/Substrate/GLints/dict_16_192_64_0p5_0p02_0033_0001" 4933
"/Engine/EngineMaterials/Substrate/GLints/dict_16_192_64_0p5_0p02_0033_0002" 4934
"/Engine/EngineMaterials/Substrate/GLints/dict_16_192_64_0p5_0p02_0031_0012" 4935
"/Engine/EngineMaterials/Substrate/GLints/dict_16_192_64_0p5_0p02_0031_0013" 4936
"/Engine/EngineMaterials/Substrate/GLints/dict_16_192_64_0p5_0p02_0033_0004" 4937
"/Engine/EngineMaterials/Substrate/GLints/dict_16_192_64_0p5_0p02_0031_0015" 4938
"/Engine/EngineMaterials/Substrate/GLints/dict_16_192_64_0p5_0p02_0032_0001" 4939
"../../../Engine/Content/EngineMaterials/Substrate/GLints/dict_16_192_64_0p5_0p02_0031_0003.uasset" 4940
"../../../Engine/Content/EngineMaterials/Substrate/GLints/dict_16_192_64_0p5_0p02_0031_0002.uasset" 4941
"../../../Engine/Content/EngineMaterials/Substrate/GLints/dict_16_192_64_0p5_0p02_0030_0015.uasset" 4942
"../../../Engine/Content/EngineMaterials/Substrate/GLints/dict_16_192_64_0p5_0p02_0030_0012.uasset" 4943
"../../../Engine/Content/EngineMaterials/Substrate/GLints/dict_16_192_64_0p5_0p02_0030_0010.uasset" 4944
"../../../Engine/Content/EngineMaterials/Substrate/GLints/dict_16_192_64_0p5_0p02_0030_0008.uasset" 4945
"../../../Engine/Content/EngineMaterials/Substrate/GLints/dict_16_192_64_0p5_0p02_0030_0009.uasset" 4946
"../../../Engine/Content/EngineMaterials/Substrate/GLints/dict_16_192_64_0p5_0p02_0030_0011.uasset" 4947
"../../../Engine/Content/EngineMaterials/Substrate/GLints/dict_16_192_64_0p5_0p02_0031_0000.uasset" 4948
"../../../Engine/Content/EngineMaterials/Substrate/GLints/dict_16_192_64_0p5_0p02_0030_0014.uasset" 4949
"../../../Engine/Content/EngineMaterials/Substrate/GLints/dict_16_192_64_0p5_0p02_0030_0003.uasset" 4950
"../../../Engine/Content/EngineMaterials/Substrate/GLints/dict_16_192_64_0p5_0p02_0030_0002.uasset" 4951
"../../../Engine/Content/EngineMaterials/Substrate/GLints/dict_16_192_64_0p5_0p02_0030_0007.uasset" 4952
"../../../Engine/Content/EngineMaterials/Substrate/GLints/dict_16_192_64_0p5_0p02_0030_0000.uasset" 4953
"../../../Engine/Content/EngineMaterials/Substrate/GLints/dict_16_192_64_0p5_0p02_0029_0015.uasset" 4954
"../../../Engine/Content/EngineMaterials/Substrate/GLints/dict_16_192_64_0p5_0p02_0030_0006.uasset" 4955
"../../../Engine/Content/EngineMaterials/Substrate/GLints/dict_16_192_64_0p5_0p02_0030_0004.uasset" 4956
"../../../Engine/Content/EngineMaterials/Substrate/GLints/dict_16_192_64_0p5_0p02_0030_0005.uasset" 4957
"/Engine/EngineMaterials/Substrate/GLints/dict_16_192_64_0p5_0p02_0031_0004" 4958
"../../../Engine/Content/EngineMaterials/Substrate/GLints/dict_16_192_64_0p5_0p02_0030_0001.uasset" 4959
"../../../Engine/Content/EngineMaterials/Substrate/GLints/dict_16_192_64_0p5_0p02_0031_0001.uasset" 4960
"../../../Engine/Content/EngineMaterials/Substrate/GLints/dict_16_192_64_0p5_0p02_0030_0013.uasset" 4961
"../../../Engine/Content/EngineMaterials/Substrate/GLints/dict_16_192_64_0p5_0p02_0029_0014.uasset" 4962
"/Engine/EngineMaterials/Substrate/GLints/dict_16_192_64_0p5_0p02_0031_0005" 4963
"/Engine/EngineMaterials/Substrate/GLints/dict_16_192_64_0p5_0p02_0031_0006" 4964
"/Engine/EngineMaterials/Substrate/GLints/dict_16_192_64_0p5_0p02_0031_0007" 4965
"/Engine/EngineMaterials/Substrate/GLints/dict_16_192_64_0p5_0p02_0031_0008" 4966
"/Engine/EngineMaterials/Substrate/GLints/dict_16_192_64_0p5_0p02_0031_0009" 4967
"/Engine/EngineMaterials/Substrate/GLints/dict_16_192_64_0p5_0p02_0031_0010" 4968
"/Engine/EngineMaterials/Substrate/GLints/dict_16_192_64_0p5_0p02_0031_0011" 4969
"/Engine/EngineMaterials/Substrate/GLints/dict_16_192_64_0p5_0p02_0031_0014" 4970
"/Engine/EngineMaterials/Substrate/GLints/dict_16_192_64_0p5_0p02_0031_0002" 4971
"/Engine/EngineMaterials/Substrate/GLints/dict_16_192_64_0p5_0p02_0032_0000" 4972
"/Engine/EngineMaterials/Substrate/GLints/dict_16_192_64_0p5_0p02_0031_0003" 4973
"../../../Engine/Content/EngineMaterials/Substrate/GLints/dict_16_192_64_0p5_0p02_0029_0013.uasset" 4974
"../../../Engine/Content/EngineMaterials/Substrate/GLints/dict_16_192_64_0p5_0p02_0029_0011.uasset" 4975
"../../../Engine/Content/EngineMaterials/Substrate/GLints/dict_16_192_64_0p5_0p02_0029_0010.uasset" 4976
"../../../Engine/Content/EngineMaterials/Substrate/GLints/dict_16_192_64_0p5_0p02_0029_0009.uasset" 4977
"../../../Engine/Content/EngineMaterials/Substrate/GLints/dict_16_192_64_0p5_0p02_0029_0007.uasset" 4978
"../../../Engine/Content/EngineMaterials/Substrate/GLints/dict_16_192_64_0p5_0p02_0029_0004.uasset" 4979
"../../../Engine/Content/EngineMaterials/Substrate/GLints/dict_16_192_64_0p5_0p02_0029_0003.uasset" 4980
"../../../Engine/Content/EngineMaterials/Substrate/GLints/dict_16_192_64_0p5_0p02_0029_0008.uasset" 4981
"../../../Engine/Content/EngineMaterials/Substrate/GLints/dict_16_192_64_0p5_0p02_0029_0005.uasset" 4982
"../../../Engine/Content/EngineMaterials/Substrate/GLints/dict_16_192_64_0p5_0p02_0029_0012.uasset" 4983
"../../../Engine/Content/EngineMaterials/Substrate/GLints/dict_16_192_64_0p5_0p02_0029_0002.uasset" 4984
"../../../Engine/Content/EngineMaterials/Substrate/GLints/dict_16_192_64_0p5_0p02_0029_0006.uasset" 4985
"/Engine/EngineMaterials/Substrate/GLints/dict_16_192_64_0p5_0p02_0029_0014" 4986
"/Engine/EngineMaterials/Substrate/GLints/dict_16_192_64_0p5_0p02_0029_0015" 4987
"/Engine/EngineMaterials/Substrate/GLints/dict_16_192_64_0p5_0p02_0030_0000" 4988
"/Engine/EngineMaterials/Substrate/GLints/dict_16_192_64_0p5_0p02_0030_0001" 4989
"/Engine/EngineMaterials/Substrate/GLints/dict_16_192_64_0p5_0p02_0030_0002" 4990
"/Engine/EngineMaterials/Substrate/GLints/dict_16_192_64_0p5_0p02_0030_0003" 4991
"/Engine/EngineMaterials/Substrate/GLints/dict_16_192_64_0p5_0p02_0030_0004" 4992
"/Engine/EngineMaterials/Substrate/GLints/dict_16_192_64_0p5_0p02_0030_0005" 4993
"/Engine/EngineMaterials/Substrate/GLints/dict_16_192_64_0p5_0p02_0030_0006" 4994
"/Engine/EngineMaterials/Substrate/GLints/dict_16_192_64_0p5_0p02_0030_0007" 4995
"/Engine/EngineMaterials/Substrate/GLints/dict_16_192_64_0p5_0p02_0030_0008" 4996
"/Engine/EngineMaterials/Substrate/GLints/dict_16_192_64_0p5_0p02_0030_0009" 4997
"/Engine/EngineMaterials/Substrate/GLints/dict_16_192_64_0p5_0p02_0030_0010" 4998
"/Engine/EngineMaterials/Substrate/GLints/dict_16_192_64_0p5_0p02_0030_0011" 4999
"/Engine/EngineMaterials/Substrate/GLints/dict_16_192_64_0p5_0p02_0030_0012" 5000
"/Engine/EngineMaterials/Substrate/GLints/dict_16_192_64_0p5_0p02_0030_0013" 5001
"/Engine/EngineMaterials/Substrate/GLints/dict_16_192_64_0p5_0p02_0030_0014" 5002
"/Engine/EngineMaterials/Substrate/GLints/dict_16_192_64_0p5_0p02_0030_0015" 5003
"/Engine/EngineMaterials/Substrate/GLints/dict_16_192_64_0p5_0p02_0031_0000" 5004
"/Engine/EngineMaterials/Substrate/GLints/dict_16_192_64_0p5_0p02_0029_0010" 5005
"/Engine/EngineMaterials/Substrate/GLints/dict_16_192_64_0p5_0p02_0031_0001" 5006
"/Engine/EngineMaterials/Substrate/GLints/dict_16_192_64_0p5_0p02_0029_0011" 5007
"/Engine/EngineMaterials/Substrate/GLints/dict_16_192_64_0p5_0p02_0029_0013" 5008
"../../../Engine/Content/EngineMaterials/Substrate/GLints/dict_16_192_64_0p5_0p02_0029_0000.uasset" 5009
"../../../Engine/Content/EngineMaterials/Substrate/GLints/dict_16_192_64_0p5_0p02_0028_0014.uasset" 5010
"../../../Engine/Content/EngineMaterials/Substrate/GLints/dict_16_192_64_0p5_0p02_0029_0001.uasset" 5011
"../../../Engine/Content/EngineMaterials/Substrate/GLints/dict_16_192_64_0p5_0p02_0028_0015.uasset" 5012
"../../../Engine/Content/EngineMaterials/Substrate/GLints/dict_16_192_64_0p5_0p02_0028_0008.uasset" 5013
"../../../Engine/Content/EngineMaterials/Substrate/GLints/dict_16_192_64_0p5_0p02_0028_0006.uasset" 5014
"../../../Engine/Content/EngineMaterials/Substrate/GLints/dict_16_192_64_0p5_0p02_0028_0007.uasset" 5015
"../../../Engine/Content/EngineMaterials/Substrate/GLints/dict_16_192_64_0p5_0p02_0028_0010.uasset" 5016
"../../../Engine/Content/EngineMaterials/Substrate/GLints/dict_16_192_64_0p5_0p02_0028_0012.uasset" 5017
"../../../Engine/Content/EngineMaterials/Substrate/GLints/dict_16_192_64_0p5_0p02_0028_0004.uasset" 5018
"../../../Engine/Content/EngineMaterials/Substrate/GLints/dict_16_192_64_0p5_0p02_0028_0003.uasset" 5019
"../../../Engine/Content/EngineMaterials/Substrate/GLints/dict_16_192_64_0p5_0p02_0028_0001.uasset" 5020
"../../../Engine/Content/EngineMaterials/Substrate/GLints/dict_16_192_64_0p5_0p02_0028_0000.uasset" 5021
"../../../Engine/Content/EngineMaterials/Substrate/GLints/dict_16_192_64_0p5_0p02_0028_0009.uasset" 5022
"../../../Engine/Content/EngineMaterials/Substrate/GLints/dict_16_192_64_0p5_0p02_0027_0014.uasset" 5023
"/Engine/EngineMaterials/Substrate/GLints/dict_16_192_64_0p5_0p02_0029_0002" 5024
"../../../Engine/Content/EngineMaterials/Substrate/GLints/dict_16_192_64_0p5_0p02_0027_0013.uasset" 5025
"../../../Engine/Content/EngineMaterials/Substrate/GLints/dict_16_192_64_0p5_0p02_0027_0012.uasset" 5026
"../../../Engine/Content/EngineMaterials/Substrate/GLints/dict_16_192_64_0p5_0p02_0028_0002.uasset" 5027
"../../../Engine/Content/EngineMaterials/Substrate/GLints/dict_16_192_64_0p5_0p02_0027_0015.uasset" 5028
"../../../Engine/Content/EngineMaterials/Substrate/GLints/dict_16_192_64_0p5_0p02_0028_0011.uasset" 5029
"../../../Engine/Content/EngineMaterials/Substrate/GLints/dict_16_192_64_0p5_0p02_0028_0005.uasset" 5030
"../../../Engine/Content/EngineMaterials/Substrate/GLints/dict_16_192_64_0p5_0p02_0027_0011.uasset" 5031
"../../../Engine/Content/EngineMaterials/Substrate/GLints/dict_16_192_64_0p5_0p02_0028_0013.uasset" 5032
"/Engine/EngineMaterials/Substrate/GLints/dict_16_192_64_0p5_0p02_0029_0003" 5033
"/Engine/EngineMaterials/Substrate/GLints/dict_16_192_64_0p5_0p02_0029_0004" 5034
"/Engine/EngineMaterials/Substrate/GLints/dict_16_192_64_0p5_0p02_0029_0005" 5035
"/Engine/EngineMaterials/Substrate/GLints/dict_16_192_64_0p5_0p02_0029_0006" 5036
"/Engine/EngineMaterials/Substrate/GLints/dict_16_192_64_0p5_0p02_0029_0007" 5037
"/Engine/EngineMaterials/Substrate/GLints/dict_16_192_64_0p5_0p02_0029_0008" 5038
"/Engine/EngineMaterials/Substrate/GLints/dict_16_192_64_0p5_0p02_0029_0009" 5039
"/Engine/EngineMaterials/Substrate/GLints/dict_16_192_64_0p5_0p02_0028_0014" 5040
"/Engine/EngineMaterials/Substrate/GLints/dict_16_192_64_0p5_0p02_0029_0000" 5041
"/Engine/EngineMaterials/Substrate/GLints/dict_16_192_64_0p5_0p02_0029_0012" 5042
"/Engine/EngineMaterials/Substrate/GLints/dict_16_192_64_0p5_0p02_0029_0001" 5043
"../../../Engine/Content/EngineMaterials/Substrate/GLints/dict_16_192_64_0p5_0p02_0027_0009.uasset" 5044
"../../../Engine/Content/EngineMaterials/Substrate/GLints/dict_16_192_64_0p5_0p02_0027_0008.uasset" 5045
"../../../Engine/Content/EngineMaterials/Substrate/GLints/dict_16_192_64_0p5_0p02_0027_0010.uasset" 5046
"../../../Engine/Content/EngineMaterials/Substrate/GLints/dict_16_192_64_0p5_0p02_0027_0004.uasset" 5047
"../../../Engine/Content/EngineMaterials/Substrate/GLints/dict_16_192_64_0p5_0p02_0027_0002.uasset" 5048
"../../../Engine/Content/EngineMaterials/Substrate/GLints/dict_16_192_64_0p5_0p02_0027_0000.uasset" 5049
"../../../Engine/Content/EngineMaterials/Substrate/GLints/dict_16_192_64_0p5_0p02_0026_0015.uasset" 5050
"../../../Engine/Content/EngineMaterials/Substrate/GLints/dict_16_192_64_0p5_0p02_0027_0003.uasset" 5051
"../../../Engine/Content/EngineMaterials/Substrate/GLints/dict_16_192_64_0p5_0p02_0027_0006.uasset" 5052
"/Engine/EngineMaterials/Substrate/GLints/dict_16_192_64_0p5_0p02_0027_0011" 5053
"../../../Engine/Content/EngineMaterials/Substrate/GLints/dict_16_192_64_0p5_0p02_0027_0005.uasset" 5054
"../../../Engine/Content/EngineMaterials/Substrate/GLints/dict_16_192_64_0p5_0p02_0027_0001.uasset" 5055
"../../../Engine/Content/EngineMaterials/Substrate/GLints/dict_16_192_64_0p5_0p02_0027_0007.uasset" 5056
"/Engine/EngineMaterials/Substrate/GLints/dict_16_192_64_0p5_0p02_0027_0012" 5057
"/Engine/EngineMaterials/Substrate/GLints/dict_16_192_64_0p5_0p02_0027_0013" 5058
"/Engine/EngineMaterials/Substrate/GLints/dict_16_192_64_0p5_0p02_0027_0014" 5059
"/Engine/EngineMaterials/Substrate/GLints/dict_16_192_64_0p5_0p02_0027_0015" 5060
"/Engine/EngineMaterials/Substrate/GLints/dict_16_192_64_0p5_0p02_0028_0000" 5061
"/Engine/EngineMaterials/Substrate/GLints/dict_16_192_64_0p5_0p02_0028_0001" 5062
"/Engine/EngineMaterials/Substrate/GLints/dict_16_192_64_0p5_0p02_0028_0002" 5063
"/Engine/EngineMaterials/Substrate/GLints/dict_16_192_64_0p5_0p02_0028_0003" 5064
"/Engine/EngineMaterials/Substrate/GLints/dict_16_192_64_0p5_0p02_0028_0004" 5065
"/Engine/EngineMaterials/Substrate/GLints/dict_16_192_64_0p5_0p02_0028_0005" 5066
"/Engine/EngineMaterials/Substrate/GLints/dict_16_192_64_0p5_0p02_0028_0006" 5067
"/Engine/EngineMaterials/Substrate/GLints/dict_16_192_64_0p5_0p02_0028_0007" 5068
"/Engine/EngineMaterials/Substrate/GLints/dict_16_192_64_0p5_0p02_0028_0008" 5069
"/Engine/EngineMaterials/Substrate/GLints/dict_16_192_64_0p5_0p02_0028_0009" 5070
"/Engine/EngineMaterials/Substrate/GLints/dict_16_192_64_0p5_0p02_0028_0010" 5071
"/Engine/EngineMaterials/Substrate/GLints/dict_16_192_64_0p5_0p02_0028_0011" 5072
"/Engine/EngineMaterials/Substrate/GLints/dict_16_192_64_0p5_0p02_0028_0012" 5073
"/Engine/EngineMaterials/Substrate/GLints/dict_16_192_64_0p5_0p02_0028_0013" 5074
"/Engine/EngineMaterials/Substrate/GLints/dict_16_192_64_0p5_0p02_0028_0015" 5075
"/Engine/EngineMaterials/Substrate/GLints/dict_16_192_64_0p5_0p02_0027_0008" 5076
"/Engine/EngineMaterials/Substrate/GLints/dict_16_192_64_0p5_0p02_0027_0009" 5077
"../../../Engine/Content/EngineMaterials/Substrate/GLints/dict_16_192_64_0p5_0p02_0026_0013.uasset" 5078
"../../../Engine/Content/EngineMaterials/Substrate/GLints/dict_16_192_64_0p5_0p02_0026_0014.uasset" 5079
"../../../Engine/Content/EngineMaterials/Substrate/GLints/dict_16_192_64_0p5_0p02_0026_0010.uasset" 5080
"../../../Engine/Content/EngineMaterials/Substrate/GLints/dict_16_192_64_0p5_0p02_0026_0011.uasset" 5081
"../../../Engine/Content/EngineMaterials/Substrate/GLints/dict_16_192_64_0p5_0p02_0026_0008.uasset" 5082
"../../../Engine/Content/EngineMaterials/Substrate/GLints/dict_16_192_64_0p5_0p02_0026_0007.uasset" 5083
"../../../Engine/Content/EngineMaterials/Substrate/GLints/dict_16_192_64_0p5_0p02_0026_0009.uasset" 5084
"../../../Engine/Content/EngineMaterials/Substrate/GLints/dict_16_192_64_0p5_0p02_0026_0003.uasset" 5085
"../../../Engine/Content/EngineMaterials/Substrate/GLints/dict_16_192_64_0p5_0p02_0026_0004.uasset" 5086
"../../../Engine/Content/EngineMaterials/Substrate/GLints/dict_16_192_64_0p5_0p02_0026_0012.uasset" 5087
"../../../Engine/Content/EngineMaterials/Substrate/GLints/dict_16_192_64_0p5_0p02_0026_0001.uasset" 5088
"../../../Engine/Content/EngineMaterials/Substrate/GLints/dict_16_192_64_0p5_0p02_0026_0000.uasset" 5089
"../../../Engine/Content/EngineMaterials/Substrate/GLints/dict_16_192_64_0p5_0p02_0025_0015.uasset" 5090
"../../../Engine/Content/EngineMaterials/Substrate/GLints/dict_16_192_64_0p5_0p02_0025_0013.uasset" 5091
"../../../Engine/Content/EngineMaterials/Substrate/GLints/dict_16_192_64_0p5_0p02_0026_0005.uasset" 5092
"../../../Engine/Content/EngineMaterials/Substrate/GLints/dict_16_192_64_0p5_0p02_0025_0012.uasset" 5093
"../../../Engine/Content/EngineMaterials/Substrate/GLints/dict_16_192_64_0p5_0p02_0026_0006.uasset" 5094
"../../../Engine/Content/EngineMaterials/Substrate/GLints/dict_16_192_64_0p5_0p02_0025_0009.uasset" 5095
"../../../Engine/Content/EngineMaterials/Substrate/GLints/dict_16_192_64_0p5_0p02_0025_0010.uasset" 5096
"../../../Engine/Content/EngineMaterials/Substrate/GLints/dict_16_192_64_0p5_0p02_0025_0014.uasset" 5097
"../../../Engine/Content/EngineMaterials/Substrate/GLints/dict_16_192_64_0p5_0p02_0026_0002.uasset" 5098
"../../../Engine/Content/EngineMaterials/Substrate/GLints/dict_16_192_64_0p5_0p02_0025_0011.uasset" 5099
"/Engine/EngineMaterials/Substrate/GLints/dict_16_192_64_0p5_0p02_0026_0015" 5100
"/Engine/EngineMaterials/Substrate/GLints/dict_16_192_64_0p5_0p02_0027_0000" 5101
"/Engine/EngineMaterials/Substrate/GLints/dict_16_192_64_0p5_0p02_0027_0001" 5102
"/Engine/EngineMaterials/Substrate/GLints/dict_16_192_64_0p5_0p02_0027_0002" 5103
"/Engine/EngineMaterials/Substrate/GLints/dict_16_192_64_0p5_0p02_0027_0003" 5104
"/Engine/EngineMaterials/Substrate/GLints/dict_16_192_64_0p5_0p02_0027_0004" 5105
"/Engine/EngineMaterials/Substrate/GLints/dict_16_192_64_0p5_0p02_0027_0005" 5106
"/Engine/EngineMaterials/Substrate/GLints/dict_16_192_64_0p5_0p02_0027_0006" 5107
"/Engine/EngineMaterials/Substrate/GLints/dict_16_192_64_0p5_0p02_0026_0010" 5108
"/Engine/EngineMaterials/Substrate/GLints/dict_16_192_64_0p5_0p02_0026_0011" 5109
"/Engine/EngineMaterials/Substrate/GLints/dict_16_192_64_0p5_0p02_0027_0007" 5110
"/Engine/EngineMaterials/Substrate/GLints/dict_16_192_64_0p5_0p02_0027_0010" 5111
"../../../Engine/Content/EngineMaterials/Substrate/GLints/dict_16_192_64_0p5_0p02_0025_0008.uasset" 5112
"../../../Engine/Content/EngineMaterials/Substrate/GLints/dict_16_192_64_0p5_0p02_0025_0005.uasset" 5113
"../../../Engine/Content/EngineMaterials/Substrate/GLints/dict_16_192_64_0p5_0p02_0025_0006.uasset" 5114
"../../../Engine/Content/EngineMaterials/Substrate/GLints/dict_16_192_64_0p5_0p02_0025_0003.uasset" 5115
"../../../Engine/Content/EngineMaterials/Substrate/GLints/dict_16_192_64_0p5_0p02_0025_0000.uasset" 5116
"../../../Engine/Content/EngineMaterials/Substrate/GLints/dict_16_192_64_0p5_0p02_0024_0015.uasset" 5117
"../../../Engine/Content/EngineMaterials/Substrate/GLints/dict_16_192_64_0p5_0p02_0025_0001.uasset" 5118
"../../../Engine/Content/EngineMaterials/Substrate/GLints/dict_16_192_64_0p5_0p02_0025_0002.uasset" 5119
"../../../Engine/Content/EngineMaterials/Substrate/GLints/dict_16_192_64_0p5_0p02_0025_0007.uasset" 5120
"/Engine/EngineMaterials/Substrate/GLints/dict_16_192_64_0p5_0p02_0025_0009" 5121
"../../../Engine/Content/EngineMaterials/Substrate/GLints/dict_16_192_64_0p5_0p02_0024_0014.uasset" 5122
"../../../Engine/Content/EngineMaterials/Substrate/GLints/dict_16_192_64_0p5_0p02_0025_0004.uasset" 5123
"../../../Engine/Content/EngineMaterials/Substrate/GLints/dict_16_192_64_0p5_0p02_0024_0013.uasset" 5124
"/Engine/EngineMaterials/Substrate/GLints/dict_16_192_64_0p5_0p02_0025_0010" 5125
"/Engine/EngineMaterials/Substrate/GLints/dict_16_192_64_0p5_0p02_0025_0011" 5126
"/Engine/EngineMaterials/Substrate/GLints/dict_16_192_64_0p5_0p02_0025_0012" 5127
"/Engine/EngineMaterials/Substrate/GLints/dict_16_192_64_0p5_0p02_0025_0013" 5128
"/Engine/EngineMaterials/Substrate/GLints/dict_16_192_64_0p5_0p02_0025_0014" 5129
"/Engine/EngineMaterials/Substrate/GLints/dict_16_192_64_0p5_0p02_0025_0015" 5130
"/Engine/EngineMaterials/Substrate/GLints/dict_16_192_64_0p5_0p02_0026_0000" 5131
"/Engine/EngineMaterials/Substrate/GLints/dict_16_192_64_0p5_0p02_0026_0001" 5132
"/Engine/EngineMaterials/Substrate/GLints/dict_16_192_64_0p5_0p02_0026_0002" 5133
"/Engine/EngineMaterials/Substrate/GLints/dict_16_192_64_0p5_0p02_0026_0003" 5134
"/Engine/EngineMaterials/Substrate/GLints/dict_16_192_64_0p5_0p02_0026_0004" 5135
"/Engine/EngineMaterials/Substrate/GLints/dict_16_192_64_0p5_0p02_0026_0005" 5136
"/Engine/EngineMaterials/Substrate/GLints/dict_16_192_64_0p5_0p02_0026_0006" 5137
"/Engine/EngineMaterials/Substrate/GLints/dict_16_192_64_0p5_0p02_0026_0007" 5138
"/Engine/EngineMaterials/Substrate/GLints/dict_16_192_64_0p5_0p02_0026_0008" 5139
"/Engine/EngineMaterials/Substrate/GLints/dict_16_192_64_0p5_0p02_0026_0009" 5140
"/Engine/EngineMaterials/Substrate/GLints/dict_16_192_64_0p5_0p02_0025_0005" 5141
"/Engine/EngineMaterials/Substrate/GLints/dict_16_192_64_0p5_0p02_0025_0006" 5142
"/Engine/EngineMaterials/Substrate/GLints/dict_16_192_64_0p5_0p02_0026_0012" 5143
"/Engine/EngineMaterials/Substrate/GLints/dict_16_192_64_0p5_0p02_0026_0013" 5144
"/Engine/EngineMaterials/Substrate/GLints/dict_16_192_64_0p5_0p02_0026_0014" 5145
"/Engine/EngineMaterials/Substrate/GLints/dict_16_192_64_0p5_0p02_0025_0008" 5146
"../../../Engine/Content/EngineMaterials/Substrate/GLints/dict_16_192_64_0p5_0p02_0024_0011.uasset" 5147
"../../../Engine/Content/EngineMaterials/Substrate/GLints/dict_16_192_64_0p5_0p02_0024_0008.uasset" 5148
"../../../Engine/Content/EngineMaterials/Substrate/GLints/dict_16_192_64_0p5_0p02_0024_0009.uasset" 5149
"../../../Engine/Content/EngineMaterials/Substrate/GLints/dict_16_192_64_0p5_0p02_0024_0007.uasset" 5150
"../../../Engine/Content/EngineMaterials/Substrate/GLints/dict_16_192_64_0p5_0p02_0024_0012.uasset" 5151
"../../../Engine/Content/EngineMaterials/Substrate/GLints/dict_16_192_64_0p5_0p02_0024_0004.uasset" 5152
"../../../Engine/Content/EngineMaterials/Substrate/GLints/dict_16_192_64_0p5_0p02_0024_0010.uasset" 5153
"../../../Engine/Content/EngineMaterials/Substrate/GLints/dict_16_192_64_0p5_0p02_0024_0000.uasset" 5154
"../../../Engine/Content/EngineMaterials/Substrate/GLints/dict_16_192_64_0p5_0p02_0024_0001.uasset" 5155
"../../../Engine/Content/EngineMaterials/Substrate/GLints/dict_16_192_64_0p5_0p02_0023_0013.uasset" 5156
"../../../Engine/Content/EngineMaterials/Substrate/GLints/dict_16_192_64_0p5_0p02_0024_0002.uasset" 5157
"../../../Engine/Content/EngineMaterials/Substrate/GLints/dict_16_192_64_0p5_0p02_0024_0006.uasset" 5158
"../../../Engine/Content/EngineMaterials/Substrate/GLints/dict_16_192_64_0p5_0p02_0023_0011.uasset" 5159
"../../../Engine/Content/EngineMaterials/Substrate/GLints/dict_16_192_64_0p5_0p02_0024_0005.uasset" 5160
"/Engine/EngineMaterials/Substrate/GLints/dict_16_192_64_0p5_0p02_0024_0013" 5161
"../../../Engine/Content/EngineMaterials/Substrate/GLints/dict_16_192_64_0p5_0p02_0023_0012.uasset" 5162
"../../../Engine/Content/EngineMaterials/Substrate/GLints/dict_16_192_64_0p5_0p02_0024_0003.uasset" 5163
"../../../Engine/Content/EngineMaterials/Substrate/GLints/dict_16_192_64_0p5_0p02_0023_0006.uasset" 5164
"../../../Engine/Content/EngineMaterials/Substrate/GLints/dict_16_192_64_0p5_0p02_0023_0015.uasset" 5165
"../../../Engine/Content/EngineMaterials/Substrate/GLints/dict_16_192_64_0p5_0p02_0023_0014.uasset" 5166
"../../../Engine/Content/EngineMaterials/Substrate/GLints/dict_16_192_64_0p5_0p02_0023_0009.uasset" 5167
"../../../Engine/Content/EngineMaterials/Substrate/GLints/dict_16_192_64_0p5_0p02_0023_0008.uasset" 5168
"../../../Engine/Content/EngineMaterials/Substrate/GLints/dict_16_192_64_0p5_0p02_0023_0010.uasset" 5169
"../../../Engine/Content/EngineMaterials/Substrate/GLints/dict_16_192_64_0p5_0p02_0023_0007.uasset" 5170
"/Engine/EngineMaterials/Substrate/GLints/dict_16_192_64_0p5_0p02_0024_0014" 5171
"/Engine/EngineMaterials/Substrate/GLints/dict_16_192_64_0p5_0p02_0024_0015" 5172
"/Engine/EngineMaterials/Substrate/GLints/dict_16_192_64_0p5_0p02_0025_0000" 5173
"/Engine/EngineMaterials/Substrate/GLints/dict_16_192_64_0p5_0p02_0025_0001" 5174
"/Engine/EngineMaterials/Substrate/GLints/dict_16_192_64_0p5_0p02_0025_0002" 5175
"/Engine/EngineMaterials/Substrate/GLints/dict_16_192_64_0p5_0p02_0025_0003" 5176
"/Engine/EngineMaterials/Substrate/GLints/dict_16_192_64_0p5_0p02_0025_0004" 5177
"/Engine/EngineMaterials/Substrate/GLints/dict_16_192_64_0p5_0p02_0024_0007" 5178
"/Engine/EngineMaterials/Substrate/GLints/dict_16_192_64_0p5_0p02_0024_0008" 5179
"/Engine/EngineMaterials/Substrate/GLints/dict_16_192_64_0p5_0p02_0025_0007" 5180
"/Engine/EngineMaterials/Substrate/GLints/dict_16_192_64_0p5_0p02_0024_0009" 5181
"/Engine/EngineMaterials/Substrate/GLints/dict_16_192_64_0p5_0p02_0024_0011" 5182
"/Engine/EngineMaterials/Substrate/GLints/dict_16_192_64_0p5_0p02_0024_0012" 5183
"../../../Engine/Content/EngineMaterials/Substrate/GLints/dict_16_192_64_0p5_0p02_0023_0005.uasset" 5184
"../../../Engine/Content/EngineMaterials/Substrate/GLints/dict_16_192_64_0p5_0p02_0023_0004.uasset" 5185
"../../../Engine/Content/EngineMaterials/Substrate/GLints/dict_16_192_64_0p5_0p02_0023_0001.uasset" 5186
"../../../Engine/Content/EngineMaterials/Substrate/GLints/dict_16_192_64_0p5_0p02_0023_0003.uasset" 5187
"../../../Engine/Content/EngineMaterials/Substrate/GLints/dict_16_192_64_0p5_0p02_0023_0000.uasset" 5188
"../../../Engine/Content/EngineMaterials/Substrate/GLints/dict_16_192_64_0p5_0p02_0022_0014.uasset" 5189
"../../../Engine/Content/EngineMaterials/Substrate/GLints/dict_16_192_64_0p5_0p02_0022_0012.uasset" 5190
"../../../Engine/Content/EngineMaterials/Substrate/GLints/dict_16_192_64_0p5_0p02_0022_0010.uasset" 5191
"../../../Engine/Content/EngineMaterials/Substrate/GLints/dict_16_192_64_0p5_0p02_0023_0002.uasset" 5192
"../../../Engine/Content/EngineMaterials/Substrate/GLints/dict_16_192_64_0p5_0p02_0022_0009.uasset" 5193
"../../../Engine/Content/EngineMaterials/Substrate/GLints/dict_16_192_64_0p5_0p02_0022_0008.uasset" 5194
"../../../Engine/Content/EngineMaterials/Substrate/GLints/dict_16_192_64_0p5_0p02_0022_0015.uasset" 5195
"../../../Engine/Content/EngineMaterials/Substrate/GLints/dict_16_192_64_0p5_0p02_0022_0013.uasset" 5196
"/Engine/EngineMaterials/Substrate/GLints/dict_16_192_64_0p5_0p02_0023_0006" 5197
"../../../Engine/Content/EngineMaterials/Substrate/GLints/dict_16_192_64_0p5_0p02_0022_0011.uasset" 5198
"/Engine/EngineMaterials/Substrate/GLints/dict_16_192_64_0p5_0p02_0023_0007" 5199
"/Engine/EngineMaterials/Substrate/GLints/dict_16_192_64_0p5_0p02_0023_0008" 5200
"/Engine/EngineMaterials/Substrate/GLints/dict_16_192_64_0p5_0p02_0023_0009" 5201
"/Engine/EngineMaterials/Substrate/GLints/dict_16_192_64_0p5_0p02_0023_0010" 5202
"/Engine/EngineMaterials/Substrate/GLints/dict_16_192_64_0p5_0p02_0023_0011" 5203
"/Engine/EngineMaterials/Substrate/GLints/dict_16_192_64_0p5_0p02_0023_0012" 5204
"/Engine/EngineMaterials/Substrate/GLints/dict_16_192_64_0p5_0p02_0023_0013" 5205
"/Engine/EngineMaterials/Substrate/GLints/dict_16_192_64_0p5_0p02_0023_0014" 5206
"/Engine/EngineMaterials/Substrate/GLints/dict_16_192_64_0p5_0p02_0023_0015" 5207
"/Engine/EngineMaterials/Substrate/GLints/dict_16_192_64_0p5_0p02_0024_0000" 5208
"/Engine/EngineMaterials/Substrate/GLints/dict_16_192_64_0p5_0p02_0024_0001" 5209
"/Engine/EngineMaterials/Substrate/GLints/dict_16_192_64_0p5_0p02_0024_0002" 5210
"/Engine/EngineMaterials/Substrate/GLints/dict_16_192_64_0p5_0p02_0024_0003" 5211
"/Engine/EngineMaterials/Substrate/GLints/dict_16_192_64_0p5_0p02_0024_0004" 5212
"/Engine/EngineMaterials/Substrate/GLints/dict_16_192_64_0p5_0p02_0024_0005" 5213
"/Engine/EngineMaterials/Substrate/GLints/dict_16_192_64_0p5_0p02_0024_0006" 5214
"/Engine/EngineMaterials/Substrate/GLints/dict_16_192_64_0p5_0p02_0022_0014" 5215
"/Engine/EngineMaterials/Substrate/GLints/dict_16_192_64_0p5_0p02_0023_0000" 5216
"/Engine/EngineMaterials/Substrate/GLints/dict_16_192_64_0p5_0p02_0023_0001" 5217
"/Engine/EngineMaterials/Substrate/GLints/dict_16_192_64_0p5_0p02_0023_0003" 5218
"/Engine/EngineMaterials/Substrate/GLints/dict_16_192_64_0p5_0p02_0024_0010" 5219
"/Engine/EngineMaterials/Substrate/GLints/dict_16_192_64_0p5_0p02_0023_0004" 5220
"/Engine/EngineMaterials/Substrate/GLints/dict_16_192_64_0p5_0p02_0023_0005" 5221
"../../../Engine/Content/EngineMaterials/Substrate/GLints/dict_16_192_64_0p5_0p02_0022_0007.uasset" 5222
"../../../Engine/Content/EngineMaterials/Substrate/GLints/dict_16_192_64_0p5_0p02_0022_0005.uasset" 5223
"../../../Engine/Content/EngineMaterials/Substrate/GLints/dict_16_192_64_0p5_0p02_0022_0004.uasset" 5224
"../../../Engine/Content/EngineMaterials/Substrate/GLints/dict_16_192_64_0p5_0p02_0022_0006.uasset" 5225
"../../../Engine/Content/EngineMaterials/Substrate/GLints/dict_16_192_64_0p5_0p02_0022_0003.uasset" 5226
"../../../Engine/Content/EngineMaterials/Substrate/GLints/dict_16_192_64_0p5_0p02_0021_0015.uasset" 5227
"../../../Engine/Content/EngineMaterials/Substrate/GLints/dict_16_192_64_0p5_0p02_0021_0012.uasset" 5228
"../../../Engine/Content/EngineMaterials/Substrate/GLints/dict_16_192_64_0p5_0p02_0021_0013.uasset" 5229
"../../../Engine/Content/EngineMaterials/Substrate/GLints/dict_16_192_64_0p5_0p02_0021_0010.uasset" 5230
"../../../Engine/Content/EngineMaterials/Substrate/GLints/dict_16_192_64_0p5_0p02_0022_0002.uasset" 5231
"../../../Engine/Content/EngineMaterials/Substrate/GLints/dict_16_192_64_0p5_0p02_0021_0008.uasset" 5232
"../../../Engine/Content/EngineMaterials/Substrate/GLints/dict_16_192_64_0p5_0p02_0021_0007.uasset" 5233
"../../../Engine/Content/EngineMaterials/Substrate/GLints/dict_16_192_64_0p5_0p02_0022_0001.uasset" 5234
"../../../Engine/Content/EngineMaterials/Substrate/GLints/dict_16_192_64_0p5_0p02_0021_0005.uasset" 5235
"../../../Engine/Content/EngineMaterials/Substrate/GLints/dict_16_192_64_0p5_0p02_0021_0004.uasset" 5236
"../../../Engine/Content/EngineMaterials/Substrate/GLints/dict_16_192_64_0p5_0p02_0022_0000.uasset" 5237
"../../../Engine/Content/EngineMaterials/Substrate/GLints/dict_16_192_64_0p5_0p02_0021_0009.uasset" 5238
"../../../Engine/Content/EngineMaterials/Substrate/GLints/dict_16_192_64_0p5_0p02_0021_0000.uasset" 5239
"../../../Engine/Content/EngineMaterials/Substrate/GLints/dict_16_192_64_0p5_0p02_0021_0006.uasset" 5240
"../../../Engine/Content/EngineMaterials/Substrate/GLints/dict_16_192_64_0p5_0p02_0021_0014.uasset" 5241
"/Engine/EngineMaterials/Substrate/GLints/dict_16_192_64_0p5_0p02_0022_0008" 5242
"../../../Engine/Content/EngineMaterials/Substrate/GLints/dict_16_192_64_0p5_0p02_0021_0003.uasset" 5243
"../../../Engine/Content/EngineMaterials/Substrate/GLints/dict_16_192_64_0p5_0p02_0021_0011.uasset" 5244
"../../../Engine/Content/EngineMaterials/Substrate/GLints/dict_16_192_64_0p5_0p02_0021_0001.uasset" 5245
"../../../Engine/Content/EngineMaterials/Substrate/GLints/dict_16_192_64_0p5_0p02_0021_0002.uasset" 5246
"/Engine/EngineMaterials/Substrate/GLints/dict_16_192_64_0p5_0p02_0022_0009" 5247
"/Engine/EngineMaterials/Substrate/GLints/dict_16_192_64_0p5_0p02_0022_0010" 5248
"/Engine/EngineMaterials/Substrate/GLints/dict_16_192_64_0p5_0p02_0022_0011" 5249
"/Engine/EngineMaterials/Substrate/GLints/dict_16_192_64_0p5_0p02_0022_0012" 5250
"/Engine/EngineMaterials/Substrate/GLints/dict_16_192_64_0p5_0p02_0022_0013" 5251
"/Engine/EngineMaterials/Substrate/GLints/dict_16_192_64_0p5_0p02_0022_0015" 5252
"/Engine/EngineMaterials/Substrate/GLints/dict_16_192_64_0p5_0p02_0022_0003" 5253
"/Engine/EngineMaterials/Substrate/GLints/dict_16_192_64_0p5_0p02_0023_0002" 5254
"/Engine/EngineMaterials/Substrate/GLints/dict_16_192_64_0p5_0p02_0022_0004" 5255
"/Engine/EngineMaterials/Substrate/GLints/dict_16_192_64_0p5_0p02_0022_0005" 5256
"/Engine/EngineMaterials/Substrate/GLints/dict_16_192_64_0p5_0p02_0022_0006" 5257
"/Engine/EngineMaterials/Substrate/GLints/dict_16_192_64_0p5_0p02_0022_0007" 5258
"../../../Engine/Content/EngineMaterials/Substrate/GLints/dict_16_192_64_0p5_0p02_0020_0015.uasset" 5259
"../../../Engine/Content/EngineMaterials/Substrate/GLints/dict_16_192_64_0p5_0p02_0020_0013.uasset" 5260
"../../../Engine/Content/EngineMaterials/Substrate/GLints/dict_16_192_64_0p5_0p02_0020_0011.uasset" 5261
"../../../Engine/Content/EngineMaterials/Substrate/GLints/dict_16_192_64_0p5_0p02_0020_0009.uasset" 5262
"../../../Engine/Content/EngineMaterials/Substrate/GLints/dict_16_192_64_0p5_0p02_0020_0006.uasset" 5263
"../../../Engine/Content/EngineMaterials/Substrate/GLints/dict_16_192_64_0p5_0p02_0020_0005.uasset" 5264
"../../../Engine/Content/EngineMaterials/Substrate/GLints/dict_16_192_64_0p5_0p02_0020_0003.uasset" 5265
"../../../Engine/Content/EngineMaterials/Substrate/GLints/dict_16_192_64_0p5_0p02_0020_0008.uasset" 5266
"../../../Engine/Content/EngineMaterials/Substrate/GLints/dict_16_192_64_0p5_0p02_0020_0014.uasset" 5267
"/Engine/EngineMaterials/Substrate/GLints/dict_16_192_64_0p5_0p02_0021_0000" 5268
"../../../Engine/Content/EngineMaterials/Substrate/GLints/dict_16_192_64_0p5_0p02_0020_0007.uasset" 5269
"../../../Engine/Content/EngineMaterials/Substrate/GLints/dict_16_192_64_0p5_0p02_0020_0012.uasset" 5270
"../../../Engine/Content/EngineMaterials/Substrate/GLints/dict_16_192_64_0p5_0p02_0020_0004.uasset" 5271
"../../../Engine/Content/EngineMaterials/Substrate/GLints/dict_16_192_64_0p5_0p02_0020_0010.uasset" 5272
"/Engine/EngineMaterials/Substrate/GLints/dict_16_192_64_0p5_0p02_0021_0001" 5273
"/Engine/EngineMaterials/Substrate/GLints/dict_16_192_64_0p5_0p02_0021_0002" 5274
"/Engine/EngineMaterials/Substrate/GLints/dict_16_192_64_0p5_0p02_0021_0003" 5275
"/Engine/EngineMaterials/Substrate/GLints/dict_16_192_64_0p5_0p02_0021_0004" 5276
"/Engine/EngineMaterials/Substrate/GLints/dict_16_192_64_0p5_0p02_0021_0005" 5277
"/Engine/EngineMaterials/Substrate/GLints/dict_16_192_64_0p5_0p02_0021_0006" 5278
"/Engine/EngineMaterials/Substrate/GLints/dict_16_192_64_0p5_0p02_0021_0007" 5279
"/Engine/EngineMaterials/Substrate/GLints/dict_16_192_64_0p5_0p02_0021_0008" 5280
"/Engine/EngineMaterials/Substrate/GLints/dict_16_192_64_0p5_0p02_0021_0009" 5281
"/Engine/EngineMaterials/Substrate/GLints/dict_16_192_64_0p5_0p02_0021_0010" 5282
"/Engine/EngineMaterials/Substrate/GLints/dict_16_192_64_0p5_0p02_0021_0011" 5283
"/Engine/EngineMaterials/Substrate/GLints/dict_16_192_64_0p5_0p02_0021_0012" 5284
"/Engine/EngineMaterials/Substrate/GLints/dict_16_192_64_0p5_0p02_0021_0013" 5285
"/Engine/EngineMaterials/Substrate/GLints/dict_16_192_64_0p5_0p02_0021_0014" 5286
"/Engine/EngineMaterials/Substrate/GLints/dict_16_192_64_0p5_0p02_0021_0015" 5287
"/Engine/EngineMaterials/Substrate/GLints/dict_16_192_64_0p5_0p02_0022_0000" 5288
"/Engine/EngineMaterials/Substrate/GLints/dict_16_192_64_0p5_0p02_0022_0001" 5289
"/Engine/EngineMaterials/Substrate/GLints/dict_16_192_64_0p5_0p02_0022_0002" 5290
"/Engine/EngineMaterials/Substrate/GLints/dict_16_192_64_0p5_0p02_0020_0011" 5291
"/Engine/EngineMaterials/Substrate/GLints/dict_16_192_64_0p5_0p02_0020_0013" 5292
"/Engine/EngineMaterials/Substrate/GLints/dict_16_192_64_0p5_0p02_0020_0015" 5293
"../../../Engine/Content/EngineMaterials/Substrate/GLints/dict_16_192_64_0p5_0p02_0020_0000.uasset" 5294
"../../../Engine/Content/EngineMaterials/Substrate/GLints/dict_16_192_64_0p5_0p02_0020_0002.uasset" 5295
"../../../Engine/Content/EngineMaterials/Substrate/GLints/dict_16_192_64_0p5_0p02_0019_0014.uasset" 5296
"../../../Engine/Content/EngineMaterials/Substrate/GLints/dict_16_192_64_0p5_0p02_0019_0015.uasset" 5297
"../../../Engine/Content/EngineMaterials/Substrate/GLints/dict_16_192_64_0p5_0p02_0019_0009.uasset" 5298
"../../../Engine/Content/EngineMaterials/Substrate/GLints/dict_16_192_64_0p5_0p02_0019_0007.uasset" 5299
"../../../Engine/Content/EngineMaterials/Substrate/GLints/dict_16_192_64_0p5_0p02_0020_0001.uasset" 5300
"../../../Engine/Content/EngineMaterials/Substrate/GLints/dict_16_192_64_0p5_0p02_0019_0006.uasset" 5301
"../../../Engine/Content/EngineMaterials/Substrate/GLints/dict_16_192_64_0p5_0p02_0019_0013.uasset" 5302
"../../../Engine/Content/EngineMaterials/Substrate/GLints/dict_16_192_64_0p5_0p02_0019_0010.uasset" 5303
"../../../Engine/Content/EngineMaterials/Substrate/GLints/dict_16_192_64_0p5_0p02_0019_0008.uasset" 5304
"../../../Engine/Content/EngineMaterials/Substrate/GLints/dict_16_192_64_0p5_0p02_0019_0001.uasset" 5305
"../../../Engine/Content/EngineMaterials/Substrate/GLints/dict_16_192_64_0p5_0p02_0018_0013.uasset" 5306
"../../../Engine/Content/EngineMaterials/Substrate/GLints/dict_16_192_64_0p5_0p02_0019_0012.uasset" 5307
"../../../Engine/Content/EngineMaterials/Substrate/GLints/dict_16_192_64_0p5_0p02_0019_0003.uasset" 5308
"../../../Engine/Content/EngineMaterials/Substrate/GLints/dict_16_192_64_0p5_0p02_0018_0014.uasset" 5309
"../../../Engine/Content/EngineMaterials/Substrate/GLints/dict_16_192_64_0p5_0p02_0019_0002.uasset" 5310
"../../../Engine/Content/EngineMaterials/Substrate/GLints/dict_16_192_64_0p5_0p02_0019_0004.uasset" 5311
"../../../Engine/Content/EngineMaterials/Substrate/GLints/dict_16_192_64_0p5_0p02_0019_0000.uasset" 5312
"../../../Engine/Content/EngineMaterials/Substrate/GLints/dict_16_192_64_0p5_0p02_0019_0011.uasset" 5313
"../../../Engine/Content/EngineMaterials/Substrate/GLints/dict_16_192_64_0p5_0p02_0018_0015.uasset" 5314
"/Engine/EngineMaterials/Substrate/GLints/dict_16_192_64_0p5_0p02_0020_0003" 5315
"../../../Engine/Content/EngineMaterials/Substrate/GLints/dict_16_192_64_0p5_0p02_0019_0005.uasset" 5316
"/Engine/EngineMaterials/Substrate/GLints/dict_16_192_64_0p5_0p02_0020_0004" 5317
"/Engine/EngineMaterials/Substrate/GLints/dict_16_192_64_0p5_0p02_0020_0005" 5318
"/Engine/EngineMaterials/Substrate/GLints/dict_16_192_64_0p5_0p02_0020_0006" 5319
"/Engine/EngineMaterials/Substrate/GLints/dict_16_192_64_0p5_0p02_0020_0007" 5320
"/Engine/EngineMaterials/Substrate/GLints/dict_16_192_64_0p5_0p02_0020_0008" 5321
"/Engine/EngineMaterials/Substrate/GLints/dict_16_192_64_0p5_0p02_0019_0014" 5322
"/Engine/EngineMaterials/Substrate/GLints/dict_16_192_64_0p5_0p02_0020_0009" 5323
"/Engine/EngineMaterials/Substrate/GLints/dict_16_192_64_0p5_0p02_0019_0015" 5324
"/Engine/EngineMaterials/Substrate/GLints/dict_16_192_64_0p5_0p02_0020_0010" 5325
"/Engine/EngineMaterials/Substrate/GLints/dict_16_192_64_0p5_0p02_0020_0000" 5326
"/Engine/EngineMaterials/Substrate/GLints/dict_16_192_64_0p5_0p02_0020_0012" 5327
"/Engine/EngineMaterials/Substrate/GLints/dict_16_192_64_0p5_0p02_0020_0014" 5328
"/Engine/EngineMaterials/Substrate/GLints/dict_16_192_64_0p5_0p02_0020_0002" 5329
"../../../Engine/Content/EngineMaterials/Substrate/GLints/dict_16_192_64_0p5_0p02_0018_0010.uasset" 5330
"../../../Engine/Content/EngineMaterials/Substrate/GLints/dict_16_192_64_0p5_0p02_0018_0012.uasset" 5331
"../../../Engine/Content/EngineMaterials/Substrate/GLints/dict_16_192_64_0p5_0p02_0018_0009.uasset" 5332
"../../../Engine/Content/EngineMaterials/Substrate/GLints/dict_16_192_64_0p5_0p02_0018_0011.uasset" 5333
"../../../Engine/Content/EngineMaterials/Substrate/GLints/dict_16_192_64_0p5_0p02_0018_0005.uasset" 5334
"../../../Engine/Content/EngineMaterials/Substrate/GLints/dict_16_192_64_0p5_0p02_0018_0003.uasset" 5335
"../../../Engine/Content/EngineMaterials/Substrate/GLints/dict_16_192_64_0p5_0p02_0018_0008.uasset" 5336
"../../../Engine/Content/EngineMaterials/Substrate/GLints/dict_16_192_64_0p5_0p02_0018_0000.uasset" 5337
"../../../Engine/Content/EngineMaterials/Substrate/GLints/dict_16_192_64_0p5_0p02_0018_0004.uasset" 5338
"/Engine/EngineMaterials/Substrate/GLints/dict_16_192_64_0p5_0p02_0018_0013" 5339
"../../../Engine/Content/EngineMaterials/Substrate/GLints/dict_16_192_64_0p5_0p02_0018_0007.uasset" 5340
"../../../Engine/Content/EngineMaterials/Substrate/GLints/dict_16_192_64_0p5_0p02_0018_0006.uasset" 5341
"../../../Engine/Content/EngineMaterials/Substrate/GLints/dict_16_192_64_0p5_0p02_0017_0015.uasset" 5342
"../../../Engine/Content/EngineMaterials/Substrate/GLints/dict_16_192_64_0p5_0p02_0018_0002.uasset" 5343
"../../../Engine/Content/EngineMaterials/Substrate/GLints/dict_16_192_64_0p5_0p02_0018_0001.uasset" 5344
"/Engine/EngineMaterials/Substrate/GLints/dict_16_192_64_0p5_0p02_0018_0014" 5345
"/Engine/EngineMaterials/Substrate/GLints/dict_16_192_64_0p5_0p02_0018_0015" 5346
"/Engine/EngineMaterials/Substrate/GLints/dict_16_192_64_0p5_0p02_0019_0000" 5347
"/Engine/EngineMaterials/Substrate/GLints/dict_16_192_64_0p5_0p02_0019_0001" 5348
"/Engine/EngineMaterials/Substrate/GLints/dict_16_192_64_0p5_0p02_0019_0002" 5349
"/Engine/EngineMaterials/Substrate/GLints/dict_16_192_64_0p5_0p02_0019_0003" 5350
"/Engine/EngineMaterials/Substrate/GLints/dict_16_192_64_0p5_0p02_0019_0004" 5351
"/Engine/EngineMaterials/Substrate/GLints/dict_16_192_64_0p5_0p02_0019_0005" 5352
"/Engine/EngineMaterials/Substrate/GLints/dict_16_192_64_0p5_0p02_0019_0006" 5353
"/Engine/EngineMaterials/Substrate/GLints/dict_16_192_64_0p5_0p02_0019_0007" 5354
"/Engine/EngineMaterials/Substrate/GLints/dict_16_192_64_0p5_0p02_0019_0008" 5355
"/Engine/EngineMaterials/Substrate/GLints/dict_16_192_64_0p5_0p02_0019_0009" 5356
"/Engine/EngineMaterials/Substrate/GLints/dict_16_192_64_0p5_0p02_0019_0010" 5357
"/Engine/EngineMaterials/Substrate/GLints/dict_16_192_64_0p5_0p02_0019_0011" 5358
"/Engine/EngineMaterials/Substrate/GLints/dict_16_192_64_0p5_0p02_0019_0012" 5359
"/Engine/EngineMaterials/Substrate/GLints/dict_16_192_64_0p5_0p02_0019_0013" 5360
"/Engine/EngineMaterials/Substrate/GLints/dict_16_192_64_0p5_0p02_0018_0010" 5361
"/Engine/EngineMaterials/Substrate/GLints/dict_16_192_64_0p5_0p02_0020_0001" 5362
"/Engine/EngineMaterials/Substrate/GLints/dict_16_192_64_0p5_0p02_0018_0012" 5363
"../../../Engine/Content/EngineMaterials/Substrate/GLints/dict_16_192_64_0p5_0p02_0017_0014.uasset" 5364
"../../../Engine/Content/EngineMaterials/Substrate/GLints/dict_16_192_64_0p5_0p02_0017_0012.uasset" 5365
"../../../Engine/Content/EngineMaterials/Substrate/GLints/dict_16_192_64_0p5_0p02_0017_0009.uasset" 5366
"../../../Engine/Content/EngineMaterials/Substrate/GLints/dict_16_192_64_0p5_0p02_0017_0013.uasset" 5367
"../../../Engine/Content/EngineMaterials/Substrate/GLints/dict_16_192_64_0p5_0p02_0017_0011.uasset" 5368
"../../../Engine/Content/EngineMaterials/Substrate/GLints/dict_16_192_64_0p5_0p02_0017_0002.uasset" 5369
"../../../Engine/Content/EngineMaterials/Substrate/GLints/dict_16_192_64_0p5_0p02_0017_0004.uasset" 5370
"../../../Engine/Content/EngineMaterials/Substrate/GLints/dict_16_192_64_0p5_0p02_0017_0001.uasset" 5371
"../../../Engine/Content/EngineMaterials/Substrate/GLints/dict_16_192_64_0p5_0p02_0017_0007.uasset" 5372
"../../../Engine/Content/EngineMaterials/Substrate/GLints/dict_16_192_64_0p5_0p02_0017_0005.uasset" 5373
"/Engine/EngineMaterials/Substrate/GLints/dict_16_192_64_0p5_0p02_0017_0015" 5374
"../../../Engine/Content/EngineMaterials/Substrate/GLints/dict_16_192_64_0p5_0p02_0017_0006.uasset" 5375
"../../../Engine/Content/EngineMaterials/Substrate/GLints/dict_16_192_64_0p5_0p02_0017_0010.uasset" 5376
"../../../Engine/Content/EngineMaterials/Substrate/GLints/dict_16_192_64_0p5_0p02_0017_0003.uasset" 5377
"../../../Engine/Content/EngineMaterials/Substrate/GLints/dict_16_192_64_0p5_0p02_0017_0008.uasset" 5378
"../../../Engine/Content/EngineMaterials/Substrate/GLints/dict_16_192_64_0p5_0p02_0017_0000.uasset" 5379
"../../../Engine/Content/EngineMaterials/Substrate/GLints/dict_16_192_64_0p5_0p02_0016_0015.uasset" 5380
"../../../Engine/Content/EngineMaterials/Substrate/GLints/dict_16_192_64_0p5_0p02_0016_0014.uasset" 5381
"../../../Engine/Content/EngineMaterials/Substrate/GLints/dict_16_192_64_0p5_0p02_0016_0013.uasset" 5382
"../../../Engine/Content/EngineMaterials/Substrate/GLints/dict_16_192_64_0p5_0p02_0016_0012.uasset" 5383
"../../../Engine/Content/EngineMaterials/Substrate/GLints/dict_16_192_64_0p5_0p02_0016_0011.uasset" 5384
"/Engine/EngineMaterials/Substrate/GLints/dict_16_192_64_0p5_0p02_0018_0000" 5385
"/Engine/EngineMaterials/Substrate/GLints/dict_16_192_64_0p5_0p02_0018_0001" 5386
"/Engine/EngineMaterials/Substrate/GLints/dict_16_192_64_0p5_0p02_0018_0002" 5387
"/Engine/EngineMaterials/Substrate/GLints/dict_16_192_64_0p5_0p02_0018_0003" 5388
"/Engine/EngineMaterials/Substrate/GLints/dict_16_192_64_0p5_0p02_0018_0004" 5389
"/Engine/EngineMaterials/Substrate/GLints/dict_16_192_64_0p5_0p02_0018_0005" 5390
"/Engine/EngineMaterials/Substrate/GLints/dict_16_192_64_0p5_0p02_0018_0006" 5391
"/Engine/EngineMaterials/Substrate/GLints/dict_16_192_64_0p5_0p02_0018_0007" 5392
"/Engine/EngineMaterials/Substrate/GLints/dict_16_192_64_0p5_0p02_0018_0008" 5393
"/Engine/EngineMaterials/Substrate/GLints/dict_16_192_64_0p5_0p02_0018_0009" 5394
"/Engine/EngineMaterials/Substrate/GLints/dict_16_192_64_0p5_0p02_0017_0012" 5395
"/Engine/EngineMaterials/Substrate/GLints/dict_16_192_64_0p5_0p02_0018_0011" 5396
"/Engine/EngineMaterials/Substrate/GLints/dict_16_192_64_0p5_0p02_0017_0014" 5397
"../../../Engine/Content/EngineMaterials/Substrate/GLints/dict_16_192_64_0p5_0p02_0016_0010.uasset" 5398
"../../../Engine/Content/EngineMaterials/Substrate/GLints/dict_16_192_64_0p5_0p02_0016_0008.uasset" 5399
"../../../Engine/Content/EngineMaterials/Substrate/GLints/dict_16_192_64_0p5_0p02_0016_0009.uasset" 5400
"../../../Engine/Content/EngineMaterials/Substrate/GLints/dict_16_192_64_0p5_0p02_0016_0006.uasset" 5401
"../../../Engine/Content/EngineMaterials/Substrate/GLints/dict_16_192_64_0p5_0p02_0016_0005.uasset" 5402
"../../../Engine/Content/EngineMaterials/Substrate/GLints/dict_16_192_64_0p5_0p02_0016_0003.uasset" 5403
"../../../Engine/Content/EngineMaterials/Substrate/GLints/dict_16_192_64_0p5_0p02_0016_0002.uasset" 5404
"../../../Engine/Content/EngineMaterials/Substrate/GLints/dict_16_192_64_0p5_0p02_0016_0000.uasset" 5405
"../../../Engine/Content/EngineMaterials/Substrate/GLints/dict_16_192_64_0p5_0p02_0015_0015.uasset" 5406
"../../../Engine/Content/EngineMaterials/Substrate/GLints/dict_16_192_64_0p5_0p02_0016_0004.uasset" 5407
"../../../Engine/Content/EngineMaterials/Substrate/GLints/dict_16_192_64_0p5_0p02_0015_0013.uasset" 5408
"../../../Engine/Content/EngineMaterials/Substrate/GLints/dict_16_192_64_0p5_0p02_0016_0001.uasset" 5409
"../../../Engine/Content/EngineMaterials/Substrate/GLints/dict_16_192_64_0p5_0p02_0015_0014.uasset" 5410
"/Engine/EngineMaterials/Substrate/GLints/dict_16_192_64_0p5_0p02_0016_0011" 5411
"../../../Engine/Content/EngineMaterials/Substrate/GLints/dict_16_192_64_0p5_0p02_0016_0007.uasset" 5412
"/Engine/EngineMaterials/Substrate/GLints/dict_16_192_64_0p5_0p02_0016_0012" 5413
"/Engine/EngineMaterials/Substrate/GLints/dict_16_192_64_0p5_0p02_0016_0013" 5414
"/Engine/EngineMaterials/Substrate/GLints/dict_16_192_64_0p5_0p02_0016_0014" 5415
"/Engine/EngineMaterials/Substrate/GLints/dict_16_192_64_0p5_0p02_0016_0015" 5416
"/Engine/EngineMaterials/Substrate/GLints/dict_16_192_64_0p5_0p02_0017_0000" 5417
"/Engine/EngineMaterials/Substrate/GLints/dict_16_192_64_0p5_0p02_0017_0001" 5418
"/Engine/EngineMaterials/Substrate/GLints/dict_16_192_64_0p5_0p02_0017_0002" 5419
"/Engine/EngineMaterials/Substrate/GLints/dict_16_192_64_0p5_0p02_0017_0003" 5420
"/Engine/EngineMaterials/Substrate/GLints/dict_16_192_64_0p5_0p02_0017_0004" 5421
"/Engine/EngineMaterials/Substrate/GLints/dict_16_192_64_0p5_0p02_0017_0005" 5422
"/Engine/EngineMaterials/Substrate/GLints/dict_16_192_64_0p5_0p02_0017_0006" 5423
"/Engine/EngineMaterials/Substrate/GLints/dict_16_192_64_0p5_0p02_0017_0007" 5424
"/Engine/EngineMaterials/Substrate/GLints/dict_16_192_64_0p5_0p02_0017_0008" 5425
"/Engine/EngineMaterials/Substrate/GLints/dict_16_192_64_0p5_0p02_0017_0009" 5426
"/Engine/EngineMaterials/Substrate/GLints/dict_16_192_64_0p5_0p02_0017_0010" 5427
"/Engine/EngineMaterials/Substrate/GLints/dict_16_192_64_0p5_0p02_0017_0011" 5428
"/Engine/EngineMaterials/Substrate/GLints/dict_16_192_64_0p5_0p02_0016_0005" 5429
"/Engine/EngineMaterials/Substrate/GLints/dict_16_192_64_0p5_0p02_0016_0006" 5430
"/Engine/EngineMaterials/Substrate/GLints/dict_16_192_64_0p5_0p02_0016_0008" 5431
"/Engine/EngineMaterials/Substrate/GLints/dict_16_192_64_0p5_0p02_0017_0013" 5432
"/Engine/EngineMaterials/Substrate/GLints/dict_16_192_64_0p5_0p02_0016_0009" 5433
"/Engine/EngineMaterials/Substrate/GLints/dict_16_192_64_0p5_0p02_0016_0010" 5434
"../../../Engine/Content/EngineMaterials/Substrate/GLints/dict_16_192_64_0p5_0p02_0015_0012.uasset" 5435
"../../../Engine/Content/EngineMaterials/Substrate/GLints/dict_16_192_64_0p5_0p02_0015_0009.uasset" 5436
"../../../Engine/Content/EngineMaterials/Substrate/GLints/dict_16_192_64_0p5_0p02_0015_0011.uasset" 5437
"../../../Engine/Content/EngineMaterials/Substrate/GLints/dict_16_192_64_0p5_0p02_0015_0007.uasset" 5438
"../../../Engine/Content/EngineMaterials/Substrate/GLints/dict_16_192_64_0p5_0p02_0015_0004.uasset" 5439
"../../../Engine/Content/EngineMaterials/Substrate/GLints/dict_16_192_64_0p5_0p02_0015_0003.uasset" 5440
"../../../Engine/Content/EngineMaterials/Substrate/GLints/dict_16_192_64_0p5_0p02_0015_0002.uasset" 5441
"../../../Engine/Content/EngineMaterials/Substrate/GLints/dict_16_192_64_0p5_0p02_0014_0015.uasset" 5442
"../../../Engine/Content/EngineMaterials/Substrate/GLints/dict_16_192_64_0p5_0p02_0015_0000.uasset" 5443
"../../../Engine/Content/EngineMaterials/Substrate/GLints/dict_16_192_64_0p5_0p02_0015_0001.uasset" 5444
"../../../Engine/Content/EngineMaterials/Substrate/GLints/dict_16_192_64_0p5_0p02_0014_0012.uasset" 5445
"../../../Engine/Content/EngineMaterials/Substrate/GLints/dict_16_192_64_0p5_0p02_0015_0010.uasset" 5446
"../../../Engine/Content/EngineMaterials/Substrate/GLints/dict_16_192_64_0p5_0p02_0014_0011.uasset" 5447
"../../../Engine/Content/EngineMaterials/Substrate/GLints/dict_16_192_64_0p5_0p02_0014_0009.uasset" 5448
"../../../Engine/Content/EngineMaterials/Substrate/GLints/dict_16_192_64_0p5_0p02_0015_0006.uasset" 5449
"../../../Engine/Content/EngineMaterials/Substrate/GLints/dict_16_192_64_0p5_0p02_0014_0006.uasset" 5450
"../../../Engine/Content/EngineMaterials/Substrate/GLints/dict_16_192_64_0p5_0p02_0014_0007.uasset" 5451
"../../../Engine/Content/EngineMaterials/Substrate/GLints/dict_16_192_64_0p5_0p02_0014_0010.uasset" 5452
"../../../Engine/Content/EngineMaterials/Substrate/GLints/dict_16_192_64_0p5_0p02_0014_0013.uasset" 5453
"../../../Engine/Content/EngineMaterials/Substrate/GLints/dict_16_192_64_0p5_0p02_0014_0014.uasset" 5454
"../../../Engine/Content/EngineMaterials/Substrate/GLints/dict_16_192_64_0p5_0p02_0015_0005.uasset" 5455
"../../../Engine/Content/EngineMaterials/Substrate/GLints/dict_16_192_64_0p5_0p02_0015_0008.uasset" 5456
"../../../Engine/Content/EngineMaterials/Substrate/GLints/dict_16_192_64_0p5_0p02_0014_0008.uasset" 5457
"/Engine/EngineMaterials/Substrate/GLints/dict_16_192_64_0p5_0p02_0015_0013" 5458
"/Engine/EngineMaterials/Substrate/GLints/dict_16_192_64_0p5_0p02_0015_0014" 5459
"/Engine/EngineMaterials/Substrate/GLints/dict_16_192_64_0p5_0p02_0015_0015" 5460
"/Engine/EngineMaterials/Substrate/GLints/dict_16_192_64_0p5_0p02_0016_0000" 5461
"/Engine/EngineMaterials/Substrate/GLints/dict_16_192_64_0p5_0p02_0016_0001" 5462
"/Engine/EngineMaterials/Substrate/GLints/dict_16_192_64_0p5_0p02_0016_0002" 5463
"/Engine/EngineMaterials/Substrate/GLints/dict_16_192_64_0p5_0p02_0016_0003" 5464
"/Engine/EngineMaterials/Substrate/GLints/dict_16_192_64_0p5_0p02_0016_0004" 5465
"/Engine/EngineMaterials/Substrate/GLints/dict_16_192_64_0p5_0p02_0015_0007" 5466
"/Engine/EngineMaterials/Substrate/GLints/dict_16_192_64_0p5_0p02_0016_0007" 5467
"/Engine/EngineMaterials/Substrate/GLints/dict_16_192_64_0p5_0p02_0015_0009" 5468
"/Engine/EngineMaterials/Substrate/GLints/dict_16_192_64_0p5_0p02_0015_0011" 5469
"/Engine/EngineMaterials/Substrate/GLints/dict_16_192_64_0p5_0p02_0015_0012" 5470
"../../../Engine/Content/EngineMaterials/Substrate/GLints/dict_16_192_64_0p5_0p02_0014_0002.uasset" 5471
"../../../Engine/Content/EngineMaterials/Substrate/GLints/dict_16_192_64_0p5_0p02_0013_0015.uasset" 5472
"../../../Engine/Content/EngineMaterials/Substrate/GLints/dict_16_192_64_0p5_0p02_0014_0005.uasset" 5473
"../../../Engine/Content/EngineMaterials/Substrate/GLints/dict_16_192_64_0p5_0p02_0013_0013.uasset" 5474
"../../../Engine/Content/EngineMaterials/Substrate/GLints/dict_16_192_64_0p5_0p02_0013_0011.uasset" 5475
"../../../Engine/Content/EngineMaterials/Substrate/GLints/dict_16_192_64_0p5_0p02_0013_0012.uasset" 5476
"../../../Engine/Content/EngineMaterials/Substrate/GLints/dict_16_192_64_0p5_0p02_0014_0000.uasset" 5477
"../../../Engine/Content/EngineMaterials/Substrate/GLints/dict_16_192_64_0p5_0p02_0013_0010.uasset" 5478
"../../../Engine/Content/EngineMaterials/Substrate/GLints/dict_16_192_64_0p5_0p02_0013_0009.uasset" 5479
"../../../Engine/Content/EngineMaterials/Substrate/GLints/dict_16_192_64_0p5_0p02_0014_0003.uasset" 5480
"../../../Engine/Content/EngineMaterials/Substrate/GLints/dict_16_192_64_0p5_0p02_0014_0004.uasset" 5481
"../../../Engine/Content/EngineMaterials/Substrate/GLints/dict_16_192_64_0p5_0p02_0014_0001.uasset" 5482
"/Engine/EngineMaterials/Substrate/GLints/dict_16_192_64_0p5_0p02_0014_0006" 5483
"../../../Engine/Content/EngineMaterials/Substrate/GLints/dict_16_192_64_0p5_0p02_0013_0014.uasset" 5484
"/Engine/EngineMaterials/Substrate/GLints/dict_16_192_64_0p5_0p02_0014_0007" 5485
"/Engine/EngineMaterials/Substrate/GLints/dict_16_192_64_0p5_0p02_0014_0008" 5486
"/Engine/EngineMaterials/Substrate/GLints/dict_16_192_64_0p5_0p02_0014_0009" 5487
"/Engine/EngineMaterials/Substrate/GLints/dict_16_192_64_0p5_0p02_0014_0010" 5488
"/Engine/EngineMaterials/Substrate/GLints/dict_16_192_64_0p5_0p02_0014_0011" 5489
"/Engine/EngineMaterials/Substrate/GLints/dict_16_192_64_0p5_0p02_0014_0012" 5490
"/Engine/EngineMaterials/Substrate/GLints/dict_16_192_64_0p5_0p02_0014_0013" 5491
"/Engine/EngineMaterials/Substrate/GLints/dict_16_192_64_0p5_0p02_0014_0014" 5492
"/Engine/EngineMaterials/Substrate/GLints/dict_16_192_64_0p5_0p02_0014_0015" 5493
"/Engine/EngineMaterials/Substrate/GLints/dict_16_192_64_0p5_0p02_0015_0000" 5494
"/Engine/EngineMaterials/Substrate/GLints/dict_16_192_64_0p5_0p02_0015_0001" 5495
"/Engine/EngineMaterials/Substrate/GLints/dict_16_192_64_0p5_0p02_0015_0002" 5496
"/Engine/EngineMaterials/Substrate/GLints/dict_16_192_64_0p5_0p02_0015_0003" 5497
"/Engine/EngineMaterials/Substrate/GLints/dict_16_192_64_0p5_0p02_0015_0004" 5498
"/Engine/EngineMaterials/Substrate/GLints/dict_16_192_64_0p5_0p02_0015_0005" 5499
"/Engine/EngineMaterials/Substrate/GLints/dict_16_192_64_0p5_0p02_0015_0006" 5500
"/Engine/EngineMaterials/Substrate/GLints/dict_16_192_64_0p5_0p02_0013_0011" 5501
"/Engine/EngineMaterials/Substrate/GLints/dict_16_192_64_0p5_0p02_0013_0012" 5502
"/Engine/EngineMaterials/Substrate/GLints/dict_16_192_64_0p5_0p02_0013_0013" 5503
"/Engine/EngineMaterials/Substrate/GLints/dict_16_192_64_0p5_0p02_0013_0015" 5504
"/Engine/EngineMaterials/Substrate/GLints/dict_16_192_64_0p5_0p02_0015_0008" 5505
"/Engine/EngineMaterials/Substrate/GLints/dict_16_192_64_0p5_0p02_0014_0002" 5506
"/Engine/EngineMaterials/Substrate/GLints/dict_16_192_64_0p5_0p02_0015_0010" 5507
"/Engine/EngineMaterials/Substrate/GLints/dict_16_192_64_0p5_0p02_0014_0005" 5508
"../../../Engine/Content/EngineMaterials/Substrate/GLints/dict_16_192_64_0p5_0p02_0013_0007.uasset" 5509
"../../../Engine/Content/EngineMaterials/Substrate/GLints/dict_16_192_64_0p5_0p02_0013_0005.uasset" 5510
"../../../Engine/Content/EngineMaterials/Substrate/GLints/dict_16_192_64_0p5_0p02_0013_0008.uasset" 5511
"../../../Engine/Content/EngineMaterials/Substrate/GLints/dict_16_192_64_0p5_0p02_0013_0004.uasset" 5512
"../../../Engine/Content/EngineMaterials/Substrate/GLints/dict_16_192_64_0p5_0p02_0013_0006.uasset" 5513
"../../../Engine/Content/EngineMaterials/Substrate/GLints/dict_16_192_64_0p5_0p02_0012_0015.uasset" 5514
"../../../Engine/Content/EngineMaterials/Substrate/GLints/dict_16_192_64_0p5_0p02_0013_0003.uasset" 5515
"../../../Engine/Content/EngineMaterials/Substrate/GLints/dict_16_192_64_0p5_0p02_0013_0000.uasset" 5516
"../../../Engine/Content/EngineMaterials/Substrate/GLints/dict_16_192_64_0p5_0p02_0012_0014.uasset" 5517
"../../../Engine/Content/EngineMaterials/Substrate/GLints/dict_16_192_64_0p5_0p02_0013_0002.uasset" 5518
"../../../Engine/Content/EngineMaterials/Substrate/GLints/dict_16_192_64_0p5_0p02_0012_0009.uasset" 5519
"../../../Engine/Content/EngineMaterials/Substrate/GLints/dict_16_192_64_0p5_0p02_0012_0013.uasset" 5520
"../../../Engine/Content/EngineMaterials/Substrate/GLints/dict_16_192_64_0p5_0p02_0012_0008.uasset" 5521
"../../../Engine/Content/EngineMaterials/Substrate/GLints/dict_16_192_64_0p5_0p02_0012_0007.uasset" 5522
"../../../Engine/Content/EngineMaterials/Substrate/GLints/dict_16_192_64_0p5_0p02_0012_0005.uasset" 5523
"../../../Engine/Content/EngineMaterials/Substrate/GLints/dict_16_192_64_0p5_0p02_0012_0011.uasset" 5524
"../../../Engine/Content/EngineMaterials/Substrate/GLints/dict_16_192_64_0p5_0p02_0012_0002.uasset" 5525
"../../../Engine/Content/EngineMaterials/Substrate/GLints/dict_16_192_64_0p5_0p02_0012_0010.uasset" 5526
"../../../Engine/Content/EngineMaterials/Substrate/GLints/dict_16_192_64_0p5_0p02_0012_0000.uasset" 5527
"../../../Engine/Content/EngineMaterials/Substrate/GLints/dict_16_192_64_0p5_0p02_0012_0012.uasset" 5528
"/Engine/EngineMaterials/Substrate/GLints/dict_16_192_64_0p5_0p02_0013_0009" 5529
"../../../Engine/Content/EngineMaterials/Substrate/GLints/dict_16_192_64_0p5_0p02_0013_0001.uasset" 5530
"../../../Engine/Content/EngineMaterials/Substrate/GLints/dict_16_192_64_0p5_0p02_0012_0003.uasset" 5531
"../../../Engine/Content/EngineMaterials/Substrate/GLints/dict_16_192_64_0p5_0p02_0012_0006.uasset" 5532
"../../../Engine/Content/EngineMaterials/Substrate/GLints/dict_16_192_64_0p5_0p02_0012_0001.uasset" 5533
"../../../Engine/Content/EngineMaterials/Substrate/GLints/dict_16_192_64_0p5_0p02_0012_0004.uasset" 5534
"/Engine/EngineMaterials/Substrate/GLints/dict_16_192_64_0p5_0p02_0013_0010" 5535
"/Engine/EngineMaterials/Substrate/GLints/dict_16_192_64_0p5_0p02_0013_0014" 5536
"/Engine/EngineMaterials/Substrate/GLints/dict_16_192_64_0p5_0p02_0013_0004" 5537
"/Engine/EngineMaterials/Substrate/GLints/dict_16_192_64_0p5_0p02_0014_0000" 5538
"/Engine/EngineMaterials/Substrate/GLints/dict_16_192_64_0p5_0p02_0014_0001" 5539
"/Engine/EngineMaterials/Substrate/GLints/dict_16_192_64_0p5_0p02_0013_0005" 5540
"/Engine/EngineMaterials/Substrate/GLints/dict_16_192_64_0p5_0p02_0013_0006" 5541
"/Engine/EngineMaterials/Substrate/GLints/dict_16_192_64_0p5_0p02_0014_0003" 5542
"/Engine/EngineMaterials/Substrate/GLints/dict_16_192_64_0p5_0p02_0013_0007" 5543
"/Engine/EngineMaterials/Substrate/GLints/dict_16_192_64_0p5_0p02_0014_0004" 5544
"/Engine/EngineMaterials/Substrate/GLints/dict_16_192_64_0p5_0p02_0013_0008" 5545
"../../../Engine/Content/EngineMaterials/Substrate/GLints/dict_16_192_64_0p5_0p02_0011_0015.uasset" 5546
"../../../Engine/Content/EngineMaterials/Substrate/GLints/dict_16_192_64_0p5_0p02_0011_0013.uasset" 5547
"../../../Engine/Content/EngineMaterials/Substrate/GLints/dict_16_192_64_0p5_0p02_0011_0011.uasset" 5548
"../../../Engine/Content/EngineMaterials/Substrate/GLints/dict_16_192_64_0p5_0p02_0011_0009.uasset" 5549
"../../../Engine/Content/EngineMaterials/Substrate/GLints/dict_16_192_64_0p5_0p02_0011_0012.uasset" 5550
"../../../Engine/Content/EngineMaterials/Substrate/GLints/dict_16_192_64_0p5_0p02_0011_0007.uasset" 5551
"../../../Engine/Content/EngineMaterials/Substrate/GLints/dict_16_192_64_0p5_0p02_0011_0005.uasset" 5552
"../../../Engine/Content/EngineMaterials/Substrate/GLints/dict_16_192_64_0p5_0p02_0011_0008.uasset" 5553
"../../../Engine/Content/EngineMaterials/Substrate/GLints/dict_16_192_64_0p5_0p02_0011_0010.uasset" 5554
"../../../Engine/Content/EngineMaterials/Substrate/GLints/dict_16_192_64_0p5_0p02_0011_0006.uasset" 5555
"../../../Engine/Content/EngineMaterials/Substrate/GLints/dict_16_192_64_0p5_0p02_0011_0004.uasset" 5556
"../../../Engine/Content/EngineMaterials/Substrate/GLints/dict_16_192_64_0p5_0p02_0011_0014.uasset" 5557
"/Engine/EngineMaterials/Substrate/GLints/dict_16_192_64_0p5_0p02_0012_0000" 5558
"/Engine/EngineMaterials/Substrate/GLints/dict_16_192_64_0p5_0p02_0012_0001" 5559
"/Engine/EngineMaterials/Substrate/GLints/dict_16_192_64_0p5_0p02_0012_0002" 5560
"/Engine/EngineMaterials/Substrate/GLints/dict_16_192_64_0p5_0p02_0012_0003" 5561
"/Engine/EngineMaterials/Substrate/GLints/dict_16_192_64_0p5_0p02_0012_0004" 5562
"/Engine/EngineMaterials/Substrate/GLints/dict_16_192_64_0p5_0p02_0012_0005" 5563
"/Engine/EngineMaterials/Substrate/GLints/dict_16_192_64_0p5_0p02_0012_0006" 5564
"/Engine/EngineMaterials/Substrate/GLints/dict_16_192_64_0p5_0p02_0012_0007" 5565
"/Engine/EngineMaterials/Substrate/GLints/dict_16_192_64_0p5_0p02_0012_0008" 5566
"/Engine/EngineMaterials/Substrate/GLints/dict_16_192_64_0p5_0p02_0012_0009" 5567
"/Engine/EngineMaterials/Substrate/GLints/dict_16_192_64_0p5_0p02_0012_0010" 5568
"/Engine/EngineMaterials/Substrate/GLints/dict_16_192_64_0p5_0p02_0012_0011" 5569
"/Engine/EngineMaterials/Substrate/GLints/dict_16_192_64_0p5_0p02_0012_0012" 5570
"/Engine/EngineMaterials/Substrate/GLints/dict_16_192_64_0p5_0p02_0012_0013" 5571
"/Engine/EngineMaterials/Substrate/GLints/dict_16_192_64_0p5_0p02_0012_0014" 5572
"/Engine/EngineMaterials/Substrate/GLints/dict_16_192_64_0p5_0p02_0012_0015" 5573
"/Engine/EngineMaterials/Substrate/GLints/dict_16_192_64_0p5_0p02_0013_0000" 5574
"/Engine/EngineMaterials/Substrate/GLints/dict_16_192_64_0p5_0p02_0013_0001" 5575
"/Engine/EngineMaterials/Substrate/GLints/dict_16_192_64_0p5_0p02_0013_0002" 5576
"/Engine/EngineMaterials/Substrate/GLints/dict_16_192_64_0p5_0p02_0013_0003" 5577
"/Engine/EngineMaterials/Substrate/GLints/dict_16_192_64_0p5_0p02_0011_0009" 5578
"/Engine/EngineMaterials/Substrate/GLints/dict_16_192_64_0p5_0p02_0011_0011" 5579
"/Engine/EngineMaterials/Substrate/GLints/dict_16_192_64_0p5_0p02_0011_0013" 5580
"/Engine/EngineMaterials/Substrate/GLints/dict_16_192_64_0p5_0p02_0011_0015" 5581
"../../../Engine/Content/EngineMaterials/Substrate/GLints/dict_16_192_64_0p5_0p02_0011_0003.uasset" 5582
"../../../Engine/Content/EngineMaterials/Substrate/GLints/dict_16_192_64_0p5_0p02_0011_0000.uasset" 5583
"../../../Engine/Content/EngineMaterials/Substrate/GLints/dict_16_192_64_0p5_0p02_0011_0002.uasset" 5584
"../../../Engine/Content/EngineMaterials/Substrate/GLints/dict_16_192_64_0p5_0p02_0010_0015.uasset" 5585
"../../../Engine/Content/EngineMaterials/Substrate/GLints/dict_16_192_64_0p5_0p02_0010_0013.uasset" 5586
"../../../Engine/Content/EngineMaterials/Substrate/GLints/dict_16_192_64_0p5_0p02_0010_0014.uasset" 5587
"../../../Engine/Content/EngineMaterials/Substrate/GLints/dict_16_192_64_0p5_0p02_0010_0012.uasset" 5588
"../../../Engine/Content/EngineMaterials/Substrate/GLints/dict_16_192_64_0p5_0p02_0010_0008.uasset" 5589
"../../../Engine/Content/EngineMaterials/Substrate/GLints/dict_16_192_64_0p5_0p02_0010_0009.uasset" 5590
"../../../Engine/Content/EngineMaterials/Substrate/GLints/dict_16_192_64_0p5_0p02_0010_0007.uasset" 5591
"../../../Engine/Content/EngineMaterials/Substrate/GLints/dict_16_192_64_0p5_0p02_0010_0005.uasset" 5592
"../../../Engine/Content/EngineMaterials/Substrate/GLints/dict_16_192_64_0p5_0p02_0010_0004.uasset" 5593
"../../../Engine/Content/EngineMaterials/Substrate/GLints/dict_16_192_64_0p5_0p02_0010_0002.uasset" 5594
"../../../Engine/Content/EngineMaterials/Substrate/GLints/dict_16_192_64_0p5_0p02_0010_0011.uasset" 5595
"/Engine/EngineMaterials/Substrate/GLints/dict_16_192_64_0p5_0p02_0011_0004" 5596
"../../../Engine/Content/EngineMaterials/Substrate/GLints/dict_16_192_64_0p5_0p02_0010_0010.uasset" 5597
"../../../Engine/Content/EngineMaterials/Substrate/GLints/dict_16_192_64_0p5_0p02_0011_0001.uasset" 5598
"../../../Engine/Content/EngineMaterials/Substrate/GLints/dict_16_192_64_0p5_0p02_0009_0013.uasset" 5599
"../../../Engine/Content/EngineMaterials/Substrate/GLints/dict_16_192_64_0p5_0p02_0009_0012.uasset" 5600
"../../../Engine/Content/EngineMaterials/Substrate/GLints/dict_16_192_64_0p5_0p02_0010_0001.uasset" 5601
"../../../Engine/Content/EngineMaterials/Substrate/GLints/dict_16_192_64_0p5_0p02_0010_0006.uasset" 5602
"../../../Engine/Content/EngineMaterials/Substrate/GLints/dict_16_192_64_0p5_0p02_0010_0000.uasset" 5603
"../../../Engine/Content/EngineMaterials/Substrate/GLints/dict_16_192_64_0p5_0p02_0009_0015.uasset" 5604
"../../../Engine/Content/EngineMaterials/Substrate/GLints/dict_16_192_64_0p5_0p02_0009_0014.uasset" 5605
"../../../Engine/Content/EngineMaterials/Substrate/GLints/dict_16_192_64_0p5_0p02_0010_0003.uasset" 5606
"/Engine/EngineMaterials/Substrate/GLints/dict_16_192_64_0p5_0p02_0011_0005" 5607
"/Engine/EngineMaterials/Substrate/GLints/dict_16_192_64_0p5_0p02_0010_0013" 5608
"/Engine/EngineMaterials/Substrate/GLints/dict_16_192_64_0p5_0p02_0010_0015" 5609
"/Engine/EngineMaterials/Substrate/GLints/dict_16_192_64_0p5_0p02_0011_0006" 5610
"/Engine/EngineMaterials/Substrate/GLints/dict_16_192_64_0p5_0p02_0011_0007" 5611
"/Engine/EngineMaterials/Substrate/GLints/dict_16_192_64_0p5_0p02_0011_0008" 5612
"/Engine/EngineMaterials/Substrate/GLints/dict_16_192_64_0p5_0p02_0011_0000" 5613
"/Engine/EngineMaterials/Substrate/GLints/dict_16_192_64_0p5_0p02_0011_0010" 5614
"/Engine/EngineMaterials/Substrate/GLints/dict_16_192_64_0p5_0p02_0011_0012" 5615
"/Engine/EngineMaterials/Substrate/GLints/dict_16_192_64_0p5_0p02_0011_0002" 5616
"/Engine/EngineMaterials/Substrate/GLints/dict_16_192_64_0p5_0p02_0011_0014" 5617
"/Engine/EngineMaterials/Substrate/GLints/dict_16_192_64_0p5_0p02_0011_0003" 5618
"../../../Engine/Content/EngineMaterials/Substrate/GLints/dict_16_192_64_0p5_0p02_0009_0011.uasset" 5619
"../../../Engine/Content/EngineMaterials/Substrate/GLints/dict_16_192_64_0p5_0p02_0009_0010.uasset" 5620
"../../../Engine/Content/EngineMaterials/Substrate/GLints/dict_16_192_64_0p5_0p02_0009_0008.uasset" 5621
"../../../Engine/Content/EngineMaterials/Substrate/GLints/dict_16_192_64_0p5_0p02_0009_0009.uasset" 5622
"../../../Engine/Content/EngineMaterials/Substrate/GLints/dict_16_192_64_0p5_0p02_0009_0007.uasset" 5623
"../../../Engine/Content/EngineMaterials/Substrate/GLints/dict_16_192_64_0p5_0p02_0009_0004.uasset" 5624
"../../../Engine/Content/EngineMaterials/Substrate/GLints/dict_16_192_64_0p5_0p02_0009_0003.uasset" 5625
"../../../Engine/Content/EngineMaterials/Substrate/GLints/dict_16_192_64_0p5_0p02_0009_0006.uasset" 5626
"../../../Engine/Content/EngineMaterials/Substrate/GLints/dict_16_192_64_0p5_0p02_0008_0015.uasset" 5627
"../../../Engine/Content/EngineMaterials/Substrate/GLints/dict_16_192_64_0p5_0p02_0009_0002.uasset" 5628
"../../../Engine/Content/EngineMaterials/Substrate/GLints/dict_16_192_64_0p5_0p02_0009_0005.uasset" 5629
"../../../Engine/Content/EngineMaterials/Substrate/GLints/dict_16_192_64_0p5_0p02_0009_0000.uasset" 5630
"../../../Engine/Content/EngineMaterials/Substrate/GLints/dict_16_192_64_0p5_0p02_0009_0001.uasset" 5631
"/Engine/EngineMaterials/Substrate/GLints/dict_16_192_64_0p5_0p02_0009_0012" 5632
"/Engine/EngineMaterials/Substrate/GLints/dict_16_192_64_0p5_0p02_0009_0013" 5633
"/Engine/EngineMaterials/Substrate/GLints/dict_16_192_64_0p5_0p02_0009_0014" 5634
"/Engine/EngineMaterials/Substrate/GLints/dict_16_192_64_0p5_0p02_0009_0015" 5635
"/Engine/EngineMaterials/Substrate/GLints/dict_16_192_64_0p5_0p02_0010_0000" 5636
"/Engine/EngineMaterials/Substrate/GLints/dict_16_192_64_0p5_0p02_0010_0001" 5637
"/Engine/EngineMaterials/Substrate/GLints/dict_16_192_64_0p5_0p02_0010_0002" 5638
"/Engine/EngineMaterials/Substrate/GLints/dict_16_192_64_0p5_0p02_0010_0003" 5639
"/Engine/EngineMaterials/Substrate/GLints/dict_16_192_64_0p5_0p02_0010_0004" 5640
"/Engine/EngineMaterials/Substrate/GLints/dict_16_192_64_0p5_0p02_0010_0005" 5641
"/Engine/EngineMaterials/Substrate/GLints/dict_16_192_64_0p5_0p02_0010_0006" 5642
"/Engine/EngineMaterials/Substrate/GLints/dict_16_192_64_0p5_0p02_0010_0007" 5643
"/Engine/EngineMaterials/Substrate/GLints/dict_16_192_64_0p5_0p02_0010_0008" 5644
"/Engine/EngineMaterials/Substrate/GLints/dict_16_192_64_0p5_0p02_0010_0009" 5645
"/Engine/EngineMaterials/Substrate/GLints/dict_16_192_64_0p5_0p02_0010_0010" 5646
"/Engine/EngineMaterials/Substrate/GLints/dict_16_192_64_0p5_0p02_0010_0011" 5647
"/Engine/EngineMaterials/Substrate/GLints/dict_16_192_64_0p5_0p02_0010_0012" 5648
"/Engine/EngineMaterials/Substrate/GLints/dict_16_192_64_0p5_0p02_0010_0014" 5649
"/Engine/EngineMaterials/Substrate/GLints/dict_16_192_64_0p5_0p02_0011_0001" 5650
"/Engine/EngineMaterials/Substrate/GLints/dict_16_192_64_0p5_0p02_0009_0008" 5651
"/Engine/EngineMaterials/Substrate/GLints/dict_16_192_64_0p5_0p02_0009_0009" 5652
"/Engine/EngineMaterials/Substrate/GLints/dict_16_192_64_0p5_0p02_0009_0010" 5653
"/Engine/EngineMaterials/Substrate/GLints/dict_16_192_64_0p5_0p02_0009_0011" 5654
"../../../Engine/Content/EngineMaterials/Substrate/GLints/dict_16_192_64_0p5_0p02_0008_0012.uasset" 5655
"../../../Engine/Content/EngineMaterials/Substrate/GLints/dict_16_192_64_0p5_0p02_0008_0011.uasset" 5656
"../../../Engine/Content/EngineMaterials/Substrate/GLints/dict_16_192_64_0p5_0p02_0008_0013.uasset" 5657
"../../../Engine/Content/EngineMaterials/Substrate/GLints/dict_16_192_64_0p5_0p02_0008_0007.uasset" 5658
"../../../Engine/Content/EngineMaterials/Substrate/GLints/dict_16_192_64_0p5_0p02_0008_0009.uasset" 5659
"../../../Engine/Content/EngineMaterials/Substrate/GLints/dict_16_192_64_0p5_0p02_0008_0004.uasset" 5660
"../../../Engine/Content/EngineMaterials/Substrate/GLints/dict_16_192_64_0p5_0p02_0008_0008.uasset" 5661
"../../../Engine/Content/EngineMaterials/Substrate/GLints/dict_16_192_64_0p5_0p02_0008_0002.uasset" 5662
"../../../Engine/Content/EngineMaterials/Substrate/GLints/dict_16_192_64_0p5_0p02_0008_0010.uasset" 5663
"../../../Engine/Content/EngineMaterials/Substrate/GLints/dict_16_192_64_0p5_0p02_0007_0015.uasset" 5664
"../../../Engine/Content/EngineMaterials/Substrate/GLints/dict_16_192_64_0p5_0p02_0008_0006.uasset" 5665
"../../../Engine/Content/EngineMaterials/Substrate/GLints/dict_16_192_64_0p5_0p02_0007_0014.uasset" 5666
"../../../Engine/Content/EngineMaterials/Substrate/GLints/dict_16_192_64_0p5_0p02_0007_0013.uasset" 5667
"/Engine/EngineMaterials/Substrate/GLints/dict_16_192_64_0p5_0p02_0008_0015" 5668
"../../../Engine/Content/EngineMaterials/Substrate/GLints/dict_16_192_64_0p5_0p02_0008_0001.uasset" 5669
"../../../Engine/Content/EngineMaterials/Substrate/GLints/dict_16_192_64_0p5_0p02_0008_0014.uasset" 5670
"../../../Engine/Content/EngineMaterials/Substrate/GLints/dict_16_192_64_0p5_0p02_0008_0000.uasset" 5671
"../../../Engine/Content/EngineMaterials/Substrate/GLints/dict_16_192_64_0p5_0p02_0008_0005.uasset" 5672
"../../../Engine/Content/EngineMaterials/Substrate/GLints/dict_16_192_64_0p5_0p02_0007_0012.uasset" 5673
"../../../Engine/Content/EngineMaterials/Substrate/GLints/dict_16_192_64_0p5_0p02_0008_0003.uasset" 5674
"../../../Engine/Content/EngineMaterials/Substrate/GLints/dict_16_192_64_0p5_0p02_0007_0011.uasset" 5675
"../../../Engine/Content/EngineMaterials/Substrate/GLints/dict_16_192_64_0p5_0p02_0007_0010.uasset" 5676
"../../../Engine/Content/EngineMaterials/Substrate/GLints/dict_16_192_64_0p5_0p02_0007_0009.uasset" 5677
"../../../Engine/Content/EngineMaterials/Substrate/GLints/dict_16_192_64_0p5_0p02_0007_0008.uasset" 5678
"/Engine/EngineMaterials/Substrate/GLints/dict_16_192_64_0p5_0p02_0009_0000" 5679
"/Engine/EngineMaterials/Substrate/GLints/dict_16_192_64_0p5_0p02_0009_0001" 5680
"/Engine/EngineMaterials/Substrate/GLints/dict_16_192_64_0p5_0p02_0009_0002" 5681
"/Engine/EngineMaterials/Substrate/GLints/dict_16_192_64_0p5_0p02_0009_0003" 5682
"/Engine/EngineMaterials/Substrate/GLints/dict_16_192_64_0p5_0p02_0009_0004" 5683
"/Engine/EngineMaterials/Substrate/GLints/dict_16_192_64_0p5_0p02_0009_0005" 5684
"/Engine/EngineMaterials/Substrate/GLints/dict_16_192_64_0p5_0p02_0009_0006" 5685
"/Engine/EngineMaterials/Substrate/GLints/dict_16_192_64_0p5_0p02_0009_0007" 5686
"/Engine/EngineMaterials/Substrate/GLints/dict_16_192_64_0p5_0p02_0008_0011" 5687
"/Engine/EngineMaterials/Substrate/GLints/dict_16_192_64_0p5_0p02_0008_0012" 5688
"/Engine/EngineMaterials/Substrate/GLints/dict_16_192_64_0p5_0p02_0008_0013" 5689
"../../../Engine/Content/EngineMaterials/Substrate/GLints/dict_16_192_64_0p5_0p02_0007_0007.uasset" 5690
"../../../Engine/Content/EngineMaterials/Substrate/GLints/dict_16_192_64_0p5_0p02_0007_0004.uasset" 5691
"../../../Engine/Content/EngineMaterials/Substrate/GLints/dict_16_192_64_0p5_0p02_0007_0006.uasset" 5692
"../../../Engine/Content/EngineMaterials/Substrate/GLints/dict_16_192_64_0p5_0p02_0007_0003.uasset" 5693
"../../../Engine/Content/EngineMaterials/Substrate/GLints/dict_16_192_64_0p5_0p02_0007_0000.uasset" 5694
"../../../Engine/Content/EngineMaterials/Substrate/GLints/dict_16_192_64_0p5_0p02_0006_0015.uasset" 5695
"../../../Engine/Content/EngineMaterials/Substrate/GLints/dict_16_192_64_0p5_0p02_0006_0013.uasset" 5696
"../../../Engine/Content/EngineMaterials/Substrate/GLints/dict_16_192_64_0p5_0p02_0006_0012.uasset" 5697
"../../../Engine/Content/EngineMaterials/Substrate/GLints/dict_16_192_64_0p5_0p02_0007_0002.uasset" 5698
"../../../Engine/Content/EngineMaterials/Substrate/GLints/dict_16_192_64_0p5_0p02_0006_0014.uasset" 5699
"/Engine/EngineMaterials/Substrate/GLints/dict_16_192_64_0p5_0p02_0007_0008" 5700
"../../../Engine/Content/EngineMaterials/Substrate/GLints/dict_16_192_64_0p5_0p02_0007_0005.uasset" 5701
"../../../Engine/Content/EngineMaterials/Substrate/GLints/dict_16_192_64_0p5_0p02_0007_0001.uasset" 5702
"/Engine/EngineMaterials/Substrate/GLints/dict_16_192_64_0p5_0p02_0007_0009" 5703
"/Engine/EngineMaterials/Substrate/GLints/dict_16_192_64_0p5_0p02_0007_0010" 5704
"/Engine/EngineMaterials/Substrate/GLints/dict_16_192_64_0p5_0p02_0007_0011" 5705
"/Engine/EngineMaterials/Substrate/GLints/dict_16_192_64_0p5_0p02_0007_0012" 5706
"/Engine/EngineMaterials/Substrate/GLints/dict_16_192_64_0p5_0p02_0007_0013" 5707
"/Engine/EngineMaterials/Substrate/GLints/dict_16_192_64_0p5_0p02_0007_0014" 5708
"/Engine/EngineMaterials/Substrate/GLints/dict_16_192_64_0p5_0p02_0007_0015" 5709
"/Engine/EngineMaterials/Substrate/GLints/dict_16_192_64_0p5_0p02_0008_0000" 5710
"/Engine/EngineMaterials/Substrate/GLints/dict_16_192_64_0p5_0p02_0008_0001" 5711
"/Engine/EngineMaterials/Substrate/GLints/dict_16_192_64_0p5_0p02_0008_0002" 5712
"/Engine/EngineMaterials/Substrate/GLints/dict_16_192_64_0p5_0p02_0008_0003" 5713
"/Engine/EngineMaterials/Substrate/GLints/dict_16_192_64_0p5_0p02_0008_0004" 5714
"/Engine/EngineMaterials/Substrate/GLints/dict_16_192_64_0p5_0p02_0008_0005" 5715
"/Engine/EngineMaterials/Substrate/GLints/dict_16_192_64_0p5_0p02_0008_0006" 5716
"/Engine/EngineMaterials/Substrate/GLints/dict_16_192_64_0p5_0p02_0008_0007" 5717
"/Engine/EngineMaterials/Substrate/GLints/dict_16_192_64_0p5_0p02_0008_0008" 5718
"/Engine/EngineMaterials/Substrate/GLints/dict_16_192_64_0p5_0p02_0008_0009" 5719
"/Engine/EngineMaterials/Substrate/GLints/dict_16_192_64_0p5_0p02_0007_0004" 5720
"/Engine/EngineMaterials/Substrate/GLints/dict_16_192_64_0p5_0p02_0008_0010" 5721
"/Engine/EngineMaterials/Substrate/GLints/dict_16_192_64_0p5_0p02_0007_0006" 5722
"/Engine/EngineMaterials/Substrate/GLints/dict_16_192_64_0p5_0p02_0007_0007" 5723
"/Engine/EngineMaterials/Substrate/GLints/dict_16_192_64_0p5_0p02_0008_0014" 5724
"../../../Engine/Content/EngineMaterials/Substrate/GLints/dict_16_192_64_0p5_0p02_0006_0011.uasset" 5725
"../../../Engine/Content/EngineMaterials/Substrate/GLints/dict_16_192_64_0p5_0p02_0006_0010.uasset" 5726
"../../../Engine/Content/EngineMaterials/Substrate/GLints/dict_16_192_64_0p5_0p02_0006_0009.uasset" 5727
"../../../Engine/Content/EngineMaterials/Substrate/GLints/dict_16_192_64_0p5_0p02_0006_0007.uasset" 5728
"../../../Engine/Content/EngineMaterials/Substrate/GLints/dict_16_192_64_0p5_0p02_0006_0008.uasset" 5729
"../../../Engine/Content/EngineMaterials/Substrate/GLints/dict_16_192_64_0p5_0p02_0006_0005.uasset" 5730
"../../../Engine/Content/EngineMaterials/Substrate/GLints/dict_16_192_64_0p5_0p02_0006_0006.uasset" 5731
"../../../Engine/Content/EngineMaterials/Substrate/GLints/dict_16_192_64_0p5_0p02_0006_0003.uasset" 5732
"../../../Engine/Content/EngineMaterials/Substrate/GLints/dict_16_192_64_0p5_0p02_0006_0002.uasset" 5733
"../../../Engine/Content/EngineMaterials/Substrate/GLints/dict_16_192_64_0p5_0p02_0006_0000.uasset" 5734
"../../../Engine/Content/EngineMaterials/Substrate/GLints/dict_16_192_64_0p5_0p02_0005_0014.uasset" 5735
"../../../Engine/Content/EngineMaterials/Substrate/GLints/dict_16_192_64_0p5_0p02_0006_0001.uasset" 5736
"../../../Engine/Content/EngineMaterials/Substrate/GLints/dict_16_192_64_0p5_0p02_0005_0010.uasset" 5737
"../../../Engine/Content/EngineMaterials/Substrate/GLints/dict_16_192_64_0p5_0p02_0005_0011.uasset" 5738
"../../../Engine/Content/EngineMaterials/Substrate/GLints/dict_16_192_64_0p5_0p02_0005_0009.uasset" 5739
"../../../Engine/Content/EngineMaterials/Substrate/GLints/dict_16_192_64_0p5_0p02_0006_0004.uasset" 5740
"../../../Engine/Content/EngineMaterials/Substrate/GLints/dict_16_192_64_0p5_0p02_0005_0005.uasset" 5741
"../../../Engine/Content/EngineMaterials/Substrate/GLints/dict_16_192_64_0p5_0p02_0005_0012.uasset" 5742
"../../../Engine/Content/EngineMaterials/Substrate/GLints/dict_16_192_64_0p5_0p02_0005_0015.uasset" 5743
"../../../Engine/Content/EngineMaterials/Substrate/GLints/dict_16_192_64_0p5_0p02_0005_0008.uasset" 5744
"../../../Engine/Content/EngineMaterials/Substrate/GLints/dict_16_192_64_0p5_0p02_0005_0007.uasset" 5745
"../../../Engine/Content/EngineMaterials/Substrate/GLints/dict_16_192_64_0p5_0p02_0005_0013.uasset" 5746
"../../../Engine/Content/EngineMaterials/Substrate/GLints/dict_16_192_64_0p5_0p02_0005_0006.uasset" 5747
"/Engine/EngineMaterials/Substrate/GLints/dict_16_192_64_0p5_0p02_0006_0012" 5748
"/Engine/EngineMaterials/Substrate/GLints/dict_16_192_64_0p5_0p02_0006_0013" 5749
"/Engine/EngineMaterials/Substrate/GLints/dict_16_192_64_0p5_0p02_0006_0014" 5750
"/Engine/EngineMaterials/Substrate/GLints/dict_16_192_64_0p5_0p02_0006_0006" 5751
"/Engine/EngineMaterials/Substrate/GLints/dict_16_192_64_0p5_0p02_0006_0015" 5752
"/Engine/EngineMaterials/Substrate/GLints/dict_16_192_64_0p5_0p02_0007_0000" 5753
"/Engine/EngineMaterials/Substrate/GLints/dict_16_192_64_0p5_0p02_0007_0001" 5754
"/Engine/EngineMaterials/Substrate/GLints/dict_16_192_64_0p5_0p02_0007_0002" 5755
"/Engine/EngineMaterials/Substrate/GLints/dict_16_192_64_0p5_0p02_0007_0003" 5756
"/Engine/EngineMaterials/Substrate/GLints/dict_16_192_64_0p5_0p02_0006_0007" 5757
"/Engine/EngineMaterials/Substrate/GLints/dict_16_192_64_0p5_0p02_0006_0008" 5758
"/Engine/EngineMaterials/Substrate/GLints/dict_16_192_64_0p5_0p02_0007_0005" 5759
"/Engine/EngineMaterials/Substrate/GLints/dict_16_192_64_0p5_0p02_0006_0009" 5760
"/Engine/EngineMaterials/Substrate/GLints/dict_16_192_64_0p5_0p02_0006_0010" 5761
"/Engine/EngineMaterials/Substrate/GLints/dict_16_192_64_0p5_0p02_0006_0011" 5762
"../../../Engine/Content/EngineMaterials/Substrate/GLints/dict_16_192_64_0p5_0p02_0005_0003.uasset" 5763
"../../../Engine/Content/EngineMaterials/Substrate/GLints/dict_16_192_64_0p5_0p02_0005_0002.uasset" 5764
"../../../Engine/Content/EngineMaterials/Substrate/GLints/dict_16_192_64_0p5_0p02_0005_0004.uasset" 5765
"../../../Engine/Content/EngineMaterials/Substrate/GLints/dict_16_192_64_0p5_0p02_0004_0015.uasset" 5766
"../../../Engine/Content/EngineMaterials/Substrate/GLints/dict_16_192_64_0p5_0p02_0005_0000.uasset" 5767
"../../../Engine/Content/EngineMaterials/Substrate/GLints/dict_16_192_64_0p5_0p02_0004_0013.uasset" 5768
"../../../Engine/Content/EngineMaterials/Substrate/GLints/dict_16_192_64_0p5_0p02_0004_0014.uasset" 5769
"../../../Engine/Content/EngineMaterials/Substrate/GLints/dict_16_192_64_0p5_0p02_0004_0008.uasset" 5770
"../../../Engine/Content/EngineMaterials/Substrate/GLints/dict_16_192_64_0p5_0p02_0004_0012.uasset" 5771
"../../../Engine/Content/EngineMaterials/Substrate/GLints/dict_16_192_64_0p5_0p02_0004_0006.uasset" 5772
"../../../Engine/Content/EngineMaterials/Substrate/GLints/dict_16_192_64_0p5_0p02_0004_0009.uasset" 5773
"../../../Engine/Content/EngineMaterials/Substrate/GLints/dict_16_192_64_0p5_0p02_0004_0011.uasset" 5774
"/Engine/EngineMaterials/Substrate/GLints/dict_16_192_64_0p5_0p02_0005_0005" 5775
"../../../Engine/Content/EngineMaterials/Substrate/GLints/dict_16_192_64_0p5_0p02_0005_0001.uasset" 5776
"../../../Engine/Content/EngineMaterials/Substrate/GLints/dict_16_192_64_0p5_0p02_0004_0007.uasset" 5777
"../../../Engine/Content/EngineMaterials/Substrate/GLints/dict_16_192_64_0p5_0p02_0004_0010.uasset" 5778
"/Engine/EngineMaterials/Substrate/GLints/dict_16_192_64_0p5_0p02_0005_0006" 5779
"/Engine/EngineMaterials/Substrate/GLints/dict_16_192_64_0p5_0p02_0005_0007" 5780
"/Engine/EngineMaterials/Substrate/GLints/dict_16_192_64_0p5_0p02_0005_0008" 5781
"/Engine/EngineMaterials/Substrate/GLints/dict_16_192_64_0p5_0p02_0005_0009" 5782
"/Engine/EngineMaterials/Substrate/GLints/dict_16_192_64_0p5_0p02_0005_0010" 5783
"/Engine/EngineMaterials/Substrate/GLints/dict_16_192_64_0p5_0p02_0005_0011" 5784
"/Engine/EngineMaterials/Substrate/GLints/dict_16_192_64_0p5_0p02_0005_0012" 5785
"/Engine/EngineMaterials/Substrate/GLints/dict_16_192_64_0p5_0p02_0005_0013" 5786
"/Engine/EngineMaterials/Substrate/GLints/dict_16_192_64_0p5_0p02_0005_0014" 5787
"/Engine/EngineMaterials/Substrate/GLints/dict_16_192_64_0p5_0p02_0005_0015" 5788
"/Engine/EngineMaterials/Substrate/GLints/dict_16_192_64_0p5_0p02_0006_0000" 5789
"/Engine/EngineMaterials/Substrate/GLints/dict_16_192_64_0p5_0p02_0006_0001" 5790
"/Engine/EngineMaterials/Substrate/GLints/dict_16_192_64_0p5_0p02_0006_0002" 5791
"/Engine/EngineMaterials/Substrate/GLints/dict_16_192_64_0p5_0p02_0006_0003" 5792
"/Engine/EngineMaterials/Substrate/GLints/dict_16_192_64_0p5_0p02_0006_0004" 5793
"/Engine/EngineMaterials/Substrate/GLints/dict_16_192_64_0p5_0p02_0006_0005" 5794
"/Engine/EngineMaterials/Substrate/GLints/dict_16_192_64_0p5_0p02_0004_0015" 5795
"/Engine/EngineMaterials/Substrate/GLints/dict_16_192_64_0p5_0p02_0005_0000" 5796
"/Engine/EngineMaterials/Substrate/GLints/dict_16_192_64_0p5_0p02_0005_0002" 5797
"/Engine/EngineMaterials/Substrate/GLints/dict_16_192_64_0p5_0p02_0005_0003" 5798
"/Engine/EngineMaterials/Substrate/GLints/dict_16_192_64_0p5_0p02_0005_0004" 5799
"../../../Engine/Content/EngineMaterials/Substrate/GLints/dict_16_192_64_0p5_0p02_0004_0004.uasset" 5800
"../../../Engine/Content/EngineMaterials/Substrate/GLints/dict_16_192_64_0p5_0p02_0004_0005.uasset" 5801
"../../../Engine/Content/EngineMaterials/Substrate/GLints/dict_16_192_64_0p5_0p02_0004_0002.uasset" 5802
"../../../Engine/Content/EngineMaterials/Substrate/GLints/dict_16_192_64_0p5_0p02_0003_0014.uasset" 5803
"../../../Engine/Content/EngineMaterials/Substrate/GLints/dict_16_192_64_0p5_0p02_0003_0013.uasset" 5804
"../../../Engine/Content/EngineMaterials/Substrate/GLints/dict_16_192_64_0p5_0p02_0004_0001.uasset" 5805
"../../../Engine/Content/EngineMaterials/Substrate/GLints/dict_16_192_64_0p5_0p02_0003_0012.uasset" 5806
"../../../Engine/Content/EngineMaterials/Substrate/GLints/dict_16_192_64_0p5_0p02_0003_0008.uasset" 5807
"../../../Engine/Content/EngineMaterials/Substrate/GLints/dict_16_192_64_0p5_0p02_0003_0010.uasset" 5808
"../../../Engine/Content/EngineMaterials/Substrate/GLints/dict_16_192_64_0p5_0p02_0004_0003.uasset" 5809
"../../../Engine/Content/EngineMaterials/Substrate/GLints/dict_16_192_64_0p5_0p02_0003_0007.uasset" 5810
"../../../Engine/Content/EngineMaterials/Substrate/GLints/dict_16_192_64_0p5_0p02_0003_0011.uasset" 5811
"../../../Engine/Content/EngineMaterials/Substrate/GLints/dict_16_192_64_0p5_0p02_0003_0004.uasset" 5812
"../../../Engine/Content/EngineMaterials/Substrate/GLints/dict_16_192_64_0p5_0p02_0004_0000.uasset" 5813
"../../../Engine/Content/EngineMaterials/Substrate/GLints/dict_16_192_64_0p5_0p02_0003_0003.uasset" 5814
"../../../Engine/Content/EngineMaterials/Substrate/GLints/dict_16_192_64_0p5_0p02_0003_0015.uasset" 5815
"../../../Engine/Content/EngineMaterials/Substrate/GLints/dict_16_192_64_0p5_0p02_0003_0001.uasset" 5816
"../../../Engine/Content/EngineMaterials/Substrate/GLints/dict_16_192_64_0p5_0p02_0003_0006.uasset" 5817
"../../../Engine/Content/EngineMaterials/Substrate/GLints/dict_16_192_64_0p5_0p02_0003_0005.uasset" 5818
"../../../Engine/Content/EngineMaterials/Substrate/GLints/dict_16_192_64_0p5_0p02_0003_0009.uasset" 5819
"../../../Engine/Content/EngineMaterials/Substrate/GLints/dict_16_192_64_0p5_0p02_0003_0002.uasset" 5820
"../../../Engine/Content/EngineMaterials/Substrate/GLints/dict_16_192_64_0p5_0p02_0003_0000.uasset" 5821
"/Engine/EngineMaterials/Substrate/GLints/dict_16_192_64_0p5_0p02_0004_0006" 5822
"/Engine/EngineMaterials/Substrate/GLints/dict_16_192_64_0p5_0p02_0004_0007" 5823
"/Engine/EngineMaterials/Substrate/GLints/dict_16_192_64_0p5_0p02_0004_0008" 5824
"/Engine/EngineMaterials/Substrate/GLints/dict_16_192_64_0p5_0p02_0004_0009" 5825
"/Engine/EngineMaterials/Substrate/GLints/dict_16_192_64_0p5_0p02_0004_0010" 5826
"/Engine/EngineMaterials/Substrate/GLints/dict_16_192_64_0p5_0p02_0004_0011" 5827
"/Engine/EngineMaterials/Substrate/GLints/dict_16_192_64_0p5_0p02_0004_0012" 5828
"/Engine/EngineMaterials/Substrate/GLints/dict_16_192_64_0p5_0p02_0004_0013" 5829
"/Engine/EngineMaterials/Substrate/GLints/dict_16_192_64_0p5_0p02_0004_0014" 5830
"/Engine/EngineMaterials/Substrate/GLints/dict_16_192_64_0p5_0p02_0004_0002" 5831
"/Engine/EngineMaterials/Substrate/GLints/dict_16_192_64_0p5_0p02_0005_0001" 5832
"/Engine/EngineMaterials/Substrate/GLints/dict_16_192_64_0p5_0p02_0004_0004" 5833
"/Engine/EngineMaterials/Substrate/GLints/dict_16_192_64_0p5_0p02_0004_0005" 5834
"../../../Engine/Content/EngineMaterials/Substrate/GLints/dict_16_192_64_0p5_0p02_0002_0015.uasset" 5835
"../../../Engine/Content/EngineMaterials/Substrate/GLints/dict_16_192_64_0p5_0p02_0002_0012.uasset" 5836
"../../../Engine/Content/EngineMaterials/Substrate/GLints/dict_16_192_64_0p5_0p02_0002_0011.uasset" 5837
"../../../Engine/Content/EngineMaterials/Substrate/GLints/dict_16_192_64_0p5_0p02_0002_0010.uasset" 5838
"../../../Engine/Content/EngineMaterials/Substrate/GLints/dict_16_192_64_0p5_0p02_0002_0004.uasset" 5839
"../../../Engine/Content/EngineMaterials/Substrate/GLints/dict_16_192_64_0p5_0p02_0002_0006.uasset" 5840
"../../../Engine/Content/EngineMaterials/Substrate/GLints/dict_16_192_64_0p5_0p02_0002_0005.uasset" 5841
"../../../Engine/Content/EngineMaterials/Substrate/GLints/dict_16_192_64_0p5_0p02_0002_0008.uasset" 5842
"../../../Engine/Content/EngineMaterials/Substrate/GLints/dict_16_192_64_0p5_0p02_0002_0014.uasset" 5843
"../../../Engine/Content/EngineMaterials/Substrate/GLints/dict_16_192_64_0p5_0p02_0002_0007.uasset" 5844
"../../../Engine/Content/EngineMaterials/Substrate/GLints/dict_16_192_64_0p5_0p02_0002_0013.uasset" 5845
"../../../Engine/Content/EngineMaterials/Substrate/GLints/dict_16_192_64_0p5_0p02_0002_0003.uasset" 5846
"../../../Engine/Content/EngineMaterials/Substrate/GLints/dict_16_192_64_0p5_0p02_0002_0009.uasset" 5847
"/Engine/EngineMaterials/Substrate/GLints/dict_16_192_64_0p5_0p02_0003_0000" 5848
"/Engine/EngineMaterials/Substrate/GLints/dict_16_192_64_0p5_0p02_0003_0001" 5849
"/Engine/EngineMaterials/Substrate/GLints/dict_16_192_64_0p5_0p02_0003_0002" 5850
"/Engine/EngineMaterials/Substrate/GLints/dict_16_192_64_0p5_0p02_0003_0003" 5851
"/Engine/EngineMaterials/Substrate/GLints/dict_16_192_64_0p5_0p02_0003_0004" 5852
"/Engine/EngineMaterials/Substrate/GLints/dict_16_192_64_0p5_0p02_0003_0005" 5853
"/Engine/EngineMaterials/Substrate/GLints/dict_16_192_64_0p5_0p02_0003_0006" 5854
"/Engine/EngineMaterials/Substrate/GLints/dict_16_192_64_0p5_0p02_0003_0007" 5855
"/Engine/EngineMaterials/Substrate/GLints/dict_16_192_64_0p5_0p02_0003_0008" 5856
"/Engine/EngineMaterials/Substrate/GLints/dict_16_192_64_0p5_0p02_0003_0009" 5857
"/Engine/EngineMaterials/Substrate/GLints/dict_16_192_64_0p5_0p02_0003_0010" 5858
"/Engine/EngineMaterials/Substrate/GLints/dict_16_192_64_0p5_0p02_0003_0011" 5859
"/Engine/EngineMaterials/Substrate/GLints/dict_16_192_64_0p5_0p02_0003_0012" 5860
"/Engine/EngineMaterials/Substrate/GLints/dict_16_192_64_0p5_0p02_0003_0013" 5861
"/Engine/EngineMaterials/Substrate/GLints/dict_16_192_64_0p5_0p02_0003_0014" 5862
"/Engine/EngineMaterials/Substrate/GLints/dict_16_192_64_0p5_0p02_0003_0015" 5863
"/Engine/EngineMaterials/Substrate/GLints/dict_16_192_64_0p5_0p02_0004_0000" 5864
"/Engine/EngineMaterials/Substrate/GLints/dict_16_192_64_0p5_0p02_0004_0001" 5865
"/Engine/EngineMaterials/Substrate/GLints/dict_16_192_64_0p5_0p02_0002_0012" 5866
"/Engine/EngineMaterials/Substrate/GLints/dict_16_192_64_0p5_0p02_0004_0003" 5867
"/Engine/EngineMaterials/Substrate/GLints/dict_16_192_64_0p5_0p02_0002_0015" 5868
"../../../Engine/Content/EngineMaterials/Substrate/GLints/dict_16_192_64_0p5_0p02_0002_0002.uasset" 5869
"../../../Engine/Content/EngineMaterials/Substrate/GLints/dict_16_192_64_0p5_0p02_0002_0000.uasset" 5870
"../../../Engine/Content/EngineMaterials/Substrate/GLints/dict_16_192_64_0p5_0p02_0001_0015.uasset" 5871
"../../../Engine/Content/EngineMaterials/Substrate/GLints/dict_16_192_64_0p5_0p02_0001_0013.uasset" 5872
"../../../Engine/Content/EngineMaterials/Substrate/GLints/dict_16_192_64_0p5_0p02_0001_0012.uasset" 5873
"../../../Engine/Content/EngineMaterials/Substrate/GLints/dict_16_192_64_0p5_0p02_0001_0009.uasset" 5874
"../../../Engine/Content/EngineMaterials/Substrate/GLints/dict_16_192_64_0p5_0p02_0001_0006.uasset" 5875
"../../../Engine/Content/EngineMaterials/Substrate/GLints/dict_16_192_64_0p5_0p02_0001_0005.uasset" 5876
"../../../Engine/Content/EngineMaterials/Substrate/GLints/dict_16_192_64_0p5_0p02_0001_0011.uasset" 5877
"../../../Engine/Content/EngineMaterials/Substrate/GLints/dict_16_192_64_0p5_0p02_0001_0004.uasset" 5878
"../../../Engine/Content/EngineMaterials/Substrate/GLints/dict_16_192_64_0p5_0p02_0001_0003.uasset" 5879
"../../../Engine/Content/EngineMaterials/Substrate/GLints/dict_16_192_64_0p5_0p02_0001_0002.uasset" 5880
"../../../Engine/Content/EngineMaterials/Substrate/GLints/dict_16_192_64_0p5_0p02_0001_0010.uasset" 5881
"../../../Engine/Content/EngineMaterials/Substrate/GLints/dict_16_192_64_0p5_0p02_0002_0001.uasset" 5882
"../../../Engine/Content/EngineMaterials/Substrate/GLints/dict_16_192_64_0p5_0p02_0000_0015.uasset" 5883
"../../../Engine/Content/EngineMaterials/Substrate/GLints/dict_16_192_64_0p5_0p02_0001_0007.uasset" 5884
"../../../Engine/Content/EngineMaterials/Substrate/GLints/dict_16_192_64_0p5_0p02_0001_0008.uasset" 5885
"../../../Engine/Content/EngineMaterials/Substrate/GLints/dict_16_192_64_0p5_0p02_0001_0014.uasset" 5886
"../../../Engine/Content/EngineMaterials/Substrate/GLints/dict_16_192_64_0p5_0p02_0001_0001.uasset" 5887
"/Engine/EngineMaterials/Substrate/GLints/dict_16_192_64_0p5_0p02_0002_0003" 5888
"../../../Engine/Content/EngineMaterials/Substrate/GLints/dict_16_192_64_0p5_0p02_0001_0000.uasset" 5889
"../../../Engine/Content/EngineMaterials/Substrate/GLints/dict_16_192_64_0p5_0p02_0000_0014.uasset" 5890
"/Engine/EngineMaterials/Substrate/GLints/dict_16_192_64_0p5_0p02_0002_0004" 5891
"/Engine/EngineMaterials/Substrate/GLints/dict_16_192_64_0p5_0p02_0002_0005" 5892
"/Engine/EngineMaterials/Substrate/GLints/dict_16_192_64_0p5_0p02_0002_0006" 5893
"/Engine/EngineMaterials/Substrate/GLints/dict_16_192_64_0p5_0p02_0002_0007" 5894
"/Engine/EngineMaterials/Substrate/GLints/dict_16_192_64_0p5_0p02_0002_0008" 5895
"/Engine/EngineMaterials/Substrate/GLints/dict_16_192_64_0p5_0p02_0002_0009" 5896
"/Engine/EngineMaterials/Substrate/GLints/dict_16_192_64_0p5_0p02_0002_0010" 5897
"/Engine/EngineMaterials/Substrate/GLints/dict_16_192_64_0p5_0p02_0002_0011" 5898
"/Engine/EngineMaterials/Substrate/GLints/dict_16_192_64_0p5_0p02_0001_0015" 5899
"/Engine/EngineMaterials/Substrate/GLints/dict_16_192_64_0p5_0p02_0002_0000" 5900
"/Engine/EngineMaterials/Substrate/GLints/dict_16_192_64_0p5_0p02_0002_0013" 5901
"/Engine/EngineMaterials/Substrate/GLints/dict_16_192_64_0p5_0p02_0002_0014" 5902
"/Engine/EngineMaterials/Substrate/GLints/dict_16_192_64_0p5_0p02_0002_0002" 5903
"../../../Engine/Content/EngineMaterials/Substrate/GLints/dict_16_192_64_0p5_0p02_0000_0013.uasset" 5904
"../../../Engine/Content/EngineMaterials/Substrate/GLints/dict_16_192_64_0p5_0p02_0000_0012.uasset" 5905
"../../../Engine/Content/EngineMaterials/Substrate/GLints/dict_16_192_64_0p5_0p02_0000_0010.uasset" 5906
"../../../Engine/Content/EngineMaterials/Substrate/GLints/dict_16_192_64_0p5_0p02_0000_0009.uasset" 5907
"../../../Engine/Content/EngineMaterials/Substrate/GLints/dict_16_192_64_0p5_0p02_0000_0006.uasset" 5908
"../../../Engine/Content/EngineMaterials/Substrate/GLints/dict_16_192_64_0p5_0p02_0000_0008.uasset" 5909
"../../../Engine/Content/EngineMaterials/Substrate/GLints/dict_16_192_64_0p5_0p02_0000_0003.uasset" 5910
"../../../Engine/Content/EngineMaterials/Substrate/GLints/dict_16_192_64_0p5_0p02_0000_0011.uasset" 5911
"../../../Engine/Content/EngineMaterials/Substrate/GLints/dict_16_192_64_0p5_0p02_0000_0007.uasset" 5912
"../../../Engine/Content/EngineMaterials/Substrate/GLints/dict_16_192_64_0p5_0p02_0000_0004.uasset" 5913
"../../../Engine/Content/EngineMaterials/Substrate/GLints/dict_16_192_64_0p5_0p02_0000_0002.uasset" 5914
"../../../Engine/Content/EngineMaterials/Substrate/GLints/dict_16_192_64_0p5_0p02_0000_0000.uasset" 5915
"../../../Engine/Content/EngineMaterials/Substrate/GLints/dict_16_192_64_0p5_0p02_0000_0001.uasset" 5916
"../../../Engine/Content/EngineMaterials/Substrate/GLints/dict_16_192_64_0p5_0p02_0000_0005.uasset" 5917
"/Engine/EngineMaterials/Substrate/GLints/dict_16_192_64_0p5_0p02_0000_0014" 5918
"/Engine/EngineMaterials/Substrate/GLints/dict_16_192_64_0p5_0p02_0000_0015" 5919
"/Engine/EngineMaterials/Substrate/GLints/dict_16_192_64_0p5_0p02_0001_0000" 5920
"/Engine/EngineMaterials/Substrate/GLints/dict_16_192_64_0p5_0p02_0001_0001" 5921
"/Engine/EngineMaterials/Substrate/GLints/dict_16_192_64_0p5_0p02_0001_0002" 5922
"/Engine/EngineMaterials/Substrate/GLints/dict_16_192_64_0p5_0p02_0001_0003" 5923
"/Engine/EngineMaterials/Substrate/GLints/dict_16_192_64_0p5_0p02_0001_0004" 5924
"/Engine/EngineMaterials/Substrate/GLints/dict_16_192_64_0p5_0p02_0001_0005" 5925
"/Engine/EngineMaterials/Substrate/GLints/dict_16_192_64_0p5_0p02_0001_0006" 5926
"/Engine/EngineMaterials/Substrate/GLints/dict_16_192_64_0p5_0p02_0001_0007" 5927
"/Engine/EngineMaterials/Substrate/GLints/dict_16_192_64_0p5_0p02_0001_0008" 5928
"/Engine/EngineMaterials/Substrate/GLints/dict_16_192_64_0p5_0p02_0001_0009" 5929
"/Engine/EngineMaterials/Substrate/GLints/dict_16_192_64_0p5_0p02_0001_0010" 5930
"/Engine/EngineMaterials/Substrate/GLints/dict_16_192_64_0p5_0p02_0001_0011" 5931
"/Engine/EngineMaterials/Substrate/GLints/dict_16_192_64_0p5_0p02_0001_0012" 5932
"/Engine/EngineMaterials/Substrate/GLints/dict_16_192_64_0p5_0p02_0001_0013" 5933
"/Engine/EngineMaterials/Substrate/GLints/dict_16_192_64_0p5_0p02_0001_0014" 5934
"/Engine/EngineMaterials/Substrate/GLints/dict_16_192_64_0p5_0p02_0000_0009" 5935
"/Engine/EngineMaterials/Substrate/GLints/dict_16_192_64_0p5_0p02_0000_0010" 5936
"/Engine/EngineMaterials/Substrate/GLints/dict_16_192_64_0p5_0p02_0002_0001" 5937
"/Engine/EngineMaterials/Substrate/GLints/dict_16_192_64_0p5_0p02_0000_0012" 5938
"/Engine/EngineMaterials/Substrate/GLints/dict_16_192_64_0p5_0p02_0000_0013" 5939
"../../../Engine/Content/EngineMaterials/Substrate/Glints2/dict_0007_0254.uasset" 5940
"../../../Engine/Content/EngineMaterials/Substrate/Glints2/dict_0007_0252.uasset" 5941
"../../../Engine/Content/EngineMaterials/Substrate/Glints2/dict_0007_0253.uasset" 5942
"../../../Engine/Content/EngineMaterials/Substrate/Glints2/dict_0007_0250.uasset" 5943
"../../../Engine/Content/EngineMaterials/Substrate/Glints2/dict_0007_0249.uasset" 5944
"../../../Engine/Content/EngineMaterials/Substrate/Glints2/dict_0007_0251.uasset" 5945
"../../../Engine/Content/EngineMaterials/Substrate/Glints2/dict_0007_0245.uasset" 5946
"../../../Engine/Content/EngineMaterials/Substrate/Glints2/dict_0007_0244.uasset" 5947
"../../../Engine/Content/EngineMaterials/Substrate/Glints2/dict_0007_0255.uasset" 5948
"../../../Engine/Content/EngineMaterials/Substrate/Glints2/dict_0007_0243.uasset" 5949
"../../../Engine/Content/EngineMaterials/Substrate/Glints2/dict_0007_0248.uasset" 5950
"../../../Engine/Content/EngineMaterials/Substrate/Glints2/dict_0007_0242.uasset" 5951
"../../../Engine/Content/EngineMaterials/Substrate/Glints2/dict_0007_0246.uasset" 5952
"../../../Engine/Content/EngineMaterials/Substrate/Glints2/dict_0007_0238.uasset" 5953
"../../../Engine/Content/EngineMaterials/Substrate/Glints2/dict_0007_0237.uasset" 5954
"../../../Engine/Content/EngineMaterials/Substrate/Glints2/dict_0007_0247.uasset" 5955
"../../../Engine/Content/EngineMaterials/Substrate/Glints2/dict_0007_0235.uasset" 5956
"../../../Engine/Content/EngineMaterials/Substrate/Glints2/dict_0007_0236.uasset" 5957
"../../../Engine/Content/EngineMaterials/Substrate/Glints2/dict_0007_0239.uasset" 5958
"../../../Engine/Content/EngineMaterials/Substrate/Glints2/dict_0007_0241.uasset" 5959
"../../../Engine/Content/EngineMaterials/Substrate/Glints2/dict_0007_0240.uasset" 5960
"../../../Engine/Content/EngineMaterials/Substrate/GLints/AGlintTex2dArray.uasset" 5961
"/Engine/EngineMaterials/Substrate/GLints/dict_16_192_64_0p5_0p02_0000_0000" 5962
"/Engine/EngineMaterials/Substrate/GLints/dict_16_192_64_0p5_0p02_0000_0001" 5963
"/Engine/EngineMaterials/Substrate/GLints/dict_16_192_64_0p5_0p02_0000_0002" 5964
"/Engine/EngineMaterials/Substrate/GLints/dict_16_192_64_0p5_0p02_0000_0003" 5965
"/Engine/EngineMaterials/Substrate/GLints/dict_16_192_64_0p5_0p02_0000_0004" 5966
"/Engine/EngineMaterials/Substrate/GLints/dict_16_192_64_0p5_0p02_0000_0005" 5967
"/Engine/EngineMaterials/Substrate/GLints/dict_16_192_64_0p5_0p02_0000_0006" 5968
"/Engine/EngineMaterials/Substrate/GLints/dict_16_192_64_0p5_0p02_0000_0007" 5969
"/Engine/EngineMaterials/Substrate/GLints/dict_16_192_64_0p5_0p02_0000_0008" 5970
"/Engine/EngineMaterials/Substrate/Glints2/dict_0007_0252" 5971
"/Engine/EngineMaterials/Substrate/Glints2/dict_0007_0253" 5972
"/Engine/EngineMaterials/Substrate/GLints/dict_16_192_64_0p5_0p02_0000_0011" 5973
"/Engine/EngineMaterials/Substrate/Glints2/dict_0007_0254" 5974
"../../../Engine/Content/EngineMaterials/Substrate/Glints2/dict_0007_0234.uasset" 5975
"../../../Engine/Content/EngineMaterials/Substrate/Glints2/dict_0007_0232.uasset" 5976
"../../../Engine/Content/EngineMaterials/Substrate/Glints2/dict_0007_0229.uasset" 5977
"../../../Engine/Content/EngineMaterials/Substrate/Glints2/dict_0007_0230.uasset" 5978
"../../../Engine/Content/EngineMaterials/Substrate/Glints2/dict_0007_0225.uasset" 5979
"../../../Engine/Content/EngineMaterials/Substrate/Glints2/dict_0007_0226.uasset" 5980
"../../../Engine/Content/EngineMaterials/Substrate/Glints2/dict_0007_0228.uasset" 5981
"../../../Engine/Content/EngineMaterials/Substrate/Glints2/dict_0007_0227.uasset" 5982
"../../../Engine/Content/EngineMaterials/Substrate/Glints2/dict_0007_0222.uasset" 5983
"../../../Engine/Content/EngineMaterials/Substrate/Glints2/dict_0007_0223.uasset" 5984
"../../../Engine/Content/EngineMaterials/Substrate/Glints2/dict_0007_0224.uasset" 5985
"../../../Engine/Content/EngineMaterials/Substrate/Glints2/dict_0007_0233.uasset" 5986
"/Engine/EngineMaterials/Substrate/Glints2/dict_0007_0235" 5987
"../../../Engine/Content/EngineMaterials/Substrate/Glints2/dict_0007_0231.uasset" 5988
"/Engine/EngineMaterials/Substrate/Glints2/dict_0007_0236" 5989
"/Engine/EngineMaterials/Substrate/Glints2/dict_0007_0237" 5990
"/Engine/EngineMaterials/Substrate/Glints2/dict_0007_0238" 5991
"/Engine/EngineMaterials/Substrate/Glints2/dict_0007_0239" 5992
"/Engine/EngineMaterials/Substrate/Glints2/dict_0007_0240" 5993
"/Engine/EngineMaterials/Substrate/Glints2/dict_0007_0241" 5994
"/Engine/EngineMaterials/Substrate/Glints2/dict_0007_0242" 5995
"/Engine/EngineMaterials/Substrate/Glints2/dict_0007_0243" 5996
"/Engine/EngineMaterials/Substrate/Glints2/dict_0007_0244" 5997
"/Engine/EngineMaterials/Substrate/Glints2/dict_0007_0245" 5998
"/Engine/EngineMaterials/Substrate/Glints2/dict_0007_0246" 5999
"/Engine/EngineMaterials/Substrate/Glints2/dict_0007_0247" 6000
"/Engine/EngineMaterials/Substrate/Glints2/dict_0007_0248" 6001
"/Engine/EngineMaterials/Substrate/Glints2/dict_0007_0249" 6002
"/Engine/EngineMaterials/Substrate/Glints2/dict_0007_0250" 6003
"/Engine/EngineMaterials/Substrate/Glints2/dict_0007_0251" 6004
"/Engine/EngineMaterials/Substrate/Glints2/dict_0007_0255" 6005
"/Engine/EngineMaterials/Substrate/GLints/AGlintTex2dArray" 6006
"../../../Engine/Content/EngineMaterials/Substrate/Glints2/dict_0007_0221.uasset" 6007
"../../../Engine/Content/EngineMaterials/Substrate/Glints2/dict_0007_0218.uasset" 6008
"../../../Engine/Content/EngineMaterials/Substrate/Glints2/dict_0007_0217.uasset" 6009
"../../../Engine/Content/EngineMaterials/Substrate/Glints2/dict_0007_0219.uasset" 6010
"../../../Engine/Content/EngineMaterials/Substrate/Glints2/dict_0007_0213.uasset" 6011
"../../../Engine/Content/EngineMaterials/Substrate/Glints2/dict_0007_0214.uasset" 6012
"../../../Engine/Content/EngineMaterials/Substrate/Glints2/dict_0007_0212.uasset" 6013
"../../../Engine/Content/EngineMaterials/Substrate/Glints2/dict_0007_0210.uasset" 6014
"../../../Engine/Content/EngineMaterials/Substrate/Glints2/dict_0007_0216.uasset" 6015
"../../../Engine/Content/EngineMaterials/Substrate/Glints2/dict_0007_0215.uasset" 6016
"../../../Engine/Content/EngineMaterials/Substrate/Glints2/dict_0007_0208.uasset" 6017
"../../../Engine/Content/EngineMaterials/Substrate/Glints2/dict_0007_0206.uasset" 6018
"../../../Engine/Content/EngineMaterials/Substrate/Glints2/dict_0007_0205.uasset" 6019
"../../../Engine/Content/EngineMaterials/Substrate/Glints2/dict_0007_0209.uasset" 6020
"../../../Engine/Content/EngineMaterials/Substrate/Glints2/dict_0007_0207.uasset" 6021
"../../../Engine/Content/EngineMaterials/Substrate/Glints2/dict_0007_0204.uasset" 6022
"../../../Engine/Content/EngineMaterials/Substrate/Glints2/dict_0007_0203.uasset" 6023
"../../../Engine/Content/EngineMaterials/Substrate/Glints2/dict_0007_0220.uasset" 6024
"../../../Engine/Content/EngineMaterials/Substrate/Glints2/dict_0007_0211.uasset" 6025
"../../../Engine/Plugins/Animation/DeformerGraph/Shaders/Private/DataInterfaceCustomComputeKernel.ush" 6026
"../../../Engine/Plugins/Animation/DeformerGraph/Shaders/Private/DataInterfaceCloth.ush" 6027
"../../../Engine/Plugins/Animation/DeformerGraph/Shaders/Private/DataInterfaceSkinnedMeshRead.ush" 6028
"../../../Engine/Plugins/Animation/DeformerGraph/Shaders/Private/DataInterfaceSkeleton.ush" 6029
"../../../Engine/Plugins/Animation/DeformerGraph/Shaders/Private/DataInterfaceSkeletonCommon.ush" 6030
"../../../Engine/Plugins/Animation/DeformerGraph/Shaders/Private/DataInterfaceMorphTarget.ush" 6031
"../../../Engine/Plugins/Animation/DeformerGraph/Shaders/Private/DataInterfaceSkinnedMeshWrite.ush" 6032
"../../../Engine/Plugins/Animation/DeformerGraph/Shaders/Private/DataInterfaceRawBuffer.ush" 6033
"../../../Engine/Plugins/Runtime/ComputeFramework/Shaders/Private/BufferAlias.ush" 6034
"../../../Engine/Plugins/Animation/DeformerGraph/Shaders/Private/DataInterfaceSkinnedMesh.ush" 6035
"../../../Engine/Plugins/Animation/DeformerGraph/Shaders/Private/DataInterfaceHalfEdge.ush" 6036
"/Engine/EngineMaterials/Substrate/Glints2/dict_0007_0222" 6037
"/Engine/EngineMaterials/Substrate/Glints2/dict_0007_0223" 6038
"/Engine/EngineMaterials/Substrate/Glints2/dict_0007_0224" 6039
"/Engine/EngineMaterials/Substrate/Glints2/dict_0007_0225" 6040
"/Engine/EngineMaterials/Substrate/Glints2/dict_0007_0226" 6041
"/Engine/EngineMaterials/Substrate/Glints2/dict_0007_0227" 6042
"/Engine/EngineMaterials/Substrate/Glints2/dict_0007_0228" 6043
"/Engine/EngineMaterials/Substrate/Glints2/dict_0007_0229" 6044
"/Engine/EngineMaterials/Substrate/Glints2/dict_0007_0230" 6045
"/Engine/EngineMaterials/Substrate/Glints2/dict_0007_0231" 6046
"/Engine/EngineMaterials/Substrate/Glints2/dict_0007_0232" 6047
"/Engine/EngineMaterials/Substrate/Glints2/dict_0007_0233" 6048
"/Engine/EngineMaterials/Substrate/Glints2/dict_0007_0234" 6049
"/Engine/EngineMaterials/Substrate/Glints2/dict_0007_0221" 6050
"../../../Engine/Content/EngineMaterials/Substrate/Glints2/dict_0007_0202.uasset" 6051
"../../../Engine/Content/EngineMaterials/Substrate/Glints2/dict_0007_0200.uasset" 6052
"../../../Engine/Content/EngineMaterials/Substrate/Glints2/dict_0007_0197.uasset" 6053
"../../../Engine/Content/EngineMaterials/Substrate/Glints2/dict_0007_0198.uasset" 6054
"../../../Engine/Content/EngineMaterials/Substrate/Glints2/dict_0007_0195.uasset" 6055
"../../../Engine/Content/EngineMaterials/Substrate/Glints2/dict_0007_0193.uasset" 6056
"../../../Engine/Content/EngineMaterials/Substrate/Glints2/dict_0007_0190.uasset" 6057
"../../../Engine/Content/EngineMaterials/Substrate/Glints2/dict_0007_0194.uasset" 6058
"../../../Engine/Content/EngineMaterials/Substrate/Glints2/dict_0007_0189.uasset" 6059
"../../../Engine/Content/EngineMaterials/Substrate/Glints2/dict_0007_0199.uasset" 6060
"../../../Engine/Content/EngineMaterials/Substrate/Glints2/dict_0007_0196.uasset" 6061
"../../../Engine/Content/EngineMaterials/Substrate/Glints2/dict_0007_0191.uasset" 6062
"../../../Engine/Content/EngineMaterials/Substrate/Glints2/dict_0007_0201.uasset" 6063
"../../../Engine/Content/EngineMaterials/Substrate/Glints2/dict_0007_0192.uasset" 6064
"/Engine/EngineMaterials/Substrate/Glints2/dict_0007_0203" 6065
"/Engine/EngineMaterials/Substrate/Glints2/dict_0007_0204" 6066
"/Engine/EngineMaterials/Substrate/Glints2/dict_0007_0205" 6067
"/Engine/EngineMaterials/Substrate/Glints2/dict_0007_0206" 6068
"/Engine/EngineMaterials/Substrate/Glints2/dict_0007_0207" 6069
"/Engine/EngineMaterials/Substrate/Glints2/dict_0007_0208" 6070
"/Engine/EngineMaterials/Substrate/Glints2/dict_0007_0209" 6071
"/Engine/EngineMaterials/Substrate/Glints2/dict_0007_0210" 6072
"/Engine/EngineMaterials/Substrate/Glints2/dict_0007_0211" 6073
"/Engine/EngineMaterials/Substrate/Glints2/dict_0007_0212" 6074
"/Engine/EngineMaterials/Substrate/Glints2/dict_0007_0213" 6075
"/Engine/EngineMaterials/Substrate/Glints2/dict_0007_0214" 6076
"/Engine/EngineMaterials/Substrate/Glints2/dict_0007_0215" 6077
"/Engine/EngineMaterials/Substrate/Glints2/dict_0007_0216" 6078
"/Engine/EngineMaterials/Substrate/Glints2/dict_0007_0217" 6079
"/Engine/EngineMaterials/Substrate/Glints2/dict_0007_0218" 6080
"/Engine/EngineMaterials/Substrate/Glints2/dict_0007_0219" 6081
"/Engine/EngineMaterials/Substrate/Glints2/dict_0007_0197" 6082
"/Engine/EngineMaterials/Substrate/Glints2/dict_0007_0198" 6083
"/Engine/EngineMaterials/Substrate/Glints2/dict_0007_0200" 6084
"/Engine/EngineMaterials/Substrate/Glints2/dict_0007_0220" 6085
"/Engine/EngineMaterials/Substrate/Glints2/dict_0007_0202" 6086
"../../../Engine/Content/EngineMaterials/Substrate/Glints2/dict_0007_0188.uasset" 6087
"../../../Engine/Content/EngineMaterials/Substrate/Glints2/dict_0007_0186.uasset" 6088
"../../../Engine/Content/EngineMaterials/Substrate/Glints2/dict_0007_0187.uasset" 6089
"../../../Engine/Content/EngineMaterials/Substrate/Glints2/dict_0007_0182.uasset" 6090
"../../../Engine/Content/EngineMaterials/Substrate/Glints2/dict_0007_0180.uasset" 6091
"../../../Engine/Content/EngineMaterials/Substrate/Glints2/dict_0007_0179.uasset" 6092
"../../../Engine/Content/EngineMaterials/Substrate/Glints2/dict_0007_0178.uasset" 6093
"../../../Engine/Content/EngineMaterials/Substrate/Glints2/dict_0007_0183.uasset" 6094
"../../../Engine/Content/EngineMaterials/Substrate/Glints2/dict_0007_0177.uasset" 6095
"../../../Engine/Content/EngineMaterials/Substrate/Glints2/dict_0007_0185.uasset" 6096
"../../../Engine/Content/EngineMaterials/Substrate/Glints2/dict_0007_0174.uasset" 6097
"../../../Engine/Content/EngineMaterials/Substrate/Glints2/dict_0007_0172.uasset" 6098
"../../../Engine/Content/EngineMaterials/Substrate/Glints2/dict_0007_0175.uasset" 6099
"../../../Engine/Content/EngineMaterials/Substrate/Glints2/dict_0007_0173.uasset" 6100
"../../../Engine/Content/EngineMaterials/Substrate/Glints2/dict_0007_0184.uasset" 6101
"/Engine/EngineMaterials/Substrate/Glints2/dict_0007_0189" 6102
"../../../Engine/Content/EngineMaterials/Substrate/Glints2/dict_0007_0171.uasset" 6103
"../../../Engine/Content/EngineMaterials/Substrate/Glints2/dict_0007_0176.uasset" 6104
"../../../Engine/Content/EngineMaterials/Substrate/Glints2/dict_0007_0170.uasset" 6105
"../../../Engine/Content/EngineMaterials/Substrate/Glints2/dict_0007_0181.uasset" 6106
"../../../Engine/Content/EngineMaterials/Substrate/Glints2/dict_0007_0169.uasset" 6107
"../../../Engine/Content/EngineMaterials/Substrate/Glints2/dict_0007_0167.uasset" 6108
"../../../Engine/Content/EngineMaterials/Substrate/Glints2/dict_0007_0168.uasset" 6109
"/Engine/EngineMaterials/Substrate/Glints2/dict_0007_0190" 6110
"/Engine/EngineMaterials/Substrate/Glints2/dict_0007_0191" 6111
"/Engine/EngineMaterials/Substrate/Glints2/dict_0007_0192" 6112
"/Engine/EngineMaterials/Substrate/Glints2/dict_0007_0193" 6113
"/Engine/EngineMaterials/Substrate/Glints2/dict_0007_0194" 6114
"/Engine/EngineMaterials/Substrate/Glints2/dict_0007_0195" 6115
"/Engine/EngineMaterials/Substrate/Glints2/dict_0007_0196" 6116
"/Engine/EngineMaterials/Substrate/Glints2/dict_0007_0199" 6117
"/Engine/EngineMaterials/Substrate/Glints2/dict_0007_0186" 6118
"/Engine/EngineMaterials/Substrate/Glints2/dict_0007_0201" 6119
"/Engine/EngineMaterials/Substrate/Glints2/dict_0007_0187" 6120
"/Engine/EngineMaterials/Substrate/Glints2/dict_0007_0188" 6121
"../../../Engine/Content/EngineMaterials/Substrate/Glints2/dict_0007_0166.uasset" 6122
"../../../Engine/Content/EngineMaterials/Substrate/Glints2/dict_0007_0160.uasset" 6123
"../../../Engine/Content/EngineMaterials/Substrate/Glints2/dict_0007_0159.uasset" 6124
"../../../Engine/Content/EngineMaterials/Substrate/Glints2/dict_0007_0158.uasset" 6125
"../../../Engine/Content/EngineMaterials/Substrate/Glints2/dict_0007_0163.uasset" 6126
"../../../Engine/Content/EngineMaterials/Substrate/Glints2/dict_0007_0154.uasset" 6127
"../../../Engine/Content/EngineMaterials/Substrate/Glints2/dict_0007_0165.uasset" 6128
"/Engine/EngineMaterials/Substrate/Glints2/dict_0007_0167" 6129
"../../../Engine/Content/EngineMaterials/Substrate/Glints2/dict_0007_0157.uasset" 6130
"../../../Engine/Content/EngineMaterials/Substrate/Glints2/dict_0007_0155.uasset" 6131
"../../../Engine/Content/EngineMaterials/Substrate/Glints2/dict_0007_0164.uasset" 6132
"../../../Engine/Content/EngineMaterials/Substrate/Glints2/dict_0007_0162.uasset" 6133
"../../../Engine/Content/EngineMaterials/Substrate/Glints2/dict_0007_0161.uasset" 6134
"../../../Engine/Content/EngineMaterials/Substrate/Glints2/dict_0007_0156.uasset" 6135
"/Engine/EngineMaterials/Substrate/Glints2/dict_0007_0168" 6136
"/Engine/EngineMaterials/Substrate/Glints2/dict_0007_0169" 6137
"/Engine/EngineMaterials/Substrate/Glints2/dict_0007_0170" 6138
"/Engine/EngineMaterials/Substrate/Glints2/dict_0007_0171" 6139
"/Engine/EngineMaterials/Substrate/Glints2/dict_0007_0172" 6140
"/Engine/EngineMaterials/Substrate/Glints2/dict_0007_0173" 6141
"/Engine/EngineMaterials/Substrate/Glints2/dict_0007_0174" 6142
"/Engine/EngineMaterials/Substrate/Glints2/dict_0007_0175" 6143
"/Engine/EngineMaterials/Substrate/Glints2/dict_0007_0176" 6144
"/Engine/EngineMaterials/Substrate/Glints2/dict_0007_0177" 6145
"/Engine/EngineMaterials/Substrate/Glints2/dict_0007_0178" 6146
"/Engine/EngineMaterials/Substrate/Glints2/dict_0007_0179" 6147
"/Engine/EngineMaterials/Substrate/Glints2/dict_0007_0180" 6148
"/Engine/EngineMaterials/Substrate/Glints2/dict_0007_0181" 6149
"/Engine/EngineMaterials/Substrate/Glints2/dict_0007_0182" 6150
"/Engine/EngineMaterials/Substrate/Glints2/dict_0007_0183" 6151
"/Engine/EngineMaterials/Substrate/Glints2/dict_0007_0184" 6152
"/Engine/EngineMaterials/Substrate/Glints2/dict_0007_0185" 6153
"../../../Engine/Content/EngineMaterials/Substrate/Glints2/dict_0007_0153.uasset" 6154
"../../../Engine/Content/EngineMaterials/Substrate/Glints2/dict_0007_0152.uasset" 6155
"../../../Engine/Content/EngineMaterials/Substrate/Glints2/dict_0007_0151.uasset" 6156
"../../../Engine/Content/EngineMaterials/Substrate/Glints2/dict_0007_0148.uasset" 6157
"../../../Engine/Content/EngineMaterials/Substrate/Glints2/dict_0007_0145.uasset" 6158
"../../../Engine/Content/EngineMaterials/Substrate/Glints2/dict_0007_0144.uasset" 6159
"../../../Engine/Content/EngineMaterials/Substrate/Glints2/dict_0007_0142.uasset" 6160
"../../../Engine/Content/EngineMaterials/Substrate/Glints2/dict_0007_0146.uasset" 6161
"../../../Engine/Content/EngineMaterials/Substrate/Glints2/dict_0007_0140.uasset" 6162
"../../../Engine/Content/EngineMaterials/Substrate/Glints2/dict_0007_0138.uasset" 6163
"../../../Engine/Content/EngineMaterials/Substrate/Glints2/dict_0007_0143.uasset" 6164
"../../../Engine/Content/EngineMaterials/Substrate/Glints2/dict_0007_0137.uasset" 6165
"../../../Engine/Content/EngineMaterials/Substrate/Glints2/dict_0007_0150.uasset" 6166
"../../../Engine/Content/EngineMaterials/Substrate/Glints2/dict_0007_0135.uasset" 6167
"../../../Engine/Content/EngineMaterials/Substrate/Glints2/dict_0007_0139.uasset" 6168
"../../../Engine/Content/EngineMaterials/Substrate/Glints2/dict_0007_0149.uasset" 6169
"../../../Engine/Content/EngineMaterials/Substrate/Glints2/dict_0007_0141.uasset" 6170
"../../../Engine/Content/EngineMaterials/Substrate/Glints2/dict_0007_0136.uasset" 6171
"/Engine/EngineMaterials/Substrate/Glints2/dict_0007_0154" 6172
"../../../Engine/Content/EngineMaterials/Substrate/Glints2/dict_0007_0147.uasset" 6173
"/Engine/EngineMaterials/Substrate/Glints2/dict_0007_0155" 6174
"/Engine/EngineMaterials/Substrate/Glints2/dict_0007_0156" 6175
"/Engine/EngineMaterials/Substrate/Glints2/dict_0007_0157" 6176
"/Engine/EngineMaterials/Substrate/Glints2/dict_0007_0158" 6177
"/Engine/EngineMaterials/Substrate/Glints2/dict_0007_0159" 6178
"/Engine/EngineMaterials/Substrate/Glints2/dict_0007_0160" 6179
"/Engine/EngineMaterials/Substrate/Glints2/dict_0007_0161" 6180
"/Engine/EngineMaterials/Substrate/Glints2/dict_0007_0152" 6181
"/Engine/EngineMaterials/Substrate/Glints2/dict_0007_0153" 6182
"/Engine/EngineMaterials/Substrate/Glints2/dict_0007_0162" 6183
"/Engine/EngineMaterials/Substrate/Glints2/dict_0007_0163" 6184
"/Engine/EngineMaterials/Substrate/Glints2/dict_0007_0164" 6185
"/Engine/EngineMaterials/Substrate/Glints2/dict_0007_0165" 6186
"/Engine/EngineMaterials/Substrate/Glints2/dict_0007_0166" 6187
"../../../Engine/Content/EngineMaterials/Substrate/Glints2/dict_0007_0134.uasset" 6188
"../../../Engine/Content/EngineMaterials/Substrate/Glints2/dict_0007_0131.uasset" 6189
"../../../Engine/Content/EngineMaterials/Substrate/Glints2/dict_0007_0132.uasset" 6190
"../../../Engine/Content/EngineMaterials/Substrate/Glints2/dict_0007_0128.uasset" 6191
"../../../Engine/Content/EngineMaterials/Substrate/Glints2/dict_0007_0126.uasset" 6192
"../../../Engine/Content/EngineMaterials/Substrate/Glints2/dict_0007_0130.uasset" 6193
"../../../Engine/Content/EngineMaterials/Substrate/Glints2/dict_0007_0125.uasset" 6194
"../../../Engine/Content/EngineMaterials/Substrate/Glints2/dict_0007_0123.uasset" 6195
"../../../Engine/Content/EngineMaterials/Substrate/Glints2/dict_0007_0122.uasset" 6196
"../../../Engine/Content/EngineMaterials/Substrate/Glints2/dict_0007_0121.uasset" 6197
"../../../Engine/Content/EngineMaterials/Substrate/Glints2/dict_0007_0129.uasset" 6198
"../../../Engine/Content/EngineMaterials/Substrate/Glints2/dict_0007_0120.uasset" 6199
"../../../Engine/Content/EngineMaterials/Substrate/Glints2/dict_0007_0124.uasset" 6200
"../../../Engine/Content/EngineMaterials/Substrate/Glints2/dict_0007_0127.uasset" 6201
"/Engine/EngineMaterials/Substrate/Glints2/dict_0007_0135" 6202
"../../../Engine/Content/EngineMaterials/Substrate/Glints2/dict_0007_0133.uasset" 6203
"/Engine/EngineMaterials/Substrate/Glints2/dict_0007_0136" 6204
"/Engine/EngineMaterials/Substrate/Glints2/dict_0007_0137" 6205
"/Engine/EngineMaterials/Substrate/Glints2/dict_0007_0138" 6206
"/Engine/EngineMaterials/Substrate/Glints2/dict_0007_0139" 6207
"/Engine/EngineMaterials/Substrate/Glints2/dict_0007_0140" 6208
"/Engine/EngineMaterials/Substrate/Glints2/dict_0007_0141" 6209
"/Engine/EngineMaterials/Substrate/Glints2/dict_0007_0142" 6210
"/Engine/EngineMaterials/Substrate/Glints2/dict_0007_0143" 6211
"/Engine/EngineMaterials/Substrate/Glints2/dict_0007_0144" 6212
"/Engine/EngineMaterials/Substrate/Glints2/dict_0007_0145" 6213
"/Engine/EngineMaterials/Substrate/Glints2/dict_0007_0146" 6214
"/Engine/EngineMaterials/Substrate/Glints2/dict_0007_0147" 6215
"/Engine/EngineMaterials/Substrate/Glints2/dict_0007_0148" 6216
"/Engine/EngineMaterials/Substrate/Glints2/dict_0007_0149" 6217
"/Engine/EngineMaterials/Substrate/Glints2/dict_0007_0150" 6218
"/Engine/EngineMaterials/Substrate/Glints2/dict_0007_0151" 6219
"/Engine/EngineMaterials/Substrate/Glints2/dict_0007_0134" 6220
"../../../Engine/Content/EngineMaterials/Substrate/Glints2/dict_0007_0118.uasset" 6221
"../../../Engine/Content/EngineMaterials/Substrate/Glints2/dict_0007_0117.uasset" 6222
"../../../Engine/Content/EngineMaterials/Substrate/Glints2/dict_0007_0119.uasset" 6223
"../../../Engine/Content/EngineMaterials/Substrate/Glints2/dict_0007_0114.uasset" 6224
"../../../Engine/Content/EngineMaterials/Substrate/Glints2/dict_0007_0112.uasset" 6225
"../../../Engine/Content/EngineMaterials/Substrate/Glints2/dict_0007_0115.uasset" 6226
"../../../Engine/Content/EngineMaterials/Substrate/Glints2/dict_0007_0111.uasset" 6227
"../../../Engine/Content/EngineMaterials/Substrate/Glints2/dict_0007_0108.uasset" 6228
"../../../Engine/Content/EngineMaterials/Substrate/Glints2/dict_0007_0106.uasset" 6229
"../../../Engine/Content/EngineMaterials/Substrate/Glints2/dict_0007_0113.uasset" 6230
"../../../Engine/Content/EngineMaterials/Substrate/Glints2/dict_0007_0107.uasset" 6231
"../../../Engine/Content/EngineMaterials/Substrate/Glints2/dict_0007_0103.uasset" 6232
"/Engine/EngineMaterials/Substrate/Glints2/dict_0007_0120" 6233
"../../../Engine/Content/EngineMaterials/Substrate/Glints2/dict_0007_0110.uasset" 6234
"../../../Engine/Content/EngineMaterials/Substrate/Glints2/dict_0007_0105.uasset" 6235
"../../../Engine/Content/EngineMaterials/Substrate/Glints2/dict_0007_0104.uasset" 6236
"../../../Engine/Content/EngineMaterials/Substrate/Glints2/dict_0007_0109.uasset" 6237
"../../../Engine/Content/EngineMaterials/Substrate/Glints2/dict_0007_0116.uasset" 6238
"../../../Engine/Content/EngineMaterials/Substrate/Glints2/dict_0007_0102.uasset" 6239
"/Engine/EngineMaterials/Substrate/Glints2/dict_0007_0121" 6240
"/Engine/EngineMaterials/Substrate/Glints2/dict_0007_0122" 6241
"/Engine/EngineMaterials/Substrate/Glints2/dict_0007_0123" 6242
"/Engine/EngineMaterials/Substrate/Glints2/dict_0007_0124" 6243
"/Engine/EngineMaterials/Substrate/Glints2/dict_0007_0125" 6244
"/Engine/EngineMaterials/Substrate/Glints2/dict_0007_0126" 6245
"/Engine/EngineMaterials/Substrate/Glints2/dict_0007_0127" 6246
"/Engine/EngineMaterials/Substrate/Glints2/dict_0007_0128" 6247
"/Engine/EngineMaterials/Substrate/Glints2/dict_0007_0129" 6248
"/Engine/EngineMaterials/Substrate/Glints2/dict_0007_0130" 6249
"/Engine/EngineMaterials/Substrate/Glints2/dict_0007_0131" 6250
"/Engine/EngineMaterials/Substrate/Glints2/dict_0007_0132" 6251
"/Engine/EngineMaterials/Substrate/Glints2/dict_0007_0133" 6252
"/Engine/EngineMaterials/Substrate/Glints2/dict_0007_0119" 6253
"../../../Engine/Content/EngineMaterials/Substrate/Glints2/dict_0007_0101.uasset" 6254
"../../../Engine/Content/EngineMaterials/Substrate/Glints2/dict_0007_0098.uasset" 6255
"../../../Engine/Content/EngineMaterials/Substrate/Glints2/dict_0007_0094.uasset" 6256
"../../../Engine/Content/EngineMaterials/Substrate/Glints2/dict_0007_0100.uasset" 6257
"../../../Engine/Content/EngineMaterials/Substrate/Glints2/dict_0007_0089.uasset" 6258
"../../../Engine/Content/EngineMaterials/Substrate/Glints2/dict_0007_0088.uasset" 6259
"../../../Engine/Content/EngineMaterials/Substrate/Glints2/dict_0007_0096.uasset" 6260
"/Engine/EngineMaterials/Substrate/Glints2/dict_0007_0102" 6261
"../../../Engine/Content/EngineMaterials/Substrate/Glints2/dict_0007_0095.uasset" 6262
"../../../Engine/Content/EngineMaterials/Substrate/Glints2/dict_0007_0093.uasset" 6263
"../../../Engine/Content/EngineMaterials/Substrate/Glints2/dict_0007_0099.uasset" 6264
"../../../Engine/Content/EngineMaterials/Substrate/Glints2/dict_0007_0092.uasset" 6265
"../../../Engine/Content/EngineMaterials/Substrate/Glints2/dict_0007_0091.uasset" 6266
"../../../Engine/Content/EngineMaterials/Substrate/Glints2/dict_0007_0090.uasset" 6267
"../../../Engine/Content/EngineMaterials/Substrate/Glints2/dict_0007_0097.uasset" 6268
"../../../Engine/Content/EngineMaterials/Substrate/Glints2/dict_0007_0087.uasset" 6269
"/Engine/EngineMaterials/Substrate/Glints2/dict_0007_0103" 6270
"/Engine/EngineMaterials/Substrate/Glints2/dict_0007_0104" 6271
"/Engine/EngineMaterials/Substrate/Glints2/dict_0007_0105" 6272
"/Engine/EngineMaterials/Substrate/Glints2/dict_0007_0106" 6273
"/Engine/EngineMaterials/Substrate/Glints2/dict_0007_0107" 6274
"/Engine/EngineMaterials/Substrate/Glints2/dict_0007_0108" 6275
"/Engine/EngineMaterials/Substrate/Glints2/dict_0007_0109" 6276
"/Engine/EngineMaterials/Substrate/Glints2/dict_0007_0110" 6277
"/Engine/EngineMaterials/Substrate/Glints2/dict_0007_0111" 6278
"/Engine/EngineMaterials/Substrate/Glints2/dict_0007_0112" 6279
"/Engine/EngineMaterials/Substrate/Glints2/dict_0007_0113" 6280
"/Engine/EngineMaterials/Substrate/Glints2/dict_0007_0114" 6281
"/Engine/EngineMaterials/Substrate/Glints2/dict_0007_0115" 6282
"/Engine/EngineMaterials/Substrate/Glints2/dict_0007_0116" 6283
"/Engine/EngineMaterials/Substrate/Glints2/dict_0007_0117" 6284
"/Engine/EngineMaterials/Substrate/Glints2/dict_0007_0118" 6285
"/Engine/EngineMaterials/Substrate/Glints2/dict_0007_0101" 6286
"../../../Engine/Content/EngineMaterials/Substrate/Glints2/dict_0007_0085.uasset" 6287
"../../../Engine/Content/EngineMaterials/Substrate/Glints2/dict_0007_0086.uasset" 6288
"/Engine/EngineMaterials/Substrate/Glints2/dict_0007_0087" 6289
"../../../Engine/Content/EngineMaterials/Substrate/Glints2/dict_0007_0084.uasset" 6290
"../../../Engine/Content/EngineMaterials/Substrate/Glints2/dict_0007_0083.uasset" 6291
"../../../Engine/Content/EngineMaterials/Substrate/Glints2/dict_0007_0082.uasset" 6292
"../../../Engine/Content/EngineMaterials/Substrate/Glints2/dict_0007_0080.uasset" 6293
"../../../Engine/Content/EngineMaterials/Substrate/Glints2/dict_0007_0081.uasset" 6294
"../../../Engine/Content/EngineMaterials/Substrate/Glints2/dict_0007_0079.uasset" 6295
"../../../Engine/Content/EngineMaterials/Substrate/Glints2/dict_0007_0078.uasset" 6296
"../../../Engine/Content/EngineMaterials/Substrate/Glints2/dict_0007_0077.uasset" 6297
"../../../Engine/Content/EngineMaterials/Substrate/Glints2/dict_0007_0074.uasset" 6298
"../../../Engine/Content/EngineMaterials/Substrate/Glints2/dict_0007_0075.uasset" 6299
"../../../Engine/Content/EngineMaterials/Substrate/Glints2/dict_0007_0073.uasset" 6300
"../../../Engine/Content/EngineMaterials/Substrate/Glints2/dict_0007_0076.uasset" 6301
"../../../Engine/Content/EngineMaterials/Substrate/Glints2/dict_0007_0072.uasset" 6302
"../../../Engine/Content/EngineMaterials/Substrate/Glints2/dict_0007_0071.uasset" 6303
"../../../Engine/Content/EngineMaterials/Substrate/Glints2/dict_0007_0070.uasset" 6304
"../../../Engine/Content/EngineMaterials/Substrate/Glints2/dict_0007_0069.uasset" 6305
"/Engine/EngineMaterials/Substrate/Glints2/dict_0007_0088" 6306
"/Engine/EngineMaterials/Substrate/Glints2/dict_0007_0089" 6307
"/Engine/EngineMaterials/Substrate/Glints2/dict_0007_0090" 6308
"/Engine/EngineMaterials/Substrate/Glints2/dict_0007_0091" 6309
"/Engine/EngineMaterials/Substrate/Glints2/dict_0007_0092" 6310
"/Engine/EngineMaterials/Substrate/Glints2/dict_0007_0093" 6311
"/Engine/EngineMaterials/Substrate/Glints2/dict_0007_0094" 6312
"/Engine/EngineMaterials/Substrate/Glints2/dict_0007_0095" 6313
"/Engine/EngineMaterials/Substrate/Glints2/dict_0007_0096" 6314
"/Engine/EngineMaterials/Substrate/Glints2/dict_0007_0097" 6315
"/Engine/EngineMaterials/Substrate/Glints2/dict_0007_0098" 6316
"/Engine/EngineMaterials/Substrate/Glints2/dict_0007_0099" 6317
"/Engine/EngineMaterials/Substrate/Glints2/dict_0007_0100" 6318
"../../../Engine/Content/EngineMaterials/Substrate/Glints2/dict_0007_0068.uasset" 6319
"../../../Engine/Content/EngineMaterials/Substrate/Glints2/dict_0007_0067.uasset" 6320
"../../../Engine/Content/EngineMaterials/Substrate/Glints2/dict_0007_0066.uasset" 6321
"../../../Engine/Content/EngineMaterials/Substrate/Glints2/dict_0007_0065.uasset" 6322
"../../../Engine/Content/EngineMaterials/Substrate/Glints2/dict_0007_0064.uasset" 6323
"../../../Engine/Content/EngineMaterials/Substrate/Glints2/dict_0007_0063.uasset" 6324
"../../../Engine/Content/EngineMaterials/Substrate/Glints2/dict_0007_0062.uasset" 6325
"../../../Engine/Content/EngineMaterials/Substrate/Glints2/dict_0007_0061.uasset" 6326
"../../../Engine/Content/EngineMaterials/Substrate/Glints2/dict_0007_0059.uasset" 6327
"../../../Engine/Content/EngineMaterials/Substrate/Glints2/dict_0007_0060.uasset" 6328
"../../../Engine/Content/EngineMaterials/Substrate/Glints2/dict_0007_0055.uasset" 6329
"../../../Engine/Content/EngineMaterials/Substrate/Glints2/dict_0007_0058.uasset" 6330
"../../../Engine/Content/EngineMaterials/Substrate/Glints2/dict_0007_0056.uasset" 6331
"../../../Engine/Content/EngineMaterials/Substrate/Glints2/dict_0007_0057.uasset" 6332
"/Engine/EngineMaterials/Substrate/Glints2/dict_0007_0069" 6333
"/Engine/EngineMaterials/Substrate/Glints2/dict_0007_0070" 6334
"/Engine/EngineMaterials/Substrate/Glints2/dict_0007_0071" 6335
"/Engine/EngineMaterials/Substrate/Glints2/dict_0007_0072" 6336
"/Engine/EngineMaterials/Substrate/Glints2/dict_0007_0073" 6337
"/Engine/EngineMaterials/Substrate/Glints2/dict_0007_0074" 6338
"/Engine/EngineMaterials/Substrate/Glints2/dict_0007_0075" 6339
"/Engine/EngineMaterials/Substrate/Glints2/dict_0007_0076" 6340
"/Engine/EngineMaterials/Substrate/Glints2/dict_0007_0077" 6341
"/Engine/EngineMaterials/Substrate/Glints2/dict_0007_0078" 6342
"/Engine/EngineMaterials/Substrate/Glints2/dict_0007_0079" 6343
"/Engine/EngineMaterials/Substrate/Glints2/dict_0007_0080" 6344
"/Engine/EngineMaterials/Substrate/Glints2/dict_0007_0081" 6345
"/Engine/EngineMaterials/Substrate/Glints2/dict_0007_0082" 6346
"/Engine/EngineMaterials/Substrate/Glints2/dict_0007_0083" 6347
"/Engine/EngineMaterials/Substrate/Glints2/dict_0007_0084" 6348
"/Engine/EngineMaterials/Substrate/Glints2/dict_0007_0085" 6349
"/Engine/EngineMaterials/Substrate/Glints2/dict_0007_0062" 6350
"/Engine/EngineMaterials/Substrate/Glints2/dict_0007_0063" 6351
"/Engine/EngineMaterials/Substrate/Glints2/dict_0007_0064" 6352
"/Engine/EngineMaterials/Substrate/Glints2/dict_0007_0065" 6353
"/Engine/EngineMaterials/Substrate/Glints2/dict_0007_0066" 6354
"/Engine/EngineMaterials/Substrate/Glints2/dict_0007_0067" 6355
"/Engine/EngineMaterials/Substrate/Glints2/dict_0007_0068" 6356
"/Engine/EngineMaterials/Substrate/Glints2/dict_0007_0086" 6357
"../../../Engine/Content/EngineMaterials/Substrate/Glints2/dict_0007_0053.uasset" 6358
"../../../Engine/Content/EngineMaterials/Substrate/Glints2/dict_0007_0054.uasset" 6359
"../../../Engine/Content/EngineMaterials/Substrate/Glints2/dict_0007_0048.uasset" 6360
"../../../Engine/Content/EngineMaterials/Substrate/Glints2/dict_0007_0047.uasset" 6361
"../../../Engine/Content/EngineMaterials/Substrate/Glints2/dict_0007_0045.uasset" 6362
"../../../Engine/Content/EngineMaterials/Substrate/Glints2/dict_0007_0044.uasset" 6363
"../../../Engine/Content/EngineMaterials/Substrate/Glints2/dict_0007_0042.uasset" 6364
"../../../Engine/Content/EngineMaterials/Substrate/Glints2/dict_0007_0052.uasset" 6365
"../../../Engine/Content/EngineMaterials/Substrate/Glints2/dict_0007_0050.uasset" 6366
"../../../Engine/Content/EngineMaterials/Substrate/Glints2/dict_0007_0039.uasset" 6367
"../../../Engine/Content/EngineMaterials/Substrate/Glints2/dict_0007_0038.uasset" 6368
"../../../Engine/Content/EngineMaterials/Substrate/Glints2/dict_0007_0036.uasset" 6369
"../../../Engine/Content/EngineMaterials/Substrate/Glints2/dict_0007_0049.uasset" 6370
"../../../Engine/Content/EngineMaterials/Substrate/Glints2/dict_0007_0051.uasset" 6371
"../../../Engine/Content/EngineMaterials/Substrate/Glints2/dict_0007_0034.uasset" 6372
"../../../Engine/Content/EngineMaterials/Substrate/Glints2/dict_0007_0040.uasset" 6373
"../../../Engine/Content/EngineMaterials/Substrate/Glints2/dict_0007_0031.uasset" 6374
"../../../Engine/Content/EngineMaterials/Substrate/Glints2/dict_0007_0032.uasset" 6375
"../../../Engine/Content/EngineMaterials/Substrate/Glints2/dict_0007_0037.uasset" 6376
"../../../Engine/Content/EngineMaterials/Substrate/Glints2/dict_0007_0035.uasset" 6377
"../../../Engine/Content/EngineMaterials/Substrate/Glints2/dict_0007_0041.uasset" 6378
"../../../Engine/Content/EngineMaterials/Substrate/Glints2/dict_0007_0046.uasset" 6379
"/Engine/EngineMaterials/Substrate/Glints2/dict_0007_0055" 6380
"../../../Engine/Content/EngineMaterials/Substrate/Glints2/dict_0007_0033.uasset" 6381
"../../../Engine/Content/EngineMaterials/Substrate/Glints2/dict_0007_0043.uasset" 6382
"../../../Engine/Content/EngineMaterials/Substrate/Glints2/dict_0007_0030.uasset" 6383
"/Engine/EngineMaterials/Substrate/Glints2/dict_0007_0056" 6384
"/Engine/EngineMaterials/Substrate/Glints2/dict_0007_0057" 6385
"/Engine/EngineMaterials/Substrate/Glints2/dict_0007_0058" 6386
"/Engine/EngineMaterials/Substrate/Glints2/dict_0007_0059" 6387
"/Engine/EngineMaterials/Substrate/Glints2/dict_0007_0060" 6388
"/Engine/EngineMaterials/Substrate/Glints2/dict_0007_0061" 6389
"/Engine/EngineMaterials/Substrate/Glints2/dict_0007_0047" 6390
"/Engine/EngineMaterials/Substrate/Glints2/dict_0007_0048" 6391
"/Engine/EngineMaterials/Substrate/Glints2/dict_0007_0053" 6392
"/Engine/EngineMaterials/Substrate/Glints2/dict_0007_0054" 6393
"../../../Engine/Content/EngineMaterials/Substrate/Glints2/dict_0007_0029.uasset" 6394
"../../../Engine/Content/EngineMaterials/Substrate/Glints2/dict_0007_0027.uasset" 6395
"../../../Engine/Content/EngineMaterials/Substrate/Glints2/dict_0007_0028.uasset" 6396
"../../../Engine/Content/EngineMaterials/Substrate/Glints2/dict_0007_0023.uasset" 6397
"../../../Engine/Content/EngineMaterials/Substrate/Glints2/dict_0007_0025.uasset" 6398
"../../../Engine/Content/EngineMaterials/Substrate/Glints2/dict_0007_0026.uasset" 6399
"../../../Engine/Content/EngineMaterials/Substrate/Glints2/dict_0007_0022.uasset" 6400
"/Engine/EngineMaterials/Substrate/Glints2/dict_0007_0030" 6401
"../../../Engine/Content/EngineMaterials/Substrate/Glints2/dict_0007_0021.uasset" 6402
"../../../Engine/Content/EngineMaterials/Substrate/Glints2/dict_0007_0020.uasset" 6403
"../../../Engine/Content/EngineMaterials/Substrate/Glints2/dict_0007_0019.uasset" 6404
"../../../Engine/Content/EngineMaterials/Substrate/Glints2/dict_0007_0024.uasset" 6405
"/Engine/EngineMaterials/Substrate/Glints2/dict_0007_0031" 6406
"/Engine/EngineMaterials/Substrate/Glints2/dict_0007_0032" 6407
"/Engine/EngineMaterials/Substrate/Glints2/dict_0007_0033" 6408
"/Engine/EngineMaterials/Substrate/Glints2/dict_0007_0034" 6409
"/Engine/EngineMaterials/Substrate/Glints2/dict_0007_0035" 6410
"/Engine/EngineMaterials/Substrate/Glints2/dict_0007_0036" 6411
"/Engine/EngineMaterials/Substrate/Glints2/dict_0007_0037" 6412
"/Engine/EngineMaterials/Substrate/Glints2/dict_0007_0038" 6413
"/Engine/EngineMaterials/Substrate/Glints2/dict_0007_0039" 6414
"/Engine/EngineMaterials/Substrate/Glints2/dict_0007_0040" 6415
"/Engine/EngineMaterials/Substrate/Glints2/dict_0007_0041" 6416
"/Engine/EngineMaterials/Substrate/Glints2/dict_0007_0042" 6417
"/Engine/EngineMaterials/Substrate/Glints2/dict_0007_0043" 6418
"/Engine/EngineMaterials/Substrate/Glints2/dict_0007_0044" 6419
"/Engine/EngineMaterials/Substrate/Glints2/dict_0007_0045" 6420
"/Engine/EngineMaterials/Substrate/Glints2/dict_0007_0046" 6421
"/Engine/EngineMaterials/Substrate/Glints2/dict_0007_0027" 6422
"/Engine/EngineMaterials/Substrate/Glints2/dict_0007_0049" 6423
"/Engine/EngineMaterials/Substrate/Glints2/dict_0007_0050" 6424
"/Engine/EngineMaterials/Substrate/Glints2/dict_0007_0051" 6425
"/Engine/EngineMaterials/Substrate/Glints2/dict_0007_0052" 6426
"/Engine/EngineMaterials/Substrate/Glints2/dict_0007_0029" 6427
"../../../Engine/Content/EngineMaterials/Substrate/Glints2/dict_0007_0016.uasset" 6428
"../../../Engine/Content/EngineMaterials/Substrate/Glints2/dict_0007_0013.uasset" 6429
"../../../Engine/Content/EngineMaterials/Substrate/Glints2/dict_0007_0015.uasset" 6430
"../../../Engine/Content/EngineMaterials/Substrate/Glints2/dict_0007_0014.uasset" 6431
"../../../Engine/Content/EngineMaterials/Substrate/Glints2/dict_0007_0009.uasset" 6432
"../../../Engine/Content/EngineMaterials/Substrate/Glints2/dict_0007_0008.uasset" 6433
"../../../Engine/Content/EngineMaterials/Substrate/Glints2/dict_0007_0017.uasset" 6434
"../../../Engine/Content/EngineMaterials/Substrate/Glints2/dict_0007_0006.uasset" 6435
"../../../Engine/Content/EngineMaterials/Substrate/Glints2/dict_0007_0011.uasset" 6436
"../../../Engine/Content/EngineMaterials/Substrate/Glints2/dict_0007_0004.uasset" 6437
"../../../Engine/Content/EngineMaterials/Substrate/Glints2/dict_0007_0001.uasset" 6438
"../../../Engine/Content/EngineMaterials/Substrate/Glints2/dict_0007_0018.uasset" 6439
"../../../Engine/Content/EngineMaterials/Substrate/Glints2/dict_0006_0255.uasset" 6440
"../../../Engine/Content/EngineMaterials/Substrate/Glints2/dict_0007_0007.uasset" 6441
"../../../Engine/Content/EngineMaterials/Substrate/Glints2/dict_0007_0005.uasset" 6442
"../../../Engine/Content/EngineMaterials/Substrate/Glints2/dict_0007_0010.uasset" 6443
"../../../Engine/Content/EngineMaterials/Substrate/Glints2/dict_0006_0252.uasset" 6444
"../../../Engine/Content/EngineMaterials/Substrate/Glints2/dict_0007_0003.uasset" 6445
"../../../Engine/Content/EngineMaterials/Substrate/Glints2/dict_0007_0002.uasset" 6446
"../../../Engine/Content/EngineMaterials/Substrate/Glints2/dict_0007_0012.uasset" 6447
"../../../Engine/Content/EngineMaterials/Substrate/Glints2/dict_0007_0000.uasset" 6448
"/Engine/EngineMaterials/Substrate/Glints2/dict_0007_0019" 6449
"../../../Engine/Content/EngineMaterials/Substrate/Glints2/dict_0006_0254.uasset" 6450
"../../../Engine/Content/EngineMaterials/Substrate/Glints2/dict_0006_0253.uasset" 6451
"/Engine/EngineMaterials/Substrate/Glints2/dict_0007_0020" 6452
"/Engine/EngineMaterials/Substrate/Glints2/dict_0007_0021" 6453
"/Engine/EngineMaterials/Substrate/Glints2/dict_0007_0022" 6454
"/Engine/EngineMaterials/Substrate/Glints2/dict_0007_0023" 6455
"/Engine/EngineMaterials/Substrate/Glints2/dict_0007_0024" 6456
"/Engine/EngineMaterials/Substrate/Glints2/dict_0007_0025" 6457
"/Engine/EngineMaterials/Substrate/Glints2/dict_0007_0026" 6458
"/Engine/EngineMaterials/Substrate/Glints2/dict_0007_0013" 6459
"/Engine/EngineMaterials/Substrate/Glints2/dict_0007_0014" 6460
"/Engine/EngineMaterials/Substrate/Glints2/dict_0007_0015" 6461
"/Engine/EngineMaterials/Substrate/Glints2/dict_0007_0016" 6462
"/Engine/EngineMaterials/Substrate/Glints2/dict_0007_0028" 6463
"../../../Engine/Content/EngineMaterials/Substrate/Glints2/dict_0006_0250.uasset" 6464
"../../../Engine/Content/EngineMaterials/Substrate/Glints2/dict_0006_0249.uasset" 6465
"../../../Engine/Content/EngineMaterials/Substrate/Glints2/dict_0006_0247.uasset" 6466
"../../../Engine/Content/EngineMaterials/Substrate/Glints2/dict_0006_0245.uasset" 6467
"../../../Engine/Content/EngineMaterials/Substrate/Glints2/dict_0006_0244.uasset" 6468
"../../../Engine/Content/EngineMaterials/Substrate/Glints2/dict_0006_0241.uasset" 6469
"../../../Engine/Content/EngineMaterials/Substrate/Glints2/dict_0006_0239.uasset" 6470
"../../../Engine/Content/EngineMaterials/Substrate/Glints2/dict_0006_0240.uasset" 6471
"../../../Engine/Content/EngineMaterials/Substrate/Glints2/dict_0006_0251.uasset" 6472
"../../../Engine/Content/EngineMaterials/Substrate/Glints2/dict_0006_0246.uasset" 6473
"/Engine/EngineMaterials/Substrate/Glints2/dict_0006_0252" 6474
"../../../Engine/Content/EngineMaterials/Substrate/Glints2/dict_0006_0242.uasset" 6475
"../../../Engine/Content/EngineMaterials/Substrate/Glints2/dict_0006_0248.uasset" 6476
"../../../Engine/Content/EngineMaterials/Substrate/Glints2/dict_0006_0243.uasset" 6477
"/Engine/EngineMaterials/Substrate/Glints2/dict_0006_0253" 6478
"/Engine/EngineMaterials/Substrate/Glints2/dict_0006_0254" 6479
"/Engine/EngineMaterials/Substrate/Glints2/dict_0006_0255" 6480
"/Engine/EngineMaterials/Substrate/Glints2/dict_0007_0000" 6481
"/Engine/EngineMaterials/Substrate/Glints2/dict_0007_0001" 6482
"/Engine/EngineMaterials/Substrate/Glints2/dict_0007_0002" 6483
"/Engine/EngineMaterials/Substrate/Glints2/dict_0007_0003" 6484
"/Engine/EngineMaterials/Substrate/Glints2/dict_0007_0004" 6485
"/Engine/EngineMaterials/Substrate/Glints2/dict_0007_0005" 6486
"/Engine/EngineMaterials/Substrate/Glints2/dict_0007_0006" 6487
"/Engine/EngineMaterials/Substrate/Glints2/dict_0007_0007" 6488
"/Engine/EngineMaterials/Substrate/Glints2/dict_0007_0008" 6489
"/Engine/EngineMaterials/Substrate/Glints2/dict_0007_0009" 6490
"/Engine/EngineMaterials/Substrate/Glints2/dict_0007_0010" 6491
"/Engine/EngineMaterials/Substrate/Glints2/dict_0007_0011" 6492
"/Engine/EngineMaterials/Substrate/Glints2/dict_0007_0012" 6493
"/Engine/EngineMaterials/Substrate/Glints2/dict_0006_0249" 6494
"/Engine/EngineMaterials/Substrate/Glints2/dict_0006_0250" 6495
"/Engine/EngineMaterials/Substrate/Glints2/dict_0007_0017" 6496
"/Engine/EngineMaterials/Substrate/Glints2/dict_0007_0018" 6497
"../../../Engine/Content/EngineMaterials/Substrate/Glints2/dict_0006_0238.uasset" 6498
"../../../Engine/Content/EngineMaterials/Substrate/Glints2/dict_0006_0236.uasset" 6499
"../../../Engine/Content/EngineMaterials/Substrate/Glints2/dict_0006_0235.uasset" 6500
"../../../Engine/Content/EngineMaterials/Substrate/Glints2/dict_0006_0232.uasset" 6501
"../../../Engine/Content/EngineMaterials/Substrate/Glints2/dict_0006_0231.uasset" 6502
"../../../Engine/Content/EngineMaterials/Substrate/Glints2/dict_0006_0230.uasset" 6503
"../../../Engine/Content/EngineMaterials/Substrate/Glints2/dict_0006_0233.uasset" 6504
"../../../Engine/Content/EngineMaterials/Substrate/Glints2/dict_0006_0228.uasset" 6505
"/Engine/EngineMaterials/Substrate/Glints2/dict_0006_0239" 6506
"../../../Engine/Content/EngineMaterials/Substrate/Glints2/dict_0006_0223.uasset" 6507
"../../../Engine/Content/EngineMaterials/Substrate/Glints2/dict_0006_0225.uasset" 6508
"../../../Engine/Content/EngineMaterials/Substrate/Glints2/dict_0006_0227.uasset" 6509
"../../../Engine/Content/EngineMaterials/Substrate/Glints2/dict_0006_0226.uasset" 6510
"../../../Engine/Content/EngineMaterials/Substrate/Glints2/dict_0006_0219.uasset" 6511
"../../../Engine/Content/EngineMaterials/Substrate/Glints2/dict_0006_0218.uasset" 6512
"../../../Engine/Content/EngineMaterials/Substrate/Glints2/dict_0006_0237.uasset" 6513
"../../../Engine/Content/EngineMaterials/Substrate/Glints2/dict_0006_0222.uasset" 6514
"../../../Engine/Content/EngineMaterials/Substrate/Glints2/dict_0006_0221.uasset" 6515
"../../../Engine/Content/EngineMaterials/Substrate/Glints2/dict_0006_0220.uasset" 6516
"../../../Engine/Content/EngineMaterials/Substrate/Glints2/dict_0006_0234.uasset" 6517
"../../../Engine/Content/EngineMaterials/Substrate/Glints2/dict_0006_0229.uasset" 6518
"../../../Engine/Content/EngineMaterials/Substrate/Glints2/dict_0006_0224.uasset" 6519
"/Engine/EngineMaterials/Substrate/Glints2/dict_0006_0240" 6520
"/Engine/EngineMaterials/Substrate/Glints2/dict_0006_0241" 6521
"/Engine/EngineMaterials/Substrate/Glints2/dict_0006_0242" 6522
"/Engine/EngineMaterials/Substrate/Glints2/dict_0006_0243" 6523
"/Engine/EngineMaterials/Substrate/Glints2/dict_0006_0244" 6524
"/Engine/EngineMaterials/Substrate/Glints2/dict_0006_0245" 6525
"/Engine/EngineMaterials/Substrate/Glints2/dict_0006_0246" 6526
"/Engine/EngineMaterials/Substrate/Glints2/dict_0006_0247" 6527
"/Engine/EngineMaterials/Substrate/Glints2/dict_0006_0248" 6528
"/Engine/EngineMaterials/Substrate/Glints2/dict_0006_0235" 6529
"/Engine/EngineMaterials/Substrate/Glints2/dict_0006_0251" 6530
"/Engine/EngineMaterials/Substrate/Glints2/dict_0006_0238" 6531
"../../../Engine/Content/EngineMaterials/Substrate/Glints2/dict_0006_0217.uasset" 6532
"../../../Engine/Content/EngineMaterials/Substrate/Glints2/dict_0006_0215.uasset" 6533
"../../../Engine/Content/EngineMaterials/Substrate/Glints2/dict_0006_0214.uasset" 6534
"../../../Engine/Content/EngineMaterials/Substrate/Glints2/dict_0006_0212.uasset" 6535
"../../../Engine/Content/EngineMaterials/Substrate/Glints2/dict_0006_0211.uasset" 6536
"../../../Engine/Content/EngineMaterials/Substrate/Glints2/dict_0006_0213.uasset" 6537
"../../../Engine/Content/EngineMaterials/Substrate/Glints2/dict_0006_0210.uasset" 6538
"../../../Engine/Content/EngineMaterials/Substrate/Glints2/dict_0006_0208.uasset" 6539
"../../../Engine/Content/EngineMaterials/Substrate/Glints2/dict_0006_0216.uasset" 6540
"../../../Engine/Content/EngineMaterials/Substrate/Glints2/dict_0006_0205.uasset" 6541
"/Engine/EngineMaterials/Substrate/Glints2/dict_0006_0218" 6542
"../../../Engine/Content/EngineMaterials/Substrate/Glints2/dict_0006_0206.uasset" 6543
"../../../Engine/Content/EngineMaterials/Substrate/Glints2/dict_0006_0209.uasset" 6544
"../../../Engine/Content/EngineMaterials/Substrate/Glints2/dict_0006_0207.uasset" 6545
"/Engine/EngineMaterials/Substrate/Glints2/dict_0006_0219" 6546
"/Engine/EngineMaterials/Substrate/Glints2/dict_0006_0220" 6547
"/Engine/EngineMaterials/Substrate/Glints2/dict_0006_0221" 6548
"/Engine/EngineMaterials/Substrate/Glints2/dict_0006_0222" 6549
"/Engine/EngineMaterials/Substrate/Glints2/dict_0006_0223" 6550
"/Engine/EngineMaterials/Substrate/Glints2/dict_0006_0224" 6551
"/Engine/EngineMaterials/Substrate/Glints2/dict_0006_0225" 6552
"/Engine/EngineMaterials/Substrate/Glints2/dict_0006_0226" 6553
"/Engine/EngineMaterials/Substrate/Glints2/dict_0006_0227" 6554
"/Engine/EngineMaterials/Substrate/Glints2/dict_0006_0228" 6555
"/Engine/EngineMaterials/Substrate/Glints2/dict_0006_0229" 6556
"/Engine/EngineMaterials/Substrate/Glints2/dict_0006_0230" 6557
"/Engine/EngineMaterials/Substrate/Glints2/dict_0006_0231" 6558
"/Engine/EngineMaterials/Substrate/Glints2/dict_0006_0232" 6559
"/Engine/EngineMaterials/Substrate/Glints2/dict_0006_0233" 6560
"/Engine/EngineMaterials/Substrate/Glints2/dict_0006_0234" 6561
"/Engine/EngineMaterials/Substrate/Glints2/dict_0006_0215" 6562
"/Engine/EngineMaterials/Substrate/Glints2/dict_0006_0236" 6563
"/Engine/EngineMaterials/Substrate/Glints2/dict_0006_0237" 6564
"/Engine/EngineMaterials/Substrate/Glints2/dict_0006_0217" 6565
"../../../Engine/Content/EngineMaterials/Substrate/Glints2/dict_0006_0204.uasset" 6566
"../../../Engine/Content/EngineMaterials/Substrate/Glints2/dict_0006_0202.uasset" 6567
"../../../Engine/Content/EngineMaterials/Substrate/Glints2/dict_0006_0201.uasset" 6568
"../../../Engine/Content/EngineMaterials/Substrate/Glints2/dict_0006_0199.uasset" 6569
"../../../Engine/Content/EngineMaterials/Substrate/Glints2/dict_0006_0200.uasset" 6570
"../../../Engine/Content/EngineMaterials/Substrate/Glints2/dict_0006_0203.uasset" 6571
"../../../Engine/Content/EngineMaterials/Substrate/Glints2/dict_0006_0195.uasset" 6572
"../../../Engine/Content/EngineMaterials/Substrate/Glints2/dict_0006_0194.uasset" 6573
"../../../Engine/Content/EngineMaterials/Substrate/Glints2/dict_0006_0197.uasset" 6574
"../../../Engine/Content/EngineMaterials/Substrate/Glints2/dict_0006_0198.uasset" 6575
"../../../Engine/Content/EngineMaterials/Substrate/Glints2/dict_0006_0193.uasset" 6576
"../../../Engine/Content/EngineMaterials/Substrate/Glints2/dict_0006_0186.uasset" 6577
"../../../Engine/Content/EngineMaterials/Substrate/Glints2/dict_0006_0196.uasset" 6578
"../../../Engine/Content/EngineMaterials/Substrate/Glints2/dict_0006_0185.uasset" 6579
"../../../Engine/Content/EngineMaterials/Substrate/Glints2/dict_0006_0192.uasset" 6580
"../../../Engine/Content/EngineMaterials/Substrate/Glints2/dict_0006_0184.uasset" 6581
"../../../Engine/Content/EngineMaterials/Substrate/Glints2/dict_0006_0190.uasset" 6582
"../../../Engine/Content/EngineMaterials/Substrate/Glints2/dict_0006_0189.uasset" 6583
"../../../Engine/Content/EngineMaterials/Substrate/Glints2/dict_0006_0187.uasset" 6584
"../../../Engine/Content/EngineMaterials/Substrate/Glints2/dict_0006_0188.uasset" 6585
"/Engine/EngineMaterials/Substrate/Glints2/dict_0006_0199" 6586
"../../../Engine/Content/EngineMaterials/Substrate/Glints2/dict_0006_0191.uasset" 6587
"/Engine/EngineMaterials/Substrate/Glints2/dict_0006_0205" 6588
"/Engine/EngineMaterials/Substrate/Glints2/dict_0006_0206" 6589
"/Engine/EngineMaterials/Substrate/Glints2/dict_0006_0207" 6590
"/Engine/EngineMaterials/Substrate/Glints2/dict_0006_0208" 6591
"/Engine/EngineMaterials/Substrate/Glints2/dict_0006_0209" 6592
"/Engine/EngineMaterials/Substrate/Glints2/dict_0006_0210" 6593
"/Engine/EngineMaterials/Substrate/Glints2/dict_0006_0211" 6594
"/Engine/EngineMaterials/Substrate/Glints2/dict_0006_0212" 6595
"/Engine/EngineMaterials/Substrate/Glints2/dict_0006_0213" 6596
"/Engine/EngineMaterials/Substrate/Glints2/dict_0006_0214" 6597
"/Engine/EngineMaterials/Substrate/Glints2/dict_0006_0201" 6598
"/Engine/EngineMaterials/Substrate/Glints2/dict_0006_0202" 6599
"/Engine/EngineMaterials/Substrate/Glints2/dict_0006_0203" 6600
"/Engine/EngineMaterials/Substrate/Glints2/dict_0006_0216" 6601
"/Engine/EngineMaterials/Substrate/Glints2/dict_0006_0204" 6602
"../../../Engine/Content/EngineMaterials/Substrate/Glints2/dict_0006_0181.uasset" 6603
"../../../Engine/Content/EngineMaterials/Substrate/Glints2/dict_0006_0180.uasset" 6604
"../../../Engine/Content/EngineMaterials/Substrate/Glints2/dict_0006_0178.uasset" 6605
"../../../Engine/Content/EngineMaterials/Substrate/Glints2/dict_0006_0177.uasset" 6606
"../../../Engine/Content/EngineMaterials/Substrate/Glints2/dict_0006_0175.uasset" 6607
"../../../Engine/Content/EngineMaterials/Substrate/Glints2/dict_0006_0182.uasset" 6608
"../../../Engine/Content/EngineMaterials/Substrate/Glints2/dict_0006_0172.uasset" 6609
"../../../Engine/Content/EngineMaterials/Substrate/Glints2/dict_0006_0170.uasset" 6610
"../../../Engine/Content/EngineMaterials/Substrate/Glints2/dict_0006_0173.uasset" 6611
"../../../Engine/Content/EngineMaterials/Substrate/Glints2/dict_0006_0168.uasset" 6612
"../../../Engine/Content/EngineMaterials/Substrate/Glints2/dict_0006_0174.uasset" 6613
"../../../Engine/Content/EngineMaterials/Substrate/Glints2/dict_0006_0176.uasset" 6614
"../../../Engine/Content/EngineMaterials/Substrate/Glints2/dict_0006_0183.uasset" 6615
"../../../Engine/Content/EngineMaterials/Substrate/Glints2/dict_0006_0171.uasset" 6616
"../../../Engine/Content/EngineMaterials/Substrate/Glints2/dict_0006_0169.uasset" 6617
"../../../Engine/Content/EngineMaterials/Substrate/Glints2/dict_0006_0179.uasset" 6618
"/Engine/EngineMaterials/Substrate/Glints2/dict_0006_0184" 6619
"/Engine/EngineMaterials/Substrate/Glints2/dict_0006_0185" 6620
"/Engine/EngineMaterials/Substrate/Glints2/dict_0006_0186" 6621
"/Engine/EngineMaterials/Substrate/Glints2/dict_0006_0187" 6622
"/Engine/EngineMaterials/Substrate/Glints2/dict_0006_0188" 6623
"/Engine/EngineMaterials/Substrate/Glints2/dict_0006_0189" 6624
"/Engine/EngineMaterials/Substrate/Glints2/dict_0006_0190" 6625
"/Engine/EngineMaterials/Substrate/Glints2/dict_0006_0191" 6626
"/Engine/EngineMaterials/Substrate/Glints2/dict_0006_0192" 6627
"/Engine/EngineMaterials/Substrate/Glints2/dict_0006_0193" 6628
"/Engine/EngineMaterials/Substrate/Glints2/dict_0006_0194" 6629
"/Engine/EngineMaterials/Substrate/Glints2/dict_0006_0195" 6630
"/Engine/EngineMaterials/Substrate/Glints2/dict_0006_0196" 6631
"/Engine/EngineMaterials/Substrate/Glints2/dict_0006_0197" 6632
"/Engine/EngineMaterials/Substrate/Glints2/dict_0006_0198" 6633
"/Engine/EngineMaterials/Substrate/Glints2/dict_0006_0200" 6634
"/Engine/EngineMaterials/Substrate/Glints2/dict_0006_0178" 6635
"/Engine/EngineMaterials/Substrate/Glints2/dict_0006_0180" 6636
"/Engine/EngineMaterials/Substrate/Glints2/dict_0006_0181" 6637
"../../../Engine/Content/EngineMaterials/Substrate/Glints2/dict_0006_0166.uasset" 6638
"../../../Engine/Content/EngineMaterials/Substrate/Glints2/dict_0006_0165.uasset" 6639
"../../../Engine/Content/EngineMaterials/Substrate/Glints2/dict_0006_0164.uasset" 6640
"../../../Engine/Content/EngineMaterials/Substrate/Glints2/dict_0006_0161.uasset" 6641
"../../../Engine/Content/EngineMaterials/Substrate/Glints2/dict_0006_0159.uasset" 6642
"../../../Engine/Content/EngineMaterials/Substrate/Glints2/dict_0006_0158.uasset" 6643
"../../../Engine/Content/EngineMaterials/Substrate/Glints2/dict_0006_0156.uasset" 6644
"../../../Engine/Content/EngineMaterials/Substrate/Glints2/dict_0006_0157.uasset" 6645
"../../../Engine/Content/EngineMaterials/Substrate/Glints2/dict_0006_0162.uasset" 6646
"../../../Engine/Content/EngineMaterials/Substrate/Glints2/dict_0006_0160.uasset" 6647
"../../../Engine/Content/EngineMaterials/Substrate/Glints2/dict_0006_0167.uasset" 6648
"../../../Engine/Content/EngineMaterials/Substrate/Glints2/dict_0006_0150.uasset" 6649
"../../../Engine/Content/EngineMaterials/Substrate/Glints2/dict_0006_0153.uasset" 6650
"../../../Engine/Content/EngineMaterials/Substrate/Glints2/dict_0006_0154.uasset" 6651
"../../../Engine/Content/EngineMaterials/Substrate/Glints2/dict_0006_0155.uasset" 6652
"../../../Engine/Content/EngineMaterials/Substrate/Glints2/dict_0006_0152.uasset" 6653
"/Engine/EngineMaterials/Substrate/Glints2/dict_0006_0168" 6654
"../../../Engine/Content/EngineMaterials/Substrate/Glints2/dict_0006_0163.uasset" 6655
"../../../Engine/Content/EngineMaterials/Substrate/Glints2/dict_0006_0149.uasset" 6656
"../../../Engine/Content/EngineMaterials/Substrate/Glints2/dict_0006_0151.uasset" 6657
"/Engine/EngineMaterials/Substrate/Glints2/dict_0006_0169" 6658
"/Engine/EngineMaterials/Substrate/Glints2/dict_0006_0170" 6659
"/Engine/EngineMaterials/Substrate/Glints2/dict_0006_0171" 6660
"/Engine/EngineMaterials/Substrate/Glints2/dict_0006_0172" 6661
"/Engine/EngineMaterials/Substrate/Glints2/dict_0006_0173" 6662
"/Engine/EngineMaterials/Substrate/Glints2/dict_0006_0174" 6663
"/Engine/EngineMaterials/Substrate/Glints2/dict_0006_0175" 6664
"/Engine/EngineMaterials/Substrate/Glints2/dict_0006_0176" 6665
"/Engine/EngineMaterials/Substrate/Glints2/dict_0006_0177" 6666
"/Engine/EngineMaterials/Substrate/Glints2/dict_0006_0165" 6667
"/Engine/EngineMaterials/Substrate/Glints2/dict_0006_0179" 6668
"/Engine/EngineMaterials/Substrate/Glints2/dict_0006_0166" 6669
"/Engine/EngineMaterials/Substrate/Glints2/dict_0006_0182" 6670
"/Engine/EngineMaterials/Substrate/Glints2/dict_0006_0183" 6671
"../../../Engine/Content/EngineMaterials/Substrate/Glints2/dict_0006_0148.uasset" 6672
"../../../Engine/Content/EngineMaterials/Substrate/Glints2/dict_0006_0141.uasset" 6673
"../../../Engine/Content/EngineMaterials/Substrate/Glints2/dict_0006_0142.uasset" 6674
"../../../Engine/Content/EngineMaterials/Substrate/Glints2/dict_0006_0143.uasset" 6675
"../../../Engine/Content/EngineMaterials/Substrate/Glints2/dict_0006_0140.uasset" 6676
"../../../Engine/Content/EngineMaterials/Substrate/Glints2/dict_0006_0137.uasset" 6677
"../../../Engine/Content/EngineMaterials/Substrate/Glints2/dict_0006_0135.uasset" 6678
"../../../Engine/Content/EngineMaterials/Substrate/Glints2/dict_0006_0145.uasset" 6679
"/Engine/EngineMaterials/Substrate/Glints2/dict_0006_0149" 6680
"../../../Engine/Content/EngineMaterials/Substrate/Glints2/dict_0006_0139.uasset" 6681
"../../../Engine/Content/EngineMaterials/Substrate/Glints2/dict_0006_0136.uasset" 6682
"../../../Engine/Content/EngineMaterials/Substrate/Glints2/dict_0006_0134.uasset" 6683
"../../../Engine/Content/EngineMaterials/Substrate/Glints2/dict_0006_0138.uasset" 6684
"../../../Engine/Content/EngineMaterials/Substrate/Glints2/dict_0006_0146.uasset" 6685
"../../../Engine/Content/EngineMaterials/Substrate/Glints2/dict_0006_0144.uasset" 6686
"../../../Engine/Content/EngineMaterials/Substrate/Glints2/dict_0006_0147.uasset" 6687
"/Engine/EngineMaterials/Substrate/Glints2/dict_0006_0150" 6688
"/Engine/EngineMaterials/Substrate/Glints2/dict_0006_0151" 6689
"/Engine/EngineMaterials/Substrate/Glints2/dict_0006_0152" 6690
"/Engine/EngineMaterials/Substrate/Glints2/dict_0006_0153" 6691
"/Engine/EngineMaterials/Substrate/Glints2/dict_0006_0154" 6692
"/Engine/EngineMaterials/Substrate/Glints2/dict_0006_0155" 6693
"/Engine/EngineMaterials/Substrate/Glints2/dict_0006_0156" 6694
"/Engine/EngineMaterials/Substrate/Glints2/dict_0006_0157" 6695
"/Engine/EngineMaterials/Substrate/Glints2/dict_0006_0158" 6696
"/Engine/EngineMaterials/Substrate/Glints2/dict_0006_0159" 6697
"/Engine/EngineMaterials/Substrate/Glints2/dict_0006_0160" 6698
"/Engine/EngineMaterials/Substrate/Glints2/dict_0006_0161" 6699
"/Engine/EngineMaterials/Substrate/Glints2/dict_0006_0162" 6700
"/Engine/EngineMaterials/Substrate/Glints2/dict_0006_0163" 6701
"/Engine/EngineMaterials/Substrate/Glints2/dict_0006_0164" 6702
"/Engine/EngineMaterials/Substrate/Glints2/dict_0006_0167" 6703
"../../../Engine/Content/EngineMaterials/Substrate/Glints2/dict_0006_0133.uasset" 6704
"../../../Engine/Content/EngineMaterials/Substrate/Glints2/dict_0006_0132.uasset" 6705
"../../../Engine/Content/EngineMaterials/Substrate/Glints2/dict_0006_0131.uasset" 6706
"../../../Engine/Content/EngineMaterials/Substrate/Glints2/dict_0006_0128.uasset" 6707
"../../../Engine/Content/EngineMaterials/Substrate/Glints2/dict_0006_0127.uasset" 6708
"../../../Engine/Content/EngineMaterials/Substrate/Glints2/dict_0006_0130.uasset" 6709
"../../../Engine/Content/EngineMaterials/Substrate/Glints2/dict_0006_0123.uasset" 6710
"../../../Engine/Content/EngineMaterials/Substrate/Glints2/dict_0006_0122.uasset" 6711
"../../../Engine/Content/EngineMaterials/Substrate/Glints2/dict_0006_0124.uasset" 6712
"../../../Engine/Content/EngineMaterials/Substrate/Glints2/dict_0006_0120.uasset" 6713
"../../../Engine/Content/EngineMaterials/Substrate/Glints2/dict_0006_0126.uasset" 6714
"../../../Engine/Content/EngineMaterials/Substrate/Glints2/dict_0006_0117.uasset" 6715
"/Engine/EngineMaterials/Substrate/Glints2/dict_0006_0134" 6716
"../../../Engine/Content/EngineMaterials/Substrate/Glints2/dict_0006_0119.uasset" 6717
"../../../Engine/Content/EngineMaterials/Substrate/Glints2/dict_0006_0129.uasset" 6718
"../../../Engine/Content/EngineMaterials/Substrate/Glints2/dict_0006_0118.uasset" 6719
"../../../Engine/Content/EngineMaterials/Substrate/Glints2/dict_0006_0125.uasset" 6720
"../../../Engine/Content/EngineMaterials/Substrate/Glints2/dict_0006_0121.uasset" 6721
"/Engine/EngineMaterials/Substrate/Glints2/dict_0006_0135" 6722
"/Engine/EngineMaterials/Substrate/Glints2/dict_0006_0136" 6723
"/Engine/EngineMaterials/Substrate/Glints2/dict_0006_0137" 6724
"/Engine/EngineMaterials/Substrate/Glints2/dict_0006_0138" 6725
"/Engine/EngineMaterials/Substrate/Glints2/dict_0006_0139" 6726
"/Engine/EngineMaterials/Substrate/Glints2/dict_0006_0140" 6727
"/Engine/EngineMaterials/Substrate/Glints2/dict_0006_0141" 6728
"/Engine/EngineMaterials/Substrate/Glints2/dict_0006_0142" 6729
"/Engine/EngineMaterials/Substrate/Glints2/dict_0006_0143" 6730
"/Engine/EngineMaterials/Substrate/Glints2/dict_0006_0144" 6731
"/Engine/EngineMaterials/Substrate/Glints2/dict_0006_0145" 6732
"/Engine/EngineMaterials/Substrate/Glints2/dict_0006_0146" 6733
"/Engine/EngineMaterials/Substrate/Glints2/dict_0006_0133" 6734
"/Engine/EngineMaterials/Substrate/Glints2/dict_0006_0147" 6735
"/Engine/EngineMaterials/Substrate/Glints2/dict_0006_0148" 6736
"../../../Engine/Content/EngineMaterials/Substrate/Glints2/dict_0006_0116.uasset" 6737
"../../../Engine/Content/EngineMaterials/Substrate/Glints2/dict_0006_0114.uasset" 6738
"../../../Engine/Content/EngineMaterials/Substrate/Glints2/dict_0006_0112.uasset" 6739
"../../../Engine/Content/EngineMaterials/Substrate/Glints2/dict_0006_0113.uasset" 6740
"../../../Engine/Content/EngineMaterials/Substrate/Glints2/dict_0006_0108.uasset" 6741
"../../../Engine/Content/EngineMaterials/Substrate/Glints2/dict_0006_0107.uasset" 6742
"../../../Engine/Content/EngineMaterials/Substrate/Glints2/dict_0006_0104.uasset" 6743
"../../../Engine/Content/EngineMaterials/Substrate/Glints2/dict_0006_0111.uasset" 6744
"../../../Engine/Content/EngineMaterials/Substrate/Glints2/dict_0006_0103.uasset" 6745
"../../../Engine/Content/EngineMaterials/Substrate/Glints2/dict_0006_0102.uasset" 6746
"../../../Engine/Content/EngineMaterials/Substrate/Glints2/dict_0006_0110.uasset" 6747
"../../../Engine/Content/EngineMaterials/Substrate/Glints2/dict_0006_0105.uasset" 6748
"../../../Engine/Content/EngineMaterials/Substrate/Glints2/dict_0006_0109.uasset" 6749
"../../../Engine/Content/EngineMaterials/Substrate/Glints2/dict_0006_0115.uasset" 6750
"../../../Engine/Content/EngineMaterials/Substrate/Glints2/dict_0006_0101.uasset" 6751
"../../../Engine/Content/EngineMaterials/Substrate/Glints2/dict_0006_0106.uasset" 6752
"/Engine/EngineMaterials/Substrate/Glints2/dict_0006_0117" 6753
"/Engine/EngineMaterials/Substrate/Glints2/dict_0006_0118" 6754
"/Engine/EngineMaterials/Substrate/Glints2/dict_0006_0119" 6755
"/Engine/EngineMaterials/Substrate/Glints2/dict_0006_0120" 6756
"/Engine/EngineMaterials/Substrate/Glints2/dict_0006_0121" 6757
"/Engine/EngineMaterials/Substrate/Glints2/dict_0006_0122" 6758
"/Engine/EngineMaterials/Substrate/Glints2/dict_0006_0123" 6759
"/Engine/EngineMaterials/Substrate/Glints2/dict_0006_0124" 6760
"/Engine/EngineMaterials/Substrate/Glints2/dict_0006_0125" 6761
"/Engine/EngineMaterials/Substrate/Glints2/dict_0006_0126" 6762
"/Engine/EngineMaterials/Substrate/Glints2/dict_0006_0127" 6763
"/Engine/EngineMaterials/Substrate/Glints2/dict_0006_0128" 6764
"/Engine/EngineMaterials/Substrate/Glints2/dict_0006_0129" 6765
"/Engine/EngineMaterials/Substrate/Glints2/dict_0006_0130" 6766
"/Engine/EngineMaterials/Substrate/Glints2/dict_0006_0131" 6767
"/Engine/EngineMaterials/Substrate/Glints2/dict_0006_0132" 6768
"/Engine/EngineMaterials/Substrate/Glints2/dict_0006_0104" 6769
"/Engine/EngineMaterials/Substrate/Glints2/dict_0006_0107" 6770
"/Engine/EngineMaterials/Substrate/Glints2/dict_0006_0108" 6771
"/Engine/EngineMaterials/Substrate/Glints2/dict_0006_0111" 6772
"/Engine/EngineMaterials/Substrate/Glints2/dict_0006_0112" 6773
"/Engine/EngineMaterials/Substrate/Glints2/dict_0006_0113" 6774
"/Engine/EngineMaterials/Substrate/Glints2/dict_0006_0114" 6775
"/Engine/EngineMaterials/Substrate/Glints2/dict_0006_0116" 6776
"../../../Engine/Content/EngineMaterials/Substrate/Glints2/dict_0006_0098.uasset" 6777
"../../../Engine/Content/EngineMaterials/Substrate/Glints2/dict_0006_0089.uasset" 6778
"../../../Engine/Content/EngineMaterials/Substrate/Glints2/dict_0006_0100.uasset" 6779
"../../../Engine/Content/EngineMaterials/Substrate/Glints2/dict_0006_0088.uasset" 6780
"../../../Engine/Content/EngineMaterials/Substrate/Glints2/dict_0006_0099.uasset" 6781
"../../../Engine/Content/EngineMaterials/Substrate/Glints2/dict_0006_0087.uasset" 6782
"/Engine/EngineMaterials/Substrate/Glints2/dict_0006_0101" 6783
"../../../Engine/Content/EngineMaterials/Substrate/Glints2/dict_0006_0086.uasset" 6784
"../../../Engine/Content/EngineMaterials/Substrate/Glints2/dict_0006_0091.uasset" 6785
"../../../Engine/Content/EngineMaterials/Substrate/Glints2/dict_0006_0096.uasset" 6786
"../../../Engine/Content/EngineMaterials/Substrate/Glints2/dict_0006_0090.uasset" 6787
"../../../Engine/Content/EngineMaterials/Substrate/Glints2/dict_0006_0093.uasset" 6788
"../../../Engine/Content/EngineMaterials/Substrate/Glints2/dict_0006_0081.uasset" 6789
"../../../Engine/Content/EngineMaterials/Substrate/Glints2/dict_0006_0084.uasset" 6790
"../../../Engine/Content/EngineMaterials/Substrate/Glints2/dict_0006_0080.uasset" 6791
"../../../Engine/Content/EngineMaterials/Substrate/Glints2/dict_0006_0095.uasset" 6792
"../../../Engine/Content/EngineMaterials/Substrate/Glints2/dict_0006_0079.uasset" 6793
"../../../Engine/Content/EngineMaterials/Substrate/Glints2/dict_0006_0083.uasset" 6794
"../../../Engine/Content/EngineMaterials/Substrate/Glints2/dict_0006_0078.uasset" 6795
"../../../Engine/Content/EngineMaterials/Substrate/Glints2/dict_0006_0097.uasset" 6796
"../../../Engine/Content/EngineMaterials/Substrate/Glints2/dict_0006_0092.uasset" 6797
"../../../Engine/Content/EngineMaterials/Substrate/Glints2/dict_0006_0085.uasset" 6798
"../../../Engine/Content/EngineMaterials/Substrate/Glints2/dict_0006_0094.uasset" 6799
"../../../Engine/Content/EngineMaterials/Substrate/Glints2/dict_0006_0082.uasset" 6800
"../../../Engine/Content/EngineMaterials/Substrate/Glints2/dict_0006_0077.uasset" 6801
"/Engine/EngineMaterials/Substrate/Glints2/dict_0006_0102" 6802
"/Engine/EngineMaterials/Substrate/Glints2/dict_0006_0103" 6803
"/Engine/EngineMaterials/Substrate/Glints2/dict_0006_0105" 6804
"/Engine/EngineMaterials/Substrate/Glints2/dict_0006_0106" 6805
"/Engine/EngineMaterials/Substrate/Glints2/dict_0006_0109" 6806
"/Engine/EngineMaterials/Substrate/Glints2/dict_0006_0110" 6807
"/Engine/EngineMaterials/Substrate/Glints2/dict_0006_0115" 6808
"../../../Engine/Content/EngineMaterials/Substrate/Glints2/dict_0006_0073.uasset" 6809
"../../../Engine/Content/EngineMaterials/Substrate/Glints2/dict_0006_0076.uasset" 6810
"../../../Engine/Content/EngineMaterials/Substrate/Glints2/dict_0006_0070.uasset" 6811
"../../../Engine/Content/EngineMaterials/Substrate/Glints2/dict_0006_0075.uasset" 6812
"../../../Engine/Content/EngineMaterials/Substrate/Glints2/dict_0006_0072.uasset" 6813
"/Engine/EngineMaterials/Substrate/Glints2/dict_0006_0077" 6814
"../../../Engine/Content/EngineMaterials/Substrate/Glints2/dict_0006_0071.uasset" 6815
"../../../Engine/Content/EngineMaterials/Substrate/Glints2/dict_0006_0074.uasset" 6816
"../../../Engine/Content/EngineMaterials/Substrate/Glints2/dict_0006_0069.uasset" 6817
"/Engine/EngineMaterials/Substrate/Glints2/dict_0006_0078" 6818
"/Engine/EngineMaterials/Substrate/Glints2/dict_0006_0079" 6819
"/Engine/EngineMaterials/Substrate/Glints2/dict_0006_0080" 6820
"/Engine/EngineMaterials/Substrate/Glints2/dict_0006_0081" 6821
"/Engine/EngineMaterials/Substrate/Glints2/dict_0006_0082" 6822
"/Engine/EngineMaterials/Substrate/Glints2/dict_0006_0083" 6823
"/Engine/EngineMaterials/Substrate/Glints2/dict_0006_0084" 6824
"/Engine/EngineMaterials/Substrate/Glints2/dict_0006_0085" 6825
"/Engine/EngineMaterials/Substrate/Glints2/dict_0006_0086" 6826
"/Engine/EngineMaterials/Substrate/Glints2/dict_0006_0087" 6827
"/Engine/EngineMaterials/Substrate/Glints2/dict_0006_0088" 6828
"/Engine/EngineMaterials/Substrate/Glints2/dict_0006_0089" 6829
"/Engine/EngineMaterials/Substrate/Glints2/dict_0006_0090" 6830
"/Engine/EngineMaterials/Substrate/Glints2/dict_0006_0091" 6831
"/Engine/EngineMaterials/Substrate/Glints2/dict_0006_0092" 6832
"/Engine/EngineMaterials/Substrate/Glints2/dict_0006_0093" 6833
"/Engine/EngineMaterials/Substrate/Glints2/dict_0006_0094" 6834
"/Engine/EngineMaterials/Substrate/Glints2/dict_0006_0095" 6835
"/Engine/EngineMaterials/Substrate/Glints2/dict_0006_0096" 6836
"/Engine/EngineMaterials/Substrate/Glints2/dict_0006_0097" 6837
"/Engine/EngineMaterials/Substrate/Glints2/dict_0006_0098" 6838
"/Engine/EngineMaterials/Substrate/Glints2/dict_0006_0099" 6839
"/Engine/EngineMaterials/Substrate/Glints2/dict_0006_0100" 6840
"../../../Engine/Content/EngineMaterials/Substrate/Glints2/dict_0006_0068.uasset" 6841
"../../../Engine/Content/EngineMaterials/Substrate/Glints2/dict_0006_0067.uasset" 6842
"../../../Engine/Content/EngineMaterials/Substrate/Glints2/dict_0006_0065.uasset" 6843
"../../../Engine/Content/EngineMaterials/Substrate/Glints2/dict_0006_0063.uasset" 6844
"../../../Engine/Content/EngineMaterials/Substrate/Glints2/dict_0006_0062.uasset" 6845
"../../../Engine/Content/EngineMaterials/Substrate/Glints2/dict_0006_0061.uasset" 6846
"../../../Engine/Content/EngineMaterials/Substrate/Glints2/dict_0006_0064.uasset" 6847
"../../../Engine/Content/EngineMaterials/Substrate/Glints2/dict_0006_0058.uasset" 6848
"../../../Engine/Content/EngineMaterials/Substrate/Glints2/dict_0006_0056.uasset" 6849
"../../../Engine/Content/EngineMaterials/Substrate/Glints2/dict_0006_0057.uasset" 6850
"../../../Engine/Content/EngineMaterials/Substrate/Glints2/dict_0006_0060.uasset" 6851
"../../../Engine/Content/EngineMaterials/Substrate/Glints2/dict_0006_0059.uasset" 6852
"../../../Engine/Content/EngineMaterials/Substrate/Glints2/dict_0006_0050.uasset" 6853
"../../../Engine/Content/EngineMaterials/Substrate/Glints2/dict_0006_0052.uasset" 6854
"../../../Engine/Content/EngineMaterials/Substrate/Glints2/dict_0006_0066.uasset" 6855
"/Engine/EngineMaterials/Substrate/Glints2/dict_0006_0069" 6856
"../../../Engine/Content/EngineMaterials/Substrate/Glints2/dict_0006_0053.uasset" 6857
"../../../Engine/Content/EngineMaterials/Substrate/Glints2/dict_0006_0046.uasset" 6858
"../../../Engine/Content/EngineMaterials/Substrate/Glints2/dict_0006_0045.uasset" 6859
"../../../Engine/Content/EngineMaterials/Substrate/Glints2/dict_0006_0051.uasset" 6860
"../../../Engine/Content/EngineMaterials/Substrate/Glints2/dict_0006_0054.uasset" 6861
"../../../Engine/Content/EngineMaterials/Substrate/Glints2/dict_0006_0048.uasset" 6862
"../../../Engine/Content/EngineMaterials/Substrate/Glints2/dict_0006_0047.uasset" 6863
"../../../Engine/Content/EngineMaterials/Substrate/Glints2/dict_0006_0055.uasset" 6864
"../../../Engine/Content/EngineMaterials/Substrate/Glints2/dict_0006_0049.uasset" 6865
"/Engine/EngineMaterials/Substrate/Glints2/dict_0006_0070" 6866
"/Engine/EngineMaterials/Substrate/Glints2/dict_0006_0071" 6867
"/Engine/EngineMaterials/Substrate/Glints2/dict_0006_0072" 6868
"/Engine/EngineMaterials/Substrate/Glints2/dict_0006_0073" 6869
"/Engine/EngineMaterials/Substrate/Glints2/dict_0006_0062" 6870
"/Engine/EngineMaterials/Substrate/Glints2/dict_0006_0063" 6871
"/Engine/EngineMaterials/Substrate/Glints2/dict_0006_0074" 6872
"/Engine/EngineMaterials/Substrate/Glints2/dict_0006_0075" 6873
"/Engine/EngineMaterials/Substrate/Glints2/dict_0006_0065" 6874
"/Engine/EngineMaterials/Substrate/Glints2/dict_0006_0067" 6875
"/Engine/EngineMaterials/Substrate/Glints2/dict_0006_0076" 6876
"/Engine/EngineMaterials/Substrate/Glints2/dict_0006_0068" 6877
"../../../Engine/Content/EngineMaterials/Substrate/Glints2/dict_0006_0043.uasset" 6878
"../../../Engine/Content/EngineMaterials/Substrate/Glints2/dict_0006_0042.uasset" 6879
"../../../Engine/Content/EngineMaterials/Substrate/Glints2/dict_0006_0044.uasset" 6880
"../../../Engine/Content/EngineMaterials/Substrate/Glints2/dict_0006_0039.uasset" 6881
"../../../Engine/Content/EngineMaterials/Substrate/Glints2/dict_0006_0038.uasset" 6882
"../../../Engine/Content/EngineMaterials/Substrate/Glints2/dict_0006_0037.uasset" 6883
"../../../Engine/Content/EngineMaterials/Substrate/Glints2/dict_0006_0041.uasset" 6884
"../../../Engine/Content/EngineMaterials/Substrate/Glints2/dict_0006_0033.uasset" 6885
"../../../Engine/Content/EngineMaterials/Substrate/Glints2/dict_0006_0040.uasset" 6886
"../../../Engine/Content/EngineMaterials/Substrate/Glints2/dict_0006_0036.uasset" 6887
"/Engine/EngineMaterials/Substrate/Glints2/dict_0006_0045" 6888
"../../../Engine/Content/EngineMaterials/Substrate/Glints2/dict_0006_0034.uasset" 6889
"../../../Engine/Content/EngineMaterials/Substrate/Glints2/dict_0006_0032.uasset" 6890
"../../../Engine/Content/EngineMaterials/Substrate/Glints2/dict_0006_0035.uasset" 6891
"/Engine/EngineMaterials/Substrate/Glints2/dict_0006_0046" 6892
"/Engine/EngineMaterials/Substrate/Glints2/dict_0006_0047" 6893
"/Engine/EngineMaterials/Substrate/Glints2/dict_0006_0048" 6894
"/Engine/EngineMaterials/Substrate/Glints2/dict_0006_0049" 6895
"/Engine/EngineMaterials/Substrate/Glints2/dict_0006_0050" 6896
"/Engine/EngineMaterials/Substrate/Glints2/dict_0006_0051" 6897
"/Engine/EngineMaterials/Substrate/Glints2/dict_0006_0052" 6898
"/Engine/EngineMaterials/Substrate/Glints2/dict_0006_0053" 6899
"/Engine/EngineMaterials/Substrate/Glints2/dict_0006_0054" 6900
"/Engine/EngineMaterials/Substrate/Glints2/dict_0006_0055" 6901
"/Engine/EngineMaterials/Substrate/Glints2/dict_0006_0056" 6902
"/Engine/EngineMaterials/Substrate/Glints2/dict_0006_0057" 6903
"/Engine/EngineMaterials/Substrate/Glints2/dict_0006_0058" 6904
"/Engine/EngineMaterials/Substrate/Glints2/dict_0006_0059" 6905
"/Engine/EngineMaterials/Substrate/Glints2/dict_0006_0060" 6906
"/Engine/EngineMaterials/Substrate/Glints2/dict_0006_0061" 6907
"/Engine/EngineMaterials/Substrate/Glints2/dict_0006_0064" 6908
"/Engine/EngineMaterials/Substrate/Glints2/dict_0006_0066" 6909
"/Engine/EngineMaterials/Substrate/Glints2/dict_0006_0043" 6910
"/Engine/EngineMaterials/Substrate/Glints2/dict_0006_0044" 6911
"../../../Engine/Content/EngineMaterials/Substrate/Glints2/dict_0006_0031.uasset" 6912
"../../../Engine/Content/EngineMaterials/Substrate/Glints2/dict_0006_0029.uasset" 6913
"../../../Engine/Content/EngineMaterials/Substrate/Glints2/dict_0006_0028.uasset" 6914
"../../../Engine/Content/EngineMaterials/Substrate/Glints2/dict_0006_0030.uasset" 6915
"../../../Engine/Content/EngineMaterials/Substrate/Glints2/dict_0006_0026.uasset" 6916
"../../../Engine/Content/EngineMaterials/Substrate/Glints2/dict_0006_0025.uasset" 6917
"../../../Engine/Content/EngineMaterials/Substrate/Glints2/dict_0006_0023.uasset" 6918
"../../../Engine/Content/EngineMaterials/Substrate/Glints2/dict_0006_0024.uasset" 6919
"../../../Engine/Content/EngineMaterials/Substrate/Glints2/dict_0006_0020.uasset" 6920
"../../../Engine/Content/EngineMaterials/Substrate/Glints2/dict_0006_0019.uasset" 6921
"../../../Engine/Content/EngineMaterials/Substrate/Glints2/dict_0006_0018.uasset" 6922
"../../../Engine/Content/EngineMaterials/Substrate/Glints2/dict_0006_0027.uasset" 6923
"../../../Engine/Content/EngineMaterials/Substrate/Glints2/dict_0006_0015.uasset" 6924
"../../../Engine/Content/EngineMaterials/Substrate/Glints2/dict_0006_0013.uasset" 6925
"../../../Engine/Content/EngineMaterials/Substrate/Glints2/dict_0006_0012.uasset" 6926
"../../../Engine/Content/EngineMaterials/Substrate/Glints2/dict_0006_0016.uasset" 6927
"../../../Engine/Content/EngineMaterials/Substrate/Glints2/dict_0006_0021.uasset" 6928
"../../../Engine/Content/EngineMaterials/Substrate/Glints2/dict_0006_0022.uasset" 6929
"../../../Engine/Content/EngineMaterials/Substrate/Glints2/dict_0006_0017.uasset" 6930
"../../../Engine/Content/EngineMaterials/Substrate/Glints2/dict_0006_0011.uasset" 6931
"../../../Engine/Content/EngineMaterials/Substrate/Glints2/dict_0006_0014.uasset" 6932
"/Engine/EngineMaterials/Substrate/Glints2/dict_0006_0032" 6933
"/Engine/EngineMaterials/Substrate/Glints2/dict_0006_0033" 6934
"/Engine/EngineMaterials/Substrate/Glints2/dict_0006_0034" 6935
"/Engine/EngineMaterials/Substrate/Glints2/dict_0006_0035" 6936
"/Engine/EngineMaterials/Substrate/Glints2/dict_0006_0036" 6937
"/Engine/EngineMaterials/Substrate/Glints2/dict_0006_0037" 6938
"/Engine/EngineMaterials/Substrate/Glints2/dict_0006_0038" 6939
"/Engine/EngineMaterials/Substrate/Glints2/dict_0006_0039" 6940
"/Engine/EngineMaterials/Substrate/Glints2/dict_0006_0040" 6941
"/Engine/EngineMaterials/Substrate/Glints2/dict_0006_0028" 6942
"/Engine/EngineMaterials/Substrate/Glints2/dict_0006_0041" 6943
"/Engine/EngineMaterials/Substrate/Glints2/dict_0006_0029" 6944
"/Engine/EngineMaterials/Substrate/Glints2/dict_0006_0042" 6945
"/Engine/EngineMaterials/Substrate/Glints2/dict_0006_0030" 6946
"/Engine/EngineMaterials/Substrate/Glints2/dict_0006_0031" 6947
"../../../Engine/Content/EngineMaterials/Substrate/Glints2/dict_0006_0010.uasset" 6948
"../../../Engine/Content/EngineMaterials/Substrate/Glints2/dict_0006_0009.uasset" 6949
"../../../Engine/Content/EngineMaterials/Substrate/Glints2/dict_0006_0008.uasset" 6950
"../../../Engine/Content/EngineMaterials/Substrate/Glints2/dict_0006_0006.uasset" 6951
"../../../Engine/Content/EngineMaterials/Substrate/Glints2/dict_0006_0007.uasset" 6952
"../../../Engine/Content/EngineMaterials/Substrate/Glints2/dict_0006_0005.uasset" 6953
"../../../Engine/Content/EngineMaterials/Substrate/Glints2/dict_0006_0004.uasset" 6954
"../../../Engine/Content/EngineMaterials/Substrate/Glints2/dict_0006_0002.uasset" 6955
"../../../Engine/Content/EngineMaterials/Substrate/Glints2/dict_0005_0254.uasset" 6956
"../../../Engine/Content/EngineMaterials/Substrate/Glints2/dict_0005_0255.uasset" 6957
"../../../Engine/Content/EngineMaterials/Substrate/Glints2/dict_0006_0001.uasset" 6958
"../../../Engine/Content/EngineMaterials/Substrate/Glints2/dict_0006_0000.uasset" 6959
"/Engine/EngineMaterials/Substrate/Glints2/dict_0006_0011" 6960
"../../../Engine/Content/EngineMaterials/Substrate/Glints2/dict_0005_0252.uasset" 6961
"../../../Engine/Content/EngineMaterials/Substrate/Glints2/dict_0006_0003.uasset" 6962
"../../../Engine/Content/EngineMaterials/Substrate/Glints2/dict_0005_0253.uasset" 6963
"/Engine/EngineMaterials/Substrate/Glints2/dict_0006_0012" 6964
"/Engine/EngineMaterials/Substrate/Glints2/dict_0006_0013" 6965
"/Engine/EngineMaterials/Substrate/Glints2/dict_0006_0014" 6966
"/Engine/EngineMaterials/Substrate/Glints2/dict_0006_0015" 6967
"/Engine/EngineMaterials/Substrate/Glints2/dict_0006_0016" 6968
"/Engine/EngineMaterials/Substrate/Glints2/dict_0006_0017" 6969
"/Engine/EngineMaterials/Substrate/Glints2/dict_0006_0018" 6970
"/Engine/EngineMaterials/Substrate/Glints2/dict_0006_0019" 6971
"/Engine/EngineMaterials/Substrate/Glints2/dict_0006_0020" 6972
"/Engine/EngineMaterials/Substrate/Glints2/dict_0006_0021" 6973
"/Engine/EngineMaterials/Substrate/Glints2/dict_0006_0022" 6974
"/Engine/EngineMaterials/Substrate/Glints2/dict_0006_0023" 6975
"/Engine/EngineMaterials/Substrate/Glints2/dict_0006_0024" 6976
"/Engine/EngineMaterials/Substrate/Glints2/dict_0006_0025" 6977
"/Engine/EngineMaterials/Substrate/Glints2/dict_0006_0026" 6978
"/Engine/EngineMaterials/Substrate/Glints2/dict_0006_0027" 6979
"/Engine/EngineMaterials/Substrate/Glints2/dict_0006_0005" 6980
"/Engine/EngineMaterials/Substrate/Glints2/dict_0006_0006" 6981
"/Engine/EngineMaterials/Substrate/Glints2/dict_0006_0007" 6982
"/Engine/EngineMaterials/Substrate/Glints2/dict_0006_0008" 6983
"/Engine/EngineMaterials/Substrate/Glints2/dict_0006_0009" 6984
"/Engine/EngineMaterials/Substrate/Glints2/dict_0006_0010" 6985
"../../../Engine/Content/EngineMaterials/Substrate/Glints2/dict_0005_0248.uasset" 6986
"../../../Engine/Content/EngineMaterials/Substrate/Glints2/dict_0005_0251.uasset" 6987
"../../../Engine/Content/EngineMaterials/Substrate/Glints2/dict_0005_0247.uasset" 6988
"../../../Engine/Content/EngineMaterials/Substrate/Glints2/dict_0005_0244.uasset" 6989
"../../../Engine/Content/EngineMaterials/Substrate/Glints2/dict_0005_0246.uasset" 6990
"../../../Engine/Content/EngineMaterials/Substrate/Glints2/dict_0005_0243.uasset" 6991
"../../../Engine/Content/EngineMaterials/Substrate/Glints2/dict_0005_0240.uasset" 6992
"../../../Engine/Content/EngineMaterials/Substrate/Glints2/dict_0005_0250.uasset" 6993
"../../../Engine/Content/EngineMaterials/Substrate/Glints2/dict_0005_0238.uasset" 6994
"../../../Engine/Content/EngineMaterials/Substrate/Glints2/dict_0005_0239.uasset" 6995
"../../../Engine/Content/EngineMaterials/Substrate/Glints2/dict_0005_0237.uasset" 6996
"../../../Engine/Content/EngineMaterials/Substrate/Glints2/dict_0005_0236.uasset" 6997
"/Engine/EngineMaterials/Substrate/Glints2/dict_0005_0252" 6998
"../../../Engine/Content/EngineMaterials/Substrate/Glints2/dict_0005_0234.uasset" 6999
"../../../Engine/Content/EngineMaterials/Substrate/Glints2/dict_0005_0245.uasset" 7000
"../../../Engine/Content/EngineMaterials/Substrate/Glints2/dict_0005_0242.uasset" 7001
"../../../Engine/Content/EngineMaterials/Substrate/Glints2/dict_0005_0235.uasset" 7002
"../../../Engine/Content/EngineMaterials/Substrate/Glints2/dict_0005_0233.uasset" 7003
"../../../Engine/Content/EngineMaterials/Substrate/Glints2/dict_0005_0232.uasset" 7004
"../../../Engine/Content/EngineMaterials/Substrate/Glints2/dict_0005_0231.uasset" 7005
"../../../Engine/Content/EngineMaterials/Substrate/Glints2/dict_0005_0241.uasset" 7006
"../../../Engine/Content/EngineMaterials/Substrate/Glints2/dict_0005_0229.uasset" 7007
"../../../Engine/Content/EngineMaterials/Substrate/Glints2/dict_0005_0249.uasset" 7008
"../../../Engine/Content/EngineMaterials/Substrate/Glints2/dict_0005_0230.uasset" 7009
"/Engine/EngineMaterials/Substrate/Glints2/dict_0005_0253" 7010
"/Engine/EngineMaterials/Substrate/Glints2/dict_0005_0254" 7011
"/Engine/EngineMaterials/Substrate/Glints2/dict_0005_0255" 7012
"/Engine/EngineMaterials/Substrate/Glints2/dict_0006_0000" 7013
"/Engine/EngineMaterials/Substrate/Glints2/dict_0006_0001" 7014
"/Engine/EngineMaterials/Substrate/Glints2/dict_0006_0002" 7015
"/Engine/EngineMaterials/Substrate/Glints2/dict_0006_0003" 7016
"/Engine/EngineMaterials/Substrate/Glints2/dict_0006_0004" 7017
"/Engine/EngineMaterials/Substrate/Glints2/dict_0005_0248" 7018
"/Engine/EngineMaterials/Substrate/Glints2/dict_0005_0251" 7019
"../../../Engine/Content/EngineMaterials/Substrate/Glints2/dict_0005_0227.uasset" 7020
"../../../Engine/Content/EngineMaterials/Substrate/Glints2/dict_0005_0224.uasset" 7021
"../../../Engine/Content/EngineMaterials/Substrate/Glints2/dict_0005_0222.uasset" 7022
"../../../Engine/Content/EngineMaterials/Substrate/Glints2/dict_0005_0228.uasset" 7023
"../../../Engine/Content/EngineMaterials/Substrate/Glints2/dict_0005_0220.uasset" 7024
"../../../Engine/Content/EngineMaterials/Substrate/Glints2/dict_0005_0226.uasset" 7025
"../../../Engine/Content/EngineMaterials/Substrate/Glints2/dict_0005_0219.uasset" 7026
"../../../Engine/Content/EngineMaterials/Substrate/Glints2/dict_0005_0223.uasset" 7027
"../../../Engine/Content/EngineMaterials/Substrate/Glints2/dict_0005_0225.uasset" 7028
"../../../Engine/Content/EngineMaterials/Substrate/Glints2/dict_0005_0221.uasset" 7029
"../../../Engine/Content/EngineMaterials/Substrate/Glints2/dict_0005_0218.uasset" 7030
"/Engine/EngineMaterials/Substrate/Glints2/dict_0005_0229" 7031
"/Engine/EngineMaterials/Substrate/Glints2/dict_0005_0230" 7032
"/Engine/EngineMaterials/Substrate/Glints2/dict_0005_0231" 7033
"/Engine/EngineMaterials/Substrate/Glints2/dict_0005_0232" 7034
"/Engine/EngineMaterials/Substrate/Glints2/dict_0005_0233" 7035
"/Engine/EngineMaterials/Substrate/Glints2/dict_0005_0234" 7036
"/Engine/EngineMaterials/Substrate/Glints2/dict_0005_0235" 7037
"/Engine/EngineMaterials/Substrate/Glints2/dict_0005_0236" 7038
"/Engine/EngineMaterials/Substrate/Glints2/dict_0005_0237" 7039
"/Engine/EngineMaterials/Substrate/Glints2/dict_0005_0238" 7040
"/Engine/EngineMaterials/Substrate/Glints2/dict_0005_0239" 7041
"/Engine/EngineMaterials/Substrate/Glints2/dict_0005_0240" 7042
"/Engine/EngineMaterials/Substrate/Glints2/dict_0005_0241" 7043
"/Engine/EngineMaterials/Substrate/Glints2/dict_0005_0242" 7044
"/Engine/EngineMaterials/Substrate/Glints2/dict_0005_0243" 7045
"/Engine/EngineMaterials/Substrate/Glints2/dict_0005_0244" 7046
"/Engine/EngineMaterials/Substrate/Glints2/dict_0005_0245" 7047
"/Engine/EngineMaterials/Substrate/Glints2/dict_0005_0246" 7048
"/Engine/EngineMaterials/Substrate/Glints2/dict_0005_0247" 7049
"/Engine/EngineMaterials/Substrate/Glints2/dict_0005_0249" 7050
"/Engine/EngineMaterials/Substrate/Glints2/dict_0005_0250" 7051
"../../../Engine/Content/EngineMaterials/Substrate/Glints2/dict_0005_0214.uasset" 7052
"../../../Engine/Content/EngineMaterials/Substrate/Glints2/dict_0005_0216.uasset" 7053
"../../../Engine/Content/EngineMaterials/Substrate/Glints2/dict_0005_0210.uasset" 7054
"../../../Engine/Content/EngineMaterials/Substrate/Glints2/dict_0005_0217.uasset" 7055
"../../../Engine/Content/EngineMaterials/Substrate/Glints2/dict_0005_0208.uasset" 7056
"../../../Engine/Content/EngineMaterials/Substrate/Glints2/dict_0005_0209.uasset" 7057
"../../../Engine/Content/EngineMaterials/Substrate/Glints2/dict_0005_0215.uasset" 7058
"../../../Engine/Content/EngineMaterials/Substrate/Glints2/dict_0005_0207.uasset" 7059
"../../../Engine/Content/EngineMaterials/Substrate/Glints2/dict_0005_0204.uasset" 7060
"../../../Engine/Content/EngineMaterials/Substrate/Glints2/dict_0005_0203.uasset" 7061
"../../../Engine/Content/EngineMaterials/Substrate/Glints2/dict_0005_0201.uasset" 7062
"../../../Engine/Content/EngineMaterials/Substrate/Glints2/dict_0005_0202.uasset" 7063
"../../../Engine/Content/EngineMaterials/Substrate/Glints2/dict_0005_0199.uasset" 7064
"../../../Engine/Content/EngineMaterials/Substrate/Glints2/dict_0005_0198.uasset" 7065
"../../../Engine/Content/EngineMaterials/Substrate/Glints2/dict_0005_0211.uasset" 7066
"../../../Engine/Content/EngineMaterials/Substrate/Glints2/dict_0005_0205.uasset" 7067
"../../../Engine/Content/EngineMaterials/Substrate/Glints2/dict_0005_0197.uasset" 7068
"../../../Engine/Content/EngineMaterials/Substrate/Glints2/dict_0005_0213.uasset" 7069
"/Engine/EngineMaterials/Substrate/Glints2/dict_0005_0218" 7070
"../../../Engine/Content/EngineMaterials/Substrate/Glints2/dict_0005_0206.uasset" 7071
"../../../Engine/Content/EngineMaterials/Substrate/Glints2/dict_0005_0200.uasset" 7072
"../../../Engine/Content/EngineMaterials/Substrate/Glints2/dict_0005_0212.uasset" 7073
"/Engine/EngineMaterials/Substrate/Glints2/dict_0005_0219" 7074
"/Engine/EngineMaterials/Substrate/Glints2/dict_0005_0220" 7075
"/Engine/EngineMaterials/Substrate/Glints2/dict_0005_0221" 7076
"/Engine/EngineMaterials/Substrate/Glints2/dict_0005_0222" 7077
"/Engine/EngineMaterials/Substrate/Glints2/dict_0005_0223" 7078
"/Engine/EngineMaterials/Substrate/Glints2/dict_0005_0224" 7079
"/Engine/EngineMaterials/Substrate/Glints2/dict_0005_0225" 7080
"/Engine/EngineMaterials/Substrate/Glints2/dict_0005_0226" 7081
"/Engine/EngineMaterials/Substrate/Glints2/dict_0005_0214" 7082
"/Engine/EngineMaterials/Substrate/Glints2/dict_0005_0227" 7083
"/Engine/EngineMaterials/Substrate/Glints2/dict_0005_0216" 7084
"/Engine/EngineMaterials/Substrate/Glints2/dict_0005_0217" 7085
"/Engine/EngineMaterials/Substrate/Glints2/dict_0005_0228" 7086
"../../../Engine/Content/EngineMaterials/Substrate/Glints2/dict_0005_0196.uasset" 7087
"../../../Engine/Content/EngineMaterials/Substrate/Glints2/dict_0005_0195.uasset" 7088
"../../../Engine/Content/EngineMaterials/Substrate/Glints2/dict_0005_0193.uasset" 7089
"../../../Engine/Content/EngineMaterials/Substrate/Glints2/dict_0005_0194.uasset" 7090
"../../../Engine/Content/EngineMaterials/Substrate/Glints2/dict_0005_0189.uasset" 7091
"../../../Engine/Content/EngineMaterials/Substrate/Glints2/dict_0005_0187.uasset" 7092
"../../../Engine/Content/EngineMaterials/Substrate/Glints2/dict_0005_0188.uasset" 7093
"../../../Engine/Content/EngineMaterials/Substrate/Glints2/dict_0005_0184.uasset" 7094
"../../../Engine/Content/EngineMaterials/Substrate/Glints2/dict_0005_0190.uasset" 7095
"../../../Engine/Content/EngineMaterials/Substrate/Glints2/dict_0005_0185.uasset" 7096
"../../../Engine/Content/EngineMaterials/Substrate/Glints2/dict_0005_0186.uasset" 7097
"/Engine/EngineMaterials/Substrate/Glints2/dict_0005_0197" 7098
"../../../Engine/Content/EngineMaterials/Substrate/Glints2/dict_0005_0191.uasset" 7099
"../../../Engine/Content/EngineMaterials/Substrate/Glints2/dict_0005_0192.uasset" 7100
"../../../Engine/Content/EngineMaterials/Substrate/Glints2/dict_0005_0183.uasset" 7101
"/Engine/EngineMaterials/Substrate/Glints2/dict_0005_0198" 7102
"/Engine/EngineMaterials/Substrate/Glints2/dict_0005_0199" 7103
"/Engine/EngineMaterials/Substrate/Glints2/dict_0005_0200" 7104
"/Engine/EngineMaterials/Substrate/Glints2/dict_0005_0201" 7105
"/Engine/EngineMaterials/Substrate/Glints2/dict_0005_0202" 7106
"/Engine/EngineMaterials/Substrate/Glints2/dict_0005_0203" 7107
"/Engine/EngineMaterials/Substrate/Glints2/dict_0005_0204" 7108
"/Engine/EngineMaterials/Substrate/Glints2/dict_0005_0205" 7109
"/Engine/EngineMaterials/Substrate/Glints2/dict_0005_0206" 7110
"/Engine/EngineMaterials/Substrate/Glints2/dict_0005_0207" 7111
"/Engine/EngineMaterials/Substrate/Glints2/dict_0005_0208" 7112
"/Engine/EngineMaterials/Substrate/Glints2/dict_0005_0209" 7113
"/Engine/EngineMaterials/Substrate/Glints2/dict_0005_0210" 7114
"/Engine/EngineMaterials/Substrate/Glints2/dict_0005_0211" 7115
"/Engine/EngineMaterials/Substrate/Glints2/dict_0005_0212" 7116
"/Engine/EngineMaterials/Substrate/Glints2/dict_0005_0213" 7117
"/Engine/EngineMaterials/Substrate/Glints2/dict_0005_0215" 7118
"/Engine/EngineMaterials/Substrate/Glints2/dict_0005_0193" 7119
"/Engine/EngineMaterials/Substrate/Glints2/dict_0005_0194" 7120
"/Engine/EngineMaterials/Substrate/Glints2/dict_0005_0195" 7121
"/Engine/EngineMaterials/Substrate/Glints2/dict_0005_0196" 7122
"../../../Engine/Content/EngineMaterials/Substrate/Glints2/dict_0005_0181.uasset" 7123
"../../../Engine/Content/EngineMaterials/Substrate/Glints2/dict_0005_0180.uasset" 7124
"../../../Engine/Content/EngineMaterials/Substrate/Glints2/dict_0005_0182.uasset" 7125
"../../../Engine/Content/EngineMaterials/Substrate/Glints2/dict_0005_0175.uasset" 7126
"../../../Engine/Content/EngineMaterials/Substrate/Glints2/dict_0005_0177.uasset" 7127
"../../../Engine/Content/EngineMaterials/Substrate/Glints2/dict_0005_0171.uasset" 7128
"../../../Engine/Content/EngineMaterials/Substrate/Glints2/dict_0005_0176.uasset" 7129
"../../../Engine/Content/EngineMaterials/Substrate/Glints2/dict_0005_0169.uasset" 7130
"../../../Engine/Content/EngineMaterials/Substrate/Glints2/dict_0005_0167.uasset" 7131
"../../../Engine/Content/EngineMaterials/Substrate/Glints2/dict_0005_0166.uasset" 7132
"../../../Engine/Content/EngineMaterials/Substrate/Glints2/dict_0005_0165.uasset" 7133
"../../../Engine/Content/EngineMaterials/Substrate/Glints2/dict_0005_0179.uasset" 7134
"../../../Engine/Content/EngineMaterials/Substrate/Glints2/dict_0005_0178.uasset" 7135
"../../../Engine/Content/EngineMaterials/Substrate/Glints2/dict_0005_0173.uasset" 7136
"../../../Engine/Content/EngineMaterials/Substrate/Glints2/dict_0005_0168.uasset" 7137
"../../../Engine/Content/EngineMaterials/Substrate/Glints2/dict_0005_0174.uasset" 7138
"../../../Engine/Content/EngineMaterials/Substrate/Glints2/dict_0005_0170.uasset" 7139
"../../../Engine/Content/EngineMaterials/Substrate/Glints2/dict_0005_0164.uasset" 7140
"/Engine/EngineMaterials/Substrate/Glints2/dict_0005_0183" 7141
"../../../Engine/Content/EngineMaterials/Substrate/Glints2/dict_0005_0172.uasset" 7142
"../../../Engine/Content/EngineMaterials/Substrate/Glints2/dict_0005_0161.uasset" 7143
"../../../Engine/Content/EngineMaterials/Substrate/Glints2/dict_0005_0163.uasset" 7144
"../../../Engine/Content/EngineMaterials/Substrate/Glints2/dict_0005_0162.uasset" 7145
"/Engine/EngineMaterials/Substrate/Glints2/dict_0005_0184" 7146
"/Engine/EngineMaterials/Substrate/Glints2/dict_0005_0185" 7147
"/Engine/EngineMaterials/Substrate/Glints2/dict_0005_0186" 7148
"/Engine/EngineMaterials/Substrate/Glints2/dict_0005_0187" 7149
"/Engine/EngineMaterials/Substrate/Glints2/dict_0005_0188" 7150
"/Engine/EngineMaterials/Substrate/Glints2/dict_0005_0189" 7151
"/Engine/EngineMaterials/Substrate/Glints2/dict_0005_0190" 7152
"/Engine/EngineMaterials/Substrate/Glints2/dict_0005_0191" 7153
"/Engine/EngineMaterials/Substrate/Glints2/dict_0005_0192" 7154
"/Engine/EngineMaterials/Substrate/Glints2/dict_0005_0180" 7155
"/Engine/EngineMaterials/Substrate/Glints2/dict_0005_0181" 7156
"/Engine/EngineMaterials/Substrate/Glints2/dict_0005_0182" 7157
"../../../Engine/Content/EngineMaterials/Substrate/Glints2/dict_0005_0159.uasset" 7158
"../../../Engine/Content/EngineMaterials/Substrate/Glints2/dict_0005_0158.uasset" 7159
"../../../Engine/Content/EngineMaterials/Substrate/Glints2/dict_0005_0160.uasset" 7160
"../../../Engine/Content/EngineMaterials/Substrate/Glints2/dict_0005_0154.uasset" 7161
"../../../Engine/Content/EngineMaterials/Substrate/Glints2/dict_0005_0149.uasset" 7162
"../../../Engine/Content/EngineMaterials/Substrate/Glints2/dict_0005_0157.uasset" 7163
"../../../Engine/Content/EngineMaterials/Substrate/Glints2/dict_0005_0153.uasset" 7164
"/Engine/EngineMaterials/Substrate/Glints2/dict_0005_0161" 7165
"../../../Engine/Content/EngineMaterials/Substrate/Glints2/dict_0005_0156.uasset" 7166
"../../../Engine/Content/EngineMaterials/Substrate/Glints2/dict_0005_0152.uasset" 7167
"../../../Engine/Content/EngineMaterials/Substrate/Glints2/dict_0005_0151.uasset" 7168
"../../../Engine/Content/EngineMaterials/Substrate/Glints2/dict_0005_0150.uasset" 7169
"../../../Engine/Content/EngineMaterials/Substrate/Glints2/dict_0005_0155.uasset" 7170
"../../../Engine/Content/EngineMaterials/Substrate/Glints2/dict_0005_0148.uasset" 7171
"/Engine/EngineMaterials/Substrate/Glints2/dict_0005_0162" 7172
"/Engine/EngineMaterials/Substrate/Glints2/dict_0005_0163" 7173
"/Engine/EngineMaterials/Substrate/Glints2/dict_0005_0164" 7174
"/Engine/EngineMaterials/Substrate/Glints2/dict_0005_0165" 7175
"/Engine/EngineMaterials/Substrate/Glints2/dict_0005_0166" 7176
"/Engine/EngineMaterials/Substrate/Glints2/dict_0005_0167" 7177
"/Engine/EngineMaterials/Substrate/Glints2/dict_0005_0168" 7178
"/Engine/EngineMaterials/Substrate/Glints2/dict_0005_0169" 7179
"/Engine/EngineMaterials/Substrate/Glints2/dict_0005_0170" 7180
"/Engine/EngineMaterials/Substrate/Glints2/dict_0005_0171" 7181
"/Engine/EngineMaterials/Substrate/Glints2/dict_0005_0172" 7182
"/Engine/EngineMaterials/Substrate/Glints2/dict_0005_0173" 7183
"/Engine/EngineMaterials/Substrate/Glints2/dict_0005_0174" 7184
"/Engine/EngineMaterials/Substrate/Glints2/dict_0005_0175" 7185
"/Engine/EngineMaterials/Substrate/Glints2/dict_0005_0176" 7186
"/Engine/EngineMaterials/Substrate/Glints2/dict_0005_0177" 7187
"/Engine/EngineMaterials/Substrate/Glints2/dict_0005_0178" 7188
"/Engine/EngineMaterials/Substrate/Glints2/dict_0005_0179" 7189
"../../../Engine/Content/EngineMaterials/Substrate/Glints2/dict_0005_0142.uasset" 7190
"../../../Engine/Content/EngineMaterials/Substrate/Glints2/dict_0005_0147.uasset" 7191
"../../../Engine/Content/EngineMaterials/Substrate/Glints2/dict_0005_0140.uasset" 7192
"../../../Engine/Content/EngineMaterials/Substrate/Glints2/dict_0005_0143.uasset" 7193
"../../../Engine/Content/EngineMaterials/Substrate/Glints2/dict_0005_0145.uasset" 7194
"../../../Engine/Content/EngineMaterials/Substrate/Glints2/dict_0005_0137.uasset" 7195
"../../../Engine/Content/EngineMaterials/Substrate/Glints2/dict_0005_0146.uasset" 7196
"../../../Engine/Content/EngineMaterials/Substrate/Glints2/dict_0005_0136.uasset" 7197
"../../../Engine/Content/EngineMaterials/Substrate/Glints2/dict_0005_0134.uasset" 7198
"../../../Engine/Content/EngineMaterials/Substrate/Glints2/dict_0005_0144.uasset" 7199
"../../../Engine/Content/EngineMaterials/Substrate/Glints2/dict_0005_0129.uasset" 7200
"../../../Engine/Content/EngineMaterials/Substrate/Glints2/dict_0005_0135.uasset" 7201
"../../../Engine/Content/EngineMaterials/Substrate/Glints2/dict_0005_0133.uasset" 7202
"../../../Engine/Content/EngineMaterials/Substrate/Glints2/dict_0005_0130.uasset" 7203
"../../../Engine/Content/EngineMaterials/Substrate/Glints2/dict_0005_0131.uasset" 7204
"../../../Engine/Content/EngineMaterials/Substrate/Glints2/dict_0005_0141.uasset" 7205
"../../../Engine/Content/EngineMaterials/Substrate/Glints2/dict_0005_0139.uasset" 7206
"../../../Engine/Content/EngineMaterials/Substrate/Glints2/dict_0005_0138.uasset" 7207
"/Engine/EngineMaterials/Substrate/Glints2/dict_0005_0148" 7208
"../../../Engine/Content/EngineMaterials/Substrate/Glints2/dict_0005_0132.uasset" 7209
"/Engine/EngineMaterials/Substrate/Glints2/dict_0005_0149" 7210
"/Engine/EngineMaterials/Substrate/Glints2/dict_0005_0150" 7211
"/Engine/EngineMaterials/Substrate/Glints2/dict_0005_0151" 7212
"/Engine/EngineMaterials/Substrate/Glints2/dict_0005_0152" 7213
"/Engine/EngineMaterials/Substrate/Glints2/dict_0005_0153" 7214
"/Engine/EngineMaterials/Substrate/Glints2/dict_0005_0154" 7215
"/Engine/EngineMaterials/Substrate/Glints2/dict_0005_0155" 7216
"/Engine/EngineMaterials/Substrate/Glints2/dict_0005_0156" 7217
"/Engine/EngineMaterials/Substrate/Glints2/dict_0005_0157" 7218
"/Engine/EngineMaterials/Substrate/Glints2/dict_0005_0146" 7219
"/Engine/EngineMaterials/Substrate/Glints2/dict_0005_0147" 7220
"/Engine/EngineMaterials/Substrate/Glints2/dict_0005_0158" 7221
"/Engine/EngineMaterials/Substrate/Glints2/dict_0005_0159" 7222
"/Engine/EngineMaterials/Substrate/Glints2/dict_0005_0160" 7223
"../../../Engine/Content/EngineMaterials/Substrate/Glints2/dict_0005_0128.uasset" 7224
"../../../Engine/Content/EngineMaterials/Substrate/Glints2/dict_0005_0126.uasset" 7225
"../../../Engine/Content/EngineMaterials/Substrate/Glints2/dict_0005_0124.uasset" 7226
"../../../Engine/Content/EngineMaterials/Substrate/Glints2/dict_0005_0125.uasset" 7227
"../../../Engine/Content/EngineMaterials/Substrate/Glints2/dict_0005_0121.uasset" 7228
"../../../Engine/Content/EngineMaterials/Substrate/Glints2/dict_0005_0120.uasset" 7229
"../../../Engine/Content/EngineMaterials/Substrate/Glints2/dict_0005_0123.uasset" 7230
"../../../Engine/Content/EngineMaterials/Substrate/Glints2/dict_0005_0115.uasset" 7231
"../../../Engine/Content/EngineMaterials/Substrate/Glints2/dict_0005_0116.uasset" 7232
"../../../Engine/Content/EngineMaterials/Substrate/Glints2/dict_0005_0127.uasset" 7233
"../../../Engine/Content/EngineMaterials/Substrate/Glints2/dict_0005_0119.uasset" 7234
"../../../Engine/Content/EngineMaterials/Substrate/Glints2/dict_0005_0118.uasset" 7235
"../../../Engine/Content/EngineMaterials/Substrate/Glints2/dict_0005_0122.uasset" 7236
"../../../Engine/Content/EngineMaterials/Substrate/Glints2/dict_0005_0117.uasset" 7237
"../../../Engine/Content/EngineMaterials/Substrate/Glints2/dict_0005_0114.uasset" 7238
"/Engine/EngineMaterials/Substrate/Glints2/dict_0005_0129" 7239
"/Engine/EngineMaterials/Substrate/Glints2/dict_0005_0130" 7240
"/Engine/EngineMaterials/Substrate/Glints2/dict_0005_0131" 7241
"/Engine/EngineMaterials/Substrate/Glints2/dict_0005_0132" 7242
"/Engine/EngineMaterials/Substrate/Glints2/dict_0005_0133" 7243
"/Engine/EngineMaterials/Substrate/Glints2/dict_0005_0134" 7244
"/Engine/EngineMaterials/Substrate/Glints2/dict_0005_0135" 7245
"/Engine/EngineMaterials/Substrate/Glints2/dict_0005_0136" 7246
"/Engine/EngineMaterials/Substrate/Glints2/dict_0005_0137" 7247
"/Engine/EngineMaterials/Substrate/Glints2/dict_0005_0138" 7248
"/Engine/EngineMaterials/Substrate/Glints2/dict_0005_0139" 7249
"/Engine/EngineMaterials/Substrate/Glints2/dict_0005_0140" 7250
"/Engine/EngineMaterials/Substrate/Glints2/dict_0005_0141" 7251
"/Engine/EngineMaterials/Substrate/Glints2/dict_0005_0142" 7252
"/Engine/EngineMaterials/Substrate/Glints2/dict_0005_0143" 7253
"/Engine/EngineMaterials/Substrate/Glints2/dict_0005_0144" 7254
"/Engine/EngineMaterials/Substrate/Glints2/dict_0005_0145" 7255
"/Engine/EngineMaterials/Substrate/Glints2/dict_0005_0124" 7256
"/Engine/EngineMaterials/Substrate/Glints2/dict_0005_0125" 7257
"/Engine/EngineMaterials/Substrate/Glints2/dict_0005_0126" 7258
"/Engine/EngineMaterials/Substrate/Glints2/dict_0005_0128" 7259
"../../../Engine/Content/EngineMaterials/Substrate/Glints2/dict_0005_0110.uasset" 7260
"../../../Engine/Content/EngineMaterials/Substrate/Glints2/dict_0005_0113.uasset" 7261
"../../../Engine/Content/EngineMaterials/Substrate/Glints2/dict_0005_0109.uasset" 7262
"../../../Engine/Content/EngineMaterials/Substrate/Glints2/dict_0005_0106.uasset" 7263
"../../../Engine/Content/EngineMaterials/Substrate/Glints2/dict_0005_0107.uasset" 7264
"../../../Engine/Content/EngineMaterials/Substrate/Glints2/dict_0005_0104.uasset" 7265
"../../../Engine/Content/EngineMaterials/Substrate/Glints2/dict_0005_0108.uasset" 7266
"../../../Engine/Content/EngineMaterials/Substrate/Glints2/dict_0005_0111.uasset" 7267
"../../../Engine/Content/EngineMaterials/Substrate/Glints2/dict_0005_0112.uasset" 7268
"../../../Engine/Content/EngineMaterials/Substrate/Glints2/dict_0005_0103.uasset" 7269
"../../../Engine/Content/EngineMaterials/Substrate/Glints2/dict_0005_0098.uasset" 7270
"../../../Engine/Content/EngineMaterials/Substrate/Glints2/dict_0005_0096.uasset" 7271
"../../../Engine/Content/EngineMaterials/Substrate/Glints2/dict_0005_0095.uasset" 7272
"../../../Engine/Content/EngineMaterials/Substrate/Glints2/dict_0005_0093.uasset" 7273
"/Engine/EngineMaterials/Substrate/Glints2/dict_0005_0114" 7274
"../../../Engine/Content/EngineMaterials/Substrate/Glints2/dict_0005_0099.uasset" 7275
"../../../Engine/Content/EngineMaterials/Substrate/Glints2/dict_0005_0097.uasset" 7276
"../../../Engine/Content/EngineMaterials/Substrate/Glints2/dict_0005_0105.uasset" 7277
"../../../Engine/Content/EngineMaterials/Substrate/Glints2/dict_0005_0102.uasset" 7278
"../../../Engine/Content/EngineMaterials/Substrate/Glints2/dict_0005_0094.uasset" 7279
"../../../Engine/Content/EngineMaterials/Substrate/Glints2/dict_0005_0101.uasset" 7280
"../../../Engine/Content/EngineMaterials/Substrate/Glints2/dict_0005_0100.uasset" 7281
"/Engine/EngineMaterials/Substrate/Glints2/dict_0005_0115" 7282
"/Engine/EngineMaterials/Substrate/Glints2/dict_0005_0116" 7283
"/Engine/EngineMaterials/Substrate/Glints2/dict_0005_0117" 7284
"/Engine/EngineMaterials/Substrate/Glints2/dict_0005_0118" 7285
"/Engine/EngineMaterials/Substrate/Glints2/dict_0005_0119" 7286
"/Engine/EngineMaterials/Substrate/Glints2/dict_0005_0120" 7287
"/Engine/EngineMaterials/Substrate/Glints2/dict_0005_0121" 7288
"/Engine/EngineMaterials/Substrate/Glints2/dict_0005_0122" 7289
"/Engine/EngineMaterials/Substrate/Glints2/dict_0005_0123" 7290
"/Engine/EngineMaterials/Substrate/Glints2/dict_0005_0110" 7291
"/Engine/EngineMaterials/Substrate/Glints2/dict_0005_0127" 7292
"/Engine/EngineMaterials/Substrate/Glints2/dict_0005_0113" 7293
"../../../Engine/Content/EngineMaterials/Substrate/Glints2/dict_0005_0092.uasset" 7294
"../../../Engine/Content/EngineMaterials/Substrate/Glints2/dict_0005_0089.uasset" 7295
"../../../Engine/Content/EngineMaterials/Substrate/Glints2/dict_0005_0086.uasset" 7296
"../../../Engine/Content/EngineMaterials/Substrate/Glints2/dict_0005_0085.uasset" 7297
"../../../Engine/Content/EngineMaterials/Substrate/Glints2/dict_0005_0082.uasset" 7298
"../../../Engine/Content/EngineMaterials/Substrate/Glints2/dict_0005_0090.uasset" 7299
"../../../Engine/Content/EngineMaterials/Substrate/Glints2/dict_0005_0087.uasset" 7300
"../../../Engine/Content/EngineMaterials/Substrate/Glints2/dict_0005_0084.uasset" 7301
"../../../Engine/Content/EngineMaterials/Substrate/Glints2/dict_0005_0083.uasset" 7302
"../../../Engine/Content/EngineMaterials/Substrate/Glints2/dict_0005_0088.uasset" 7303
"../../../Engine/Content/EngineMaterials/Substrate/Glints2/dict_0005_0080.uasset" 7304
"../../../Engine/Content/EngineMaterials/Substrate/Glints2/dict_0005_0091.uasset" 7305
"../../../Engine/Content/EngineMaterials/Substrate/Glints2/dict_0005_0081.uasset" 7306
"/Engine/EngineMaterials/Substrate/Glints2/dict_0005_0093" 7307
"/Engine/EngineMaterials/Substrate/Glints2/dict_0005_0094" 7308
"/Engine/EngineMaterials/Substrate/Glints2/dict_0005_0095" 7309
"/Engine/EngineMaterials/Substrate/Glints2/dict_0005_0096" 7310
"/Engine/EngineMaterials/Substrate/Glints2/dict_0005_0097" 7311
"/Engine/EngineMaterials/Substrate/Glints2/dict_0005_0098" 7312
"/Engine/EngineMaterials/Substrate/Glints2/dict_0005_0099" 7313
"/Engine/EngineMaterials/Substrate/Glints2/dict_0005_0100" 7314
"/Engine/EngineMaterials/Substrate/Glints2/dict_0005_0101" 7315
"/Engine/EngineMaterials/Substrate/Glints2/dict_0005_0102" 7316
"/Engine/EngineMaterials/Substrate/Glints2/dict_0005_0103" 7317
"/Engine/EngineMaterials/Substrate/Glints2/dict_0005_0104" 7318
"/Engine/EngineMaterials/Substrate/Glints2/dict_0005_0105" 7319
"/Engine/EngineMaterials/Substrate/Glints2/dict_0005_0106" 7320
"/Engine/EngineMaterials/Substrate/Glints2/dict_0005_0107" 7321
"/Engine/EngineMaterials/Substrate/Glints2/dict_0005_0108" 7322
"/Engine/EngineMaterials/Substrate/Glints2/dict_0005_0109" 7323
"/Engine/EngineMaterials/Substrate/Glints2/dict_0005_0089" 7324
"/Engine/EngineMaterials/Substrate/Glints2/dict_0005_0111" 7325
"/Engine/EngineMaterials/Substrate/Glints2/dict_0005_0112" 7326
"/Engine/EngineMaterials/Substrate/Glints2/dict_0005_0092" 7327
"../../../Engine/Content/EngineMaterials/Substrate/Glints2/dict_0005_0078.uasset" 7328
"../../../Engine/Content/EngineMaterials/Substrate/Glints2/dict_0005_0076.uasset" 7329
"../../../Engine/Content/EngineMaterials/Substrate/Glints2/dict_0005_0077.uasset" 7330
"../../../Engine/Content/EngineMaterials/Substrate/Glints2/dict_0005_0074.uasset" 7331
"../../../Engine/Content/EngineMaterials/Substrate/Glints2/dict_0005_0075.uasset" 7332
"../../../Engine/Content/EngineMaterials/Substrate/Glints2/dict_0005_0070.uasset" 7333
"../../../Engine/Content/EngineMaterials/Substrate/Glints2/dict_0005_0073.uasset" 7334
"../../../Engine/Content/EngineMaterials/Substrate/Glints2/dict_0005_0067.uasset" 7335
"../../../Engine/Content/EngineMaterials/Substrate/Glints2/dict_0005_0066.uasset" 7336
"../../../Engine/Content/EngineMaterials/Substrate/Glints2/dict_0005_0071.uasset" 7337
"../../../Engine/Content/EngineMaterials/Substrate/Glints2/dict_0005_0068.uasset" 7338
"../../../Engine/Content/EngineMaterials/Substrate/Glints2/dict_0005_0064.uasset" 7339
"../../../Engine/Content/EngineMaterials/Substrate/Glints2/dict_0005_0063.uasset" 7340
"../../../Engine/Content/EngineMaterials/Substrate/Glints2/dict_0005_0061.uasset" 7341
"../../../Engine/Content/EngineMaterials/Substrate/Glints2/dict_0005_0072.uasset" 7342
"../../../Engine/Content/EngineMaterials/Substrate/Glints2/dict_0005_0065.uasset" 7343
"../../../Engine/Content/EngineMaterials/Substrate/Glints2/dict_0005_0059.uasset" 7344
"../../../Engine/Content/EngineMaterials/Substrate/Glints2/dict_0005_0062.uasset" 7345
"/Engine/EngineMaterials/Substrate/Glints2/dict_0005_0080" 7346
"../../../Engine/Content/EngineMaterials/Substrate/Glints2/dict_0005_0069.uasset" 7347
"../../../Engine/Content/EngineMaterials/Substrate/Glints2/dict_0005_0060.uasset" 7348
"../../../Engine/Content/EngineMaterials/Substrate/Glints2/dict_0005_0079.uasset" 7349
"/Engine/EngineMaterials/Substrate/Glints2/dict_0005_0081" 7350
"/Engine/EngineMaterials/Substrate/Glints2/dict_0005_0082" 7351
"/Engine/EngineMaterials/Substrate/Glints2/dict_0005_0083" 7352
"/Engine/EngineMaterials/Substrate/Glints2/dict_0005_0084" 7353
"/Engine/EngineMaterials/Substrate/Glints2/dict_0005_0085" 7354
"/Engine/EngineMaterials/Substrate/Glints2/dict_0005_0086" 7355
"/Engine/EngineMaterials/Substrate/Glints2/dict_0005_0087" 7356
"/Engine/EngineMaterials/Substrate/Glints2/dict_0005_0088" 7357
"/Engine/EngineMaterials/Substrate/Glints2/dict_0005_0076" 7358
"/Engine/EngineMaterials/Substrate/Glints2/dict_0005_0090" 7359
"/Engine/EngineMaterials/Substrate/Glints2/dict_0005_0077" 7360
"/Engine/EngineMaterials/Substrate/Glints2/dict_0005_0078" 7361
"/Engine/EngineMaterials/Substrate/Glints2/dict_0005_0091" 7362
"../../../Engine/Content/EngineMaterials/Substrate/Glints2/dict_0005_0056.uasset" 7363
"../../../Engine/Content/EngineMaterials/Substrate/Glints2/dict_0005_0053.uasset" 7364
"../../../Engine/Content/EngineMaterials/Substrate/Glints2/dict_0005_0058.uasset" 7365
"../../../Engine/Content/EngineMaterials/Substrate/Glints2/dict_0005_0051.uasset" 7366
"../../../Engine/Content/EngineMaterials/Substrate/Glints2/dict_0005_0049.uasset" 7367
"../../../Engine/Content/EngineMaterials/Substrate/Glints2/dict_0005_0055.uasset" 7368
"../../../Engine/Content/EngineMaterials/Substrate/Glints2/dict_0005_0046.uasset" 7369
"../../../Engine/Content/EngineMaterials/Substrate/Glints2/dict_0005_0045.uasset" 7370
"../../../Engine/Content/EngineMaterials/Substrate/Glints2/dict_0005_0052.uasset" 7371
"../../../Engine/Content/EngineMaterials/Substrate/Glints2/dict_0005_0050.uasset" 7372
"../../../Engine/Content/EngineMaterials/Substrate/Glints2/dict_0005_0057.uasset" 7373
"../../../Engine/Content/EngineMaterials/Substrate/Glints2/dict_0005_0047.uasset" 7374
"../../../Engine/Content/EngineMaterials/Substrate/Glints2/dict_0005_0048.uasset" 7375
"../../../Engine/Content/EngineMaterials/Substrate/Glints2/dict_0005_0054.uasset" 7376
"/Engine/EngineMaterials/Substrate/Glints2/dict_0005_0059" 7377
"/Engine/EngineMaterials/Substrate/Glints2/dict_0005_0060" 7378
"/Engine/EngineMaterials/Substrate/Glints2/dict_0005_0061" 7379
"/Engine/EngineMaterials/Substrate/Glints2/dict_0005_0062" 7380
"/Engine/EngineMaterials/Substrate/Glints2/dict_0005_0063" 7381
"/Engine/EngineMaterials/Substrate/Glints2/dict_0005_0064" 7382
"/Engine/EngineMaterials/Substrate/Glints2/dict_0005_0065" 7383
"/Engine/EngineMaterials/Substrate/Glints2/dict_0005_0066" 7384
"/Engine/EngineMaterials/Substrate/Glints2/dict_0005_0067" 7385
"/Engine/EngineMaterials/Substrate/Glints2/dict_0005_0068" 7386
"/Engine/EngineMaterials/Substrate/Glints2/dict_0005_0069" 7387
"/Engine/EngineMaterials/Substrate/Glints2/dict_0005_0070" 7388
"/Engine/EngineMaterials/Substrate/Glints2/dict_0005_0071" 7389
"/Engine/EngineMaterials/Substrate/Glints2/dict_0005_0072" 7390
"/Engine/EngineMaterials/Substrate/Glints2/dict_0005_0073" 7391
"/Engine/EngineMaterials/Substrate/Glints2/dict_0005_0074" 7392
"/Engine/EngineMaterials/Substrate/Glints2/dict_0005_0075" 7393
"/Engine/EngineMaterials/Substrate/Glints2/dict_0005_0049" 7394
"/Engine/EngineMaterials/Substrate/Glints2/dict_0005_0051" 7395
"/Engine/EngineMaterials/Substrate/Glints2/dict_0005_0053" 7396
"/Engine/EngineMaterials/Substrate/Glints2/dict_0005_0056" 7397
"/Engine/EngineMaterials/Substrate/Glints2/dict_0005_0058" 7398
"/Engine/EngineMaterials/Substrate/Glints2/dict_0005_0079" 7399
"../../../Engine/Content/EngineMaterials/Substrate/Glints2/dict_0005_0043.uasset" 7400
"../../../Engine/Content/EngineMaterials/Substrate/Glints2/dict_0005_0041.uasset" 7401
"../../../Engine/Content/EngineMaterials/Substrate/Glints2/dict_0005_0042.uasset" 7402
"../../../Engine/Content/EngineMaterials/Substrate/Glints2/dict_0005_0039.uasset" 7403
"../../../Engine/Content/EngineMaterials/Substrate/Glints2/dict_0005_0037.uasset" 7404
"../../../Engine/Content/EngineMaterials/Substrate/Glints2/dict_0005_0034.uasset" 7405
"../../../Engine/Content/EngineMaterials/Substrate/Glints2/dict_0005_0035.uasset" 7406
"../../../Engine/Content/EngineMaterials/Substrate/Glints2/dict_0005_0044.uasset" 7407
"../../../Engine/Content/EngineMaterials/Substrate/Glints2/dict_0005_0032.uasset" 7408
"../../../Engine/Content/EngineMaterials/Substrate/Glints2/dict_0005_0040.uasset" 7409
"../../../Engine/Content/EngineMaterials/Substrate/Glints2/dict_0005_0031.uasset" 7410
"../../../Engine/Content/EngineMaterials/Substrate/Glints2/dict_0005_0036.uasset" 7411
"../../../Engine/Content/EngineMaterials/Substrate/Glints2/dict_0005_0026.uasset" 7412
"../../../Engine/Content/EngineMaterials/Substrate/Glints2/dict_0005_0038.uasset" 7413
"../../../Engine/Content/EngineMaterials/Substrate/Glints2/dict_0005_0033.uasset" 7414
"/Engine/EngineMaterials/Substrate/Glints2/dict_0005_0045" 7415
"../../../Engine/Content/EngineMaterials/Substrate/Glints2/dict_0005_0022.uasset" 7416
"../../../Engine/Content/EngineMaterials/Substrate/Glints2/dict_0005_0028.uasset" 7417
"../../../Engine/Content/EngineMaterials/Substrate/Glints2/dict_0005_0027.uasset" 7418
"../../../Engine/Content/EngineMaterials/Substrate/Glints2/dict_0005_0025.uasset" 7419
"../../../Engine/Content/EngineMaterials/Substrate/Glints2/dict_0005_0024.uasset" 7420
"../../../Engine/Content/EngineMaterials/Substrate/Glints2/dict_0005_0023.uasset" 7421
"../../../Engine/Content/EngineMaterials/Substrate/Glints2/dict_0005_0030.uasset" 7422
"../../../Engine/Content/EngineMaterials/Substrate/Glints2/dict_0005_0029.uasset" 7423
"/Engine/EngineMaterials/Substrate/Glints2/dict_0005_0037" 7424
"/Engine/EngineMaterials/Substrate/Glints2/dict_0005_0046" 7425
"/Engine/EngineMaterials/Substrate/Glints2/dict_0005_0047" 7426
"/Engine/EngineMaterials/Substrate/Glints2/dict_0005_0048" 7427
"/Engine/EngineMaterials/Substrate/Glints2/dict_0005_0039" 7428
"/Engine/EngineMaterials/Substrate/Glints2/dict_0005_0050" 7429
"/Engine/EngineMaterials/Substrate/Glints2/dict_0005_0052" 7430
"/Engine/EngineMaterials/Substrate/Glints2/dict_0005_0041" 7431
"/Engine/EngineMaterials/Substrate/Glints2/dict_0005_0054" 7432
"/Engine/EngineMaterials/Substrate/Glints2/dict_0005_0055" 7433
"/Engine/EngineMaterials/Substrate/Glints2/dict_0005_0042" 7434
"/Engine/EngineMaterials/Substrate/Glints2/dict_0005_0057" 7435
"/Engine/EngineMaterials/Substrate/Glints2/dict_0005_0043" 7436
"/Engine/EngineMaterials/Substrate/Glints2/dict_0005_0044" 7437
"../../../Engine/Content/EngineMaterials/Substrate/Glints2/dict_0005_0021.uasset" 7438
"../../../Engine/Content/EngineMaterials/Substrate/Glints2/dict_0005_0020.uasset" 7439
"../../../Engine/Content/EngineMaterials/Substrate/Glints2/dict_0005_0015.uasset" 7440
"../../../Engine/Content/EngineMaterials/Substrate/Glints2/dict_0005_0014.uasset" 7441
"../../../Engine/Content/EngineMaterials/Substrate/Glints2/dict_0005_0013.uasset" 7442
"../../../Engine/Content/EngineMaterials/Substrate/Glints2/dict_0005_0017.uasset" 7443
"../../../Engine/Content/EngineMaterials/Substrate/Glints2/dict_0005_0009.uasset" 7444
"../../../Engine/Content/EngineMaterials/Substrate/Glints2/dict_0005_0010.uasset" 7445
"../../../Engine/Content/EngineMaterials/Substrate/Glints2/dict_0005_0018.uasset" 7446
"/Engine/EngineMaterials/Substrate/Glints2/dict_0005_0022" 7447
"../../../Engine/Content/EngineMaterials/Substrate/Glints2/dict_0005_0012.uasset" 7448
"../../../Engine/Content/EngineMaterials/Substrate/Glints2/dict_0005_0007.uasset" 7449
"../../../Engine/Content/EngineMaterials/Substrate/Glints2/dict_0005_0019.uasset" 7450
"../../../Engine/Content/EngineMaterials/Substrate/Glints2/dict_0005_0011.uasset" 7451
"../../../Engine/Content/EngineMaterials/Substrate/Glints2/dict_0005_0008.uasset" 7452
"../../../Engine/Content/EngineMaterials/Substrate/Glints2/dict_0005_0016.uasset" 7453
"/Engine/EngineMaterials/Substrate/Glints2/dict_0005_0023" 7454
"/Engine/EngineMaterials/Substrate/Glints2/dict_0005_0024" 7455
"/Engine/EngineMaterials/Substrate/Glints2/dict_0005_0025" 7456
"/Engine/EngineMaterials/Substrate/Glints2/dict_0005_0026" 7457
"/Engine/EngineMaterials/Substrate/Glints2/dict_0005_0027" 7458
"/Engine/EngineMaterials/Substrate/Glints2/dict_0005_0028" 7459
"/Engine/EngineMaterials/Substrate/Glints2/dict_0005_0029" 7460
"/Engine/EngineMaterials/Substrate/Glints2/dict_0005_0030" 7461
"/Engine/EngineMaterials/Substrate/Glints2/dict_0005_0031" 7462
"/Engine/EngineMaterials/Substrate/Glints2/dict_0005_0032" 7463
"/Engine/EngineMaterials/Substrate/Glints2/dict_0005_0033" 7464
"/Engine/EngineMaterials/Substrate/Glints2/dict_0005_0034" 7465
"/Engine/EngineMaterials/Substrate/Glints2/dict_0005_0035" 7466
"/Engine/EngineMaterials/Substrate/Glints2/dict_0005_0036" 7467
"/Engine/EngineMaterials/Substrate/Glints2/dict_0005_0038" 7468
"/Engine/EngineMaterials/Substrate/Glints2/dict_0005_0040" 7469
"/Engine/EngineMaterials/Substrate/Glints2/dict_0005_0020" 7470
"/Engine/EngineMaterials/Substrate/Glints2/dict_0005_0021" 7471
"../../../Engine/Content/EngineMaterials/Substrate/Glints2/dict_0005_0005.uasset" 7472
"../../../Engine/Content/EngineMaterials/Substrate/Glints2/dict_0005_0001.uasset" 7473
"../../../Engine/Content/EngineMaterials/Substrate/Glints2/dict_0004_0255.uasset" 7474
"../../../Engine/Content/EngineMaterials/Substrate/Glints2/dict_0005_0003.uasset" 7475
"../../../Engine/Content/EngineMaterials/Substrate/Glints2/dict_0004_0254.uasset" 7476
"../../../Engine/Content/EngineMaterials/Substrate/Glints2/dict_0005_0006.uasset" 7477
"../../../Engine/Content/EngineMaterials/Substrate/Glints2/dict_0004_0253.uasset" 7478
"../../../Engine/Content/EngineMaterials/Substrate/Glints2/dict_0005_0004.uasset" 7479
"../../../Engine/Content/EngineMaterials/Substrate/Glints2/dict_0004_0252.uasset" 7480
"../../../Engine/Content/EngineMaterials/Substrate/Glints2/dict_0004_0251.uasset" 7481
"/Engine/EngineMaterials/Substrate/Glints2/dict_0005_0007" 7482
"../../../Engine/Content/EngineMaterials/Substrate/Glints2/dict_0004_0247.uasset" 7483
"../../../Engine/Content/EngineMaterials/Substrate/Glints2/dict_0005_0002.uasset" 7484
"../../../Engine/Content/EngineMaterials/Substrate/Glints2/dict_0004_0245.uasset" 7485
"../../../Engine/Content/EngineMaterials/Substrate/Glints2/dict_0005_0000.uasset" 7486
"../../../Engine/Content/EngineMaterials/Substrate/Glints2/dict_0004_0248.uasset" 7487
"../../../Engine/Content/EngineMaterials/Substrate/Glints2/dict_0004_0246.uasset" 7488
"../../../Engine/Content/EngineMaterials/Substrate/Glints2/dict_0004_0250.uasset" 7489
"../../../Engine/Content/EngineMaterials/Substrate/Glints2/dict_0004_0244.uasset" 7490
"../../../Engine/Content/EngineMaterials/Substrate/Glints2/dict_0004_0249.uasset" 7491
"/Engine/EngineMaterials/Substrate/Glints2/dict_0005_0008" 7492
"/Engine/EngineMaterials/Substrate/Glints2/dict_0005_0009" 7493
"/Engine/EngineMaterials/Substrate/Glints2/dict_0005_0010" 7494
"/Engine/EngineMaterials/Substrate/Glints2/dict_0005_0011" 7495
"/Engine/EngineMaterials/Substrate/Glints2/dict_0005_0012" 7496
"/Engine/EngineMaterials/Substrate/Glints2/dict_0005_0013" 7497
"/Engine/EngineMaterials/Substrate/Glints2/dict_0005_0014" 7498
"/Engine/EngineMaterials/Substrate/Glints2/dict_0005_0015" 7499
"/Engine/EngineMaterials/Substrate/Glints2/dict_0005_0016" 7500
"/Engine/EngineMaterials/Substrate/Glints2/dict_0005_0017" 7501
"/Engine/EngineMaterials/Substrate/Glints2/dict_0005_0018" 7502
"/Engine/EngineMaterials/Substrate/Glints2/dict_0005_0019" 7503
"../../../Engine/Content/EngineMaterials/Substrate/Glints2/dict_0004_0242.uasset" 7504
"../../../Engine/Content/EngineMaterials/Substrate/Glints2/dict_0004_0243.uasset" 7505
"../../../Engine/Content/EngineMaterials/Substrate/Glints2/dict_0004_0238.uasset" 7506
"../../../Engine/Content/EngineMaterials/Substrate/Glints2/dict_0004_0241.uasset" 7507
"../../../Engine/Content/EngineMaterials/Substrate/Glints2/dict_0004_0237.uasset" 7508
"../../../Engine/Content/EngineMaterials/Substrate/Glints2/dict_0004_0239.uasset" 7509
"../../../Engine/Content/EngineMaterials/Substrate/Glints2/dict_0004_0231.uasset" 7510
"../../../Engine/Content/EngineMaterials/Substrate/Glints2/dict_0004_0232.uasset" 7511
"../../../Engine/Content/EngineMaterials/Substrate/Glints2/dict_0004_0235.uasset" 7512
"../../../Engine/Content/EngineMaterials/Substrate/Glints2/dict_0004_0233.uasset" 7513
"/Engine/EngineMaterials/Substrate/Glints2/dict_0004_0244" 7514
"../../../Engine/Content/EngineMaterials/Substrate/Glints2/dict_0004_0240.uasset" 7515
"../../../Engine/Content/EngineMaterials/Substrate/Glints2/dict_0004_0234.uasset" 7516
"../../../Engine/Content/EngineMaterials/Substrate/Glints2/dict_0004_0236.uasset" 7517
"/Engine/EngineMaterials/Substrate/Glints2/dict_0004_0245" 7518
"/Engine/EngineMaterials/Substrate/Glints2/dict_0004_0246" 7519
"/Engine/EngineMaterials/Substrate/Glints2/dict_0004_0247" 7520
"/Engine/EngineMaterials/Substrate/Glints2/dict_0004_0248" 7521
"/Engine/EngineMaterials/Substrate/Glints2/dict_0004_0249" 7522
"/Engine/EngineMaterials/Substrate/Glints2/dict_0004_0250" 7523
"/Engine/EngineMaterials/Substrate/Glints2/dict_0004_0251" 7524
"/Engine/EngineMaterials/Substrate/Glints2/dict_0004_0252" 7525
"/Engine/EngineMaterials/Substrate/Glints2/dict_0004_0253" 7526
"/Engine/EngineMaterials/Substrate/Glints2/dict_0004_0254" 7527
"/Engine/EngineMaterials/Substrate/Glints2/dict_0004_0255" 7528
"/Engine/EngineMaterials/Substrate/Glints2/dict_0005_0000" 7529
"/Engine/EngineMaterials/Substrate/Glints2/dict_0005_0001" 7530
"/Engine/EngineMaterials/Substrate/Glints2/dict_0005_0002" 7531
"/Engine/EngineMaterials/Substrate/Glints2/dict_0005_0003" 7532
"/Engine/EngineMaterials/Substrate/Glints2/dict_0005_0004" 7533
"/Engine/EngineMaterials/Substrate/Glints2/dict_0004_0238" 7534
"/Engine/EngineMaterials/Substrate/Glints2/dict_0004_0242" 7535
"/Engine/EngineMaterials/Substrate/Glints2/dict_0004_0243" 7536
"/Engine/EngineMaterials/Substrate/Glints2/dict_0005_0005" 7537
"/Engine/EngineMaterials/Substrate/Glints2/dict_0005_0006" 7538
"../../../Engine/Content/EngineMaterials/Substrate/Glints2/dict_0004_0228.uasset" 7539
"../../../Engine/Content/EngineMaterials/Substrate/Glints2/dict_0004_0229.uasset" 7540
"../../../Engine/Content/EngineMaterials/Substrate/Glints2/dict_0004_0226.uasset" 7541
"../../../Engine/Content/EngineMaterials/Substrate/Glints2/dict_0004_0230.uasset" 7542
"../../../Engine/Content/EngineMaterials/Substrate/Glints2/dict_0004_0225.uasset" 7543
"../../../Engine/Content/EngineMaterials/Substrate/Glints2/dict_0004_0221.uasset" 7544
"../../../Engine/Content/EngineMaterials/Substrate/Glints2/dict_0004_0224.uasset" 7545
"../../../Engine/Content/EngineMaterials/Substrate/Glints2/dict_0004_0220.uasset" 7546
"../../../Engine/Content/EngineMaterials/Substrate/Glints2/dict_0004_0222.uasset" 7547
"../../../Engine/Content/EngineMaterials/Substrate/Glints2/dict_0004_0217.uasset" 7548
"../../../Engine/Content/EngineMaterials/Substrate/Glints2/dict_0004_0216.uasset" 7549
"../../../Engine/Content/EngineMaterials/Substrate/Glints2/dict_0004_0214.uasset" 7550
"../../../Engine/Content/EngineMaterials/Substrate/Glints2/dict_0004_0212.uasset" 7551
"../../../Engine/Content/EngineMaterials/Substrate/Glints2/dict_0004_0227.uasset" 7552
"../../../Engine/Content/EngineMaterials/Substrate/Glints2/dict_0004_0210.uasset" 7553
"../../../Engine/Content/EngineMaterials/Substrate/Glints2/dict_0004_0211.uasset" 7554
"../../../Engine/Content/EngineMaterials/Substrate/Glints2/dict_0004_0223.uasset" 7555
"../../../Engine/Content/EngineMaterials/Substrate/Glints2/dict_0004_0215.uasset" 7556
"../../../Engine/Content/EngineMaterials/Substrate/Glints2/dict_0004_0219.uasset" 7557
"../../../Engine/Content/EngineMaterials/Substrate/Glints2/dict_0004_0209.uasset" 7558
"/Engine/EngineMaterials/Substrate/Glints2/dict_0004_0231" 7559
"../../../Engine/Content/EngineMaterials/Substrate/Glints2/dict_0004_0213.uasset" 7560
"../../../Engine/Content/EngineMaterials/Substrate/Glints2/dict_0004_0218.uasset" 7561
"/Engine/EngineMaterials/Substrate/Glints2/dict_0004_0232" 7562
"/Engine/EngineMaterials/Substrate/Glints2/dict_0004_0233" 7563
"/Engine/EngineMaterials/Substrate/Glints2/dict_0004_0234" 7564
"/Engine/EngineMaterials/Substrate/Glints2/dict_0004_0235" 7565
"/Engine/EngineMaterials/Substrate/Glints2/dict_0004_0236" 7566
"/Engine/EngineMaterials/Substrate/Glints2/dict_0004_0237" 7567
"/Engine/EngineMaterials/Substrate/Glints2/dict_0004_0225" 7568
"/Engine/EngineMaterials/Substrate/Glints2/dict_0004_0226" 7569
"/Engine/EngineMaterials/Substrate/Glints2/dict_0004_0239" 7570
"/Engine/EngineMaterials/Substrate/Glints2/dict_0004_0240" 7571
"/Engine/EngineMaterials/Substrate/Glints2/dict_0004_0241" 7572
"/Engine/EngineMaterials/Substrate/Glints2/dict_0004_0228" 7573
"/Engine/EngineMaterials/Substrate/Glints2/dict_0004_0229" 7574
"/Engine/EngineMaterials/Substrate/Glints2/dict_0004_0230" 7575
"../../../Engine/Content/EngineMaterials/Substrate/Glints2/dict_0004_0208.uasset" 7576
"../../../Engine/Content/EngineMaterials/Substrate/Glints2/dict_0004_0206.uasset" 7577
"../../../Engine/Content/EngineMaterials/Substrate/Glints2/dict_0004_0207.uasset" 7578
"../../../Engine/Content/EngineMaterials/Substrate/Glints2/dict_0004_0203.uasset" 7579
"../../../Engine/Content/EngineMaterials/Substrate/Glints2/dict_0004_0204.uasset" 7580
"../../../Engine/Content/EngineMaterials/Substrate/Glints2/dict_0004_0199.uasset" 7581
"../../../Engine/Content/EngineMaterials/Substrate/Glints2/dict_0004_0201.uasset" 7582
"../../../Engine/Content/EngineMaterials/Substrate/Glints2/dict_0004_0205.uasset" 7583
"../../../Engine/Content/EngineMaterials/Substrate/Glints2/dict_0004_0194.uasset" 7584
"../../../Engine/Content/EngineMaterials/Substrate/Glints2/dict_0004_0198.uasset" 7585
"../../../Engine/Content/EngineMaterials/Substrate/Glints2/dict_0004_0195.uasset" 7586
"/Engine/EngineMaterials/Substrate/Glints2/dict_0004_0209" 7587
"../../../Engine/Content/EngineMaterials/Substrate/Glints2/dict_0004_0202.uasset" 7588
"../../../Engine/Content/EngineMaterials/Substrate/Glints2/dict_0004_0197.uasset" 7589
"../../../Engine/Content/EngineMaterials/Substrate/Glints2/dict_0004_0196.uasset" 7590
"../../../Engine/Content/EngineMaterials/Substrate/Glints2/dict_0004_0200.uasset" 7591
"/Engine/EngineMaterials/Substrate/Glints2/dict_0004_0210" 7592
"/Engine/EngineMaterials/Substrate/Glints2/dict_0004_0211" 7593
"/Engine/EngineMaterials/Substrate/Glints2/dict_0004_0212" 7594
"/Engine/EngineMaterials/Substrate/Glints2/dict_0004_0213" 7595
"/Engine/EngineMaterials/Substrate/Glints2/dict_0004_0214" 7596
"/Engine/EngineMaterials/Substrate/Glints2/dict_0004_0215" 7597
"/Engine/EngineMaterials/Substrate/Glints2/dict_0004_0216" 7598
"/Engine/EngineMaterials/Substrate/Glints2/dict_0004_0217" 7599
"/Engine/EngineMaterials/Substrate/Glints2/dict_0004_0218" 7600
"/Engine/EngineMaterials/Substrate/Glints2/dict_0004_0219" 7601
"/Engine/EngineMaterials/Substrate/Glints2/dict_0004_0220" 7602
"/Engine/EngineMaterials/Substrate/Glints2/dict_0004_0221" 7603
"/Engine/EngineMaterials/Substrate/Glints2/dict_0004_0222" 7604
"/Engine/EngineMaterials/Substrate/Glints2/dict_0004_0223" 7605
"/Engine/EngineMaterials/Substrate/Glints2/dict_0004_0224" 7606
"/Engine/EngineMaterials/Substrate/Glints2/dict_0004_0203" 7607
"/Engine/EngineMaterials/Substrate/Glints2/dict_0004_0204" 7608
"/Engine/EngineMaterials/Substrate/Glints2/dict_0004_0227" 7609
"/Engine/EngineMaterials/Substrate/Glints2/dict_0004_0206" 7610
"/Engine/EngineMaterials/Substrate/Glints2/dict_0004_0207" 7611
"/Engine/EngineMaterials/Substrate/Glints2/dict_0004_0208" 7612
"../../../Engine/Content/EngineMaterials/Substrate/Glints2/dict_0004_0192.uasset" 7613
"../../../Engine/Content/EngineMaterials/Substrate/Glints2/dict_0004_0188.uasset" 7614
"../../../Engine/Content/EngineMaterials/Substrate/Glints2/dict_0004_0191.uasset" 7615
"../../../Engine/Content/EngineMaterials/Substrate/Glints2/dict_0004_0187.uasset" 7616
"../../../Engine/Content/EngineMaterials/Substrate/Glints2/dict_0004_0184.uasset" 7617
"../../../Engine/Content/EngineMaterials/Substrate/Glints2/dict_0004_0189.uasset" 7618
"../../../Engine/Content/EngineMaterials/Substrate/Glints2/dict_0004_0193.uasset" 7619
"../../../Engine/Content/EngineMaterials/Substrate/Glints2/dict_0004_0180.uasset" 7620
"../../../Engine/Content/EngineMaterials/Substrate/Glints2/dict_0004_0186.uasset" 7621
"../../../Engine/Content/EngineMaterials/Substrate/Glints2/dict_0004_0177.uasset" 7622
"../../../Engine/Content/EngineMaterials/Substrate/Glints2/dict_0004_0183.uasset" 7623
"../../../Engine/Content/EngineMaterials/Substrate/Glints2/dict_0004_0176.uasset" 7624
"../../../Engine/Content/EngineMaterials/Substrate/Glints2/dict_0004_0190.uasset" 7625
"../../../Engine/Content/EngineMaterials/Substrate/Glints2/dict_0004_0174.uasset" 7626
"/Engine/EngineMaterials/Substrate/Glints2/dict_0004_0194" 7627
"../../../Engine/Content/EngineMaterials/Substrate/Glints2/dict_0004_0178.uasset" 7628
"../../../Engine/Content/EngineMaterials/Substrate/Glints2/dict_0004_0172.uasset" 7629
"../../../Engine/Content/EngineMaterials/Substrate/Glints2/dict_0004_0179.uasset" 7630
"../../../Engine/Content/EngineMaterials/Substrate/Glints2/dict_0004_0182.uasset" 7631
"../../../Engine/Content/EngineMaterials/Substrate/Glints2/dict_0004_0181.uasset" 7632
"../../../Engine/Content/EngineMaterials/Substrate/Glints2/dict_0004_0185.uasset" 7633
"../../../Engine/Content/EngineMaterials/Substrate/Glints2/dict_0004_0173.uasset" 7634
"../../../Engine/Content/EngineMaterials/Substrate/Glints2/dict_0004_0175.uasset" 7635
"/Engine/EngineMaterials/Substrate/Glints2/dict_0004_0195" 7636
"/Engine/EngineMaterials/Substrate/Glints2/dict_0004_0196" 7637
"/Engine/EngineMaterials/Substrate/Glints2/dict_0004_0197" 7638
"/Engine/EngineMaterials/Substrate/Glints2/dict_0004_0187" 7639
"/Engine/EngineMaterials/Substrate/Glints2/dict_0004_0198" 7640
"/Engine/EngineMaterials/Substrate/Glints2/dict_0004_0199" 7641
"/Engine/EngineMaterials/Substrate/Glints2/dict_0004_0200" 7642
"/Engine/EngineMaterials/Substrate/Glints2/dict_0004_0201" 7643
"/Engine/EngineMaterials/Substrate/Glints2/dict_0004_0202" 7644
"/Engine/EngineMaterials/Substrate/Glints2/dict_0004_0188" 7645
"/Engine/EngineMaterials/Substrate/Glints2/dict_0004_0189" 7646
"/Engine/EngineMaterials/Substrate/Glints2/dict_0004_0205" 7647
"/Engine/EngineMaterials/Substrate/Glints2/dict_0004_0191" 7648
"/Engine/EngineMaterials/Substrate/Glints2/dict_0004_0192" 7649
"/Engine/EngineMaterials/Substrate/Glints2/dict_0004_0193" 7650
"../../../Engine/Content/EngineMaterials/Substrate/Glints2/dict_0004_0171.uasset" 7651
"../../../Engine/Content/EngineMaterials/Substrate/Glints2/dict_0004_0170.uasset" 7652
"../../../Engine/Content/EngineMaterials/Substrate/Glints2/dict_0004_0168.uasset" 7653
"../../../Engine/Content/EngineMaterials/Substrate/Glints2/dict_0004_0169.uasset" 7654
"../../../Engine/Content/EngineMaterials/Substrate/Glints2/dict_0004_0166.uasset" 7655
"../../../Engine/Content/EngineMaterials/Substrate/Glints2/dict_0004_0165.uasset" 7656
"../../../Engine/Content/EngineMaterials/Substrate/Glints2/dict_0004_0161.uasset" 7657
"../../../Engine/Content/EngineMaterials/Substrate/Glints2/dict_0004_0167.uasset" 7658
"../../../Engine/Content/EngineMaterials/Substrate/Glints2/dict_0004_0163.uasset" 7659
"../../../Engine/Content/EngineMaterials/Substrate/Glints2/dict_0004_0157.uasset" 7660
"../../../Engine/Content/EngineMaterials/Substrate/Glints2/dict_0004_0156.uasset" 7661
"../../../Engine/Content/EngineMaterials/Substrate/Glints2/dict_0004_0162.uasset" 7662
"../../../Engine/Content/EngineMaterials/Substrate/Glints2/dict_0004_0160.uasset" 7663
"../../../Engine/Content/EngineMaterials/Substrate/Glints2/dict_0004_0159.uasset" 7664
"../../../Engine/Content/EngineMaterials/Substrate/Glints2/dict_0004_0158.uasset" 7665
"../../../Engine/Content/EngineMaterials/Substrate/Glints2/dict_0004_0164.uasset" 7666
"/Engine/EngineMaterials/Substrate/Glints2/dict_0004_0172" 7667
"/Engine/EngineMaterials/Substrate/Glints2/dict_0004_0173" 7668
"/Engine/EngineMaterials/Substrate/Glints2/dict_0004_0174" 7669
"/Engine/EngineMaterials/Substrate/Glints2/dict_0004_0175" 7670
"/Engine/EngineMaterials/Substrate/Glints2/dict_0004_0176" 7671
"/Engine/EngineMaterials/Substrate/Glints2/dict_0004_0177" 7672
"/Engine/EngineMaterials/Substrate/Glints2/dict_0004_0178" 7673
"/Engine/EngineMaterials/Substrate/Glints2/dict_0004_0179" 7674
"/Engine/EngineMaterials/Substrate/Glints2/dict_0004_0180" 7675
"/Engine/EngineMaterials/Substrate/Glints2/dict_0004_0181" 7676
"/Engine/EngineMaterials/Substrate/Glints2/dict_0004_0182" 7677
"/Engine/EngineMaterials/Substrate/Glints2/dict_0004_0183" 7678
"/Engine/EngineMaterials/Substrate/Glints2/dict_0004_0184" 7679
"/Engine/EngineMaterials/Substrate/Glints2/dict_0004_0185" 7680
"/Engine/EngineMaterials/Substrate/Glints2/dict_0004_0186" 7681
"/Engine/EngineMaterials/Substrate/Glints2/dict_0004_0166" 7682
"/Engine/EngineMaterials/Substrate/Glints2/dict_0004_0168" 7683
"/Engine/EngineMaterials/Substrate/Glints2/dict_0004_0190" 7684
"/Engine/EngineMaterials/Substrate/Glints2/dict_0004_0169" 7685
"/Engine/EngineMaterials/Substrate/Glints2/dict_0004_0170" 7686
"/Engine/EngineMaterials/Substrate/Glints2/dict_0004_0171" 7687
"../../../Engine/Content/EngineMaterials/Substrate/Glints2/dict_0004_0155.uasset" 7688
"../../../Engine/Content/EngineMaterials/Substrate/Glints2/dict_0004_0154.uasset" 7689
"../../../Engine/Content/EngineMaterials/Substrate/Glints2/dict_0004_0151.uasset" 7690
"../../../Engine/Content/EngineMaterials/Substrate/Glints2/dict_0004_0152.uasset" 7691
"../../../Engine/Content/EngineMaterials/Substrate/Glints2/dict_0004_0149.uasset" 7692
"../../../Engine/Content/EngineMaterials/Substrate/Glints2/dict_0004_0153.uasset" 7693
"../../../Engine/Content/EngineMaterials/Substrate/Glints2/dict_0004_0144.uasset" 7694
"../../../Engine/Content/EngineMaterials/Substrate/Glints2/dict_0004_0143.uasset" 7695
"../../../Engine/Content/EngineMaterials/Substrate/Glints2/dict_0004_0146.uasset" 7696
"../../../Engine/Content/EngineMaterials/Substrate/Glints2/dict_0004_0141.uasset" 7697
"../../../Engine/Content/EngineMaterials/Substrate/Glints2/dict_0004_0145.uasset" 7698
"../../../Engine/Content/EngineMaterials/Substrate/Glints2/dict_0004_0138.uasset" 7699
"../../../Engine/Content/EngineMaterials/Substrate/Glints2/dict_0004_0150.uasset" 7700
"../../../Engine/Content/EngineMaterials/Substrate/Glints2/dict_0004_0137.uasset" 7701
"../../../Engine/Content/EngineMaterials/Substrate/Glints2/dict_0004_0142.uasset" 7702
"../../../Engine/Content/EngineMaterials/Substrate/Glints2/dict_0004_0136.uasset" 7703
"../../../Engine/Content/EngineMaterials/Substrate/Glints2/dict_0004_0148.uasset" 7704
"../../../Engine/Content/EngineMaterials/Substrate/Glints2/dict_0004_0140.uasset" 7705
"../../../Engine/Content/EngineMaterials/Substrate/Glints2/dict_0004_0147.uasset" 7706
"/Engine/EngineMaterials/Substrate/Glints2/dict_0004_0156" 7707
"../../../Engine/Content/EngineMaterials/Substrate/Glints2/dict_0004_0135.uasset" 7708
"../../../Engine/Content/EngineMaterials/Substrate/Glints2/dict_0004_0139.uasset" 7709
"/Engine/EngineMaterials/Substrate/Glints2/dict_0004_0157" 7710
"/Engine/EngineMaterials/Substrate/Glints2/dict_0004_0158" 7711
"/Engine/EngineMaterials/Substrate/Glints2/dict_0004_0159" 7712
"/Engine/EngineMaterials/Substrate/Glints2/dict_0004_0160" 7713
"/Engine/EngineMaterials/Substrate/Glints2/dict_0004_0161" 7714
"/Engine/EngineMaterials/Substrate/Glints2/dict_0004_0162" 7715
"/Engine/EngineMaterials/Substrate/Glints2/dict_0004_0163" 7716
"/Engine/EngineMaterials/Substrate/Glints2/dict_0004_0164" 7717
"/Engine/EngineMaterials/Substrate/Glints2/dict_0004_0165" 7718
"/Engine/EngineMaterials/Substrate/Glints2/dict_0004_0167" 7719
"/Engine/EngineMaterials/Substrate/Glints2/dict_0004_0151" 7720
"/Engine/EngineMaterials/Substrate/Glints2/dict_0004_0152" 7721
"/Engine/EngineMaterials/Substrate/Glints2/dict_0004_0154" 7722
"/Engine/EngineMaterials/Substrate/Glints2/dict_0004_0155" 7723
"../../../Engine/Content/EngineMaterials/Substrate/Glints2/dict_0004_0134.uasset" 7724
"../../../Engine/Content/EngineMaterials/Substrate/Glints2/dict_0004_0132.uasset" 7725
"../../../Engine/Content/EngineMaterials/Substrate/Glints2/dict_0004_0131.uasset" 7726
"../../../Engine/Content/EngineMaterials/Substrate/Glints2/dict_0004_0129.uasset" 7727
"../../../Engine/Content/EngineMaterials/Substrate/Glints2/dict_0004_0128.uasset" 7728
"../../../Engine/Content/EngineMaterials/Substrate/Glints2/dict_0004_0126.uasset" 7729
"../../../Engine/Content/EngineMaterials/Substrate/Glints2/dict_0004_0127.uasset" 7730
"../../../Engine/Content/EngineMaterials/Substrate/Glints2/dict_0004_0122.uasset" 7731
"../../../Engine/Content/EngineMaterials/Substrate/Glints2/dict_0004_0123.uasset" 7732
"../../../Engine/Content/EngineMaterials/Substrate/Glints2/dict_0004_0121.uasset" 7733
"../../../Engine/Content/EngineMaterials/Substrate/Glints2/dict_0004_0125.uasset" 7734
"../../../Engine/Content/EngineMaterials/Substrate/Glints2/dict_0004_0124.uasset" 7735
"../../../Engine/Content/EngineMaterials/Substrate/Glints2/dict_0004_0130.uasset" 7736
"/Engine/EngineMaterials/Substrate/Glints2/dict_0004_0135" 7737
"../../../Engine/Content/EngineMaterials/Substrate/Glints2/dict_0004_0133.uasset" 7738
"../../../Engine/Content/EngineMaterials/Substrate/Glints2/dict_0004_0120.uasset" 7739
"/Engine/EngineMaterials/Substrate/Glints2/dict_0004_0136" 7740
"/Engine/EngineMaterials/Substrate/Glints2/dict_0004_0137" 7741
"/Engine/EngineMaterials/Substrate/Glints2/dict_0004_0138" 7742
"/Engine/EngineMaterials/Substrate/Glints2/dict_0004_0139" 7743
"/Engine/EngineMaterials/Substrate/Glints2/dict_0004_0140" 7744
"/Engine/EngineMaterials/Substrate/Glints2/dict_0004_0141" 7745
"/Engine/EngineMaterials/Substrate/Glints2/dict_0004_0142" 7746
"/Engine/EngineMaterials/Substrate/Glints2/dict_0004_0143" 7747
"/Engine/EngineMaterials/Substrate/Glints2/dict_0004_0144" 7748
"/Engine/EngineMaterials/Substrate/Glints2/dict_0004_0145" 7749
"/Engine/EngineMaterials/Substrate/Glints2/dict_0004_0146" 7750
"/Engine/EngineMaterials/Substrate/Glints2/dict_0004_0147" 7751
"/Engine/EngineMaterials/Substrate/Glints2/dict_0004_0148" 7752
"/Engine/EngineMaterials/Substrate/Glints2/dict_0004_0149" 7753
"/Engine/EngineMaterials/Substrate/Glints2/dict_0004_0126" 7754
"/Engine/EngineMaterials/Substrate/Glints2/dict_0004_0128" 7755
"/Engine/EngineMaterials/Substrate/Glints2/dict_0004_0129" 7756
"/Engine/EngineMaterials/Substrate/Glints2/dict_0004_0150" 7757
"/Engine/EngineMaterials/Substrate/Glints2/dict_0004_0131" 7758
"/Engine/EngineMaterials/Substrate/Glints2/dict_0004_0132" 7759
"/Engine/EngineMaterials/Substrate/Glints2/dict_0004_0153" 7760
"/Engine/EngineMaterials/Substrate/Glints2/dict_0004_0134" 7761
"../../../Engine/Content/EngineMaterials/Substrate/Glints2/dict_0004_0119.uasset" 7762
"../../../Engine/Content/EngineMaterials/Substrate/Glints2/dict_0004_0118.uasset" 7763
"../../../Engine/Content/EngineMaterials/Substrate/Glints2/dict_0004_0117.uasset" 7764
"../../../Engine/Content/EngineMaterials/Substrate/Glints2/dict_0004_0116.uasset" 7765
"../../../Engine/Content/EngineMaterials/Substrate/Glints2/dict_0004_0113.uasset" 7766
"../../../Engine/Content/EngineMaterials/Substrate/Glints2/dict_0004_0114.uasset" 7767
"../../../Engine/Content/EngineMaterials/Substrate/Glints2/dict_0004_0111.uasset" 7768
"../../../Engine/Content/EngineMaterials/Substrate/Glints2/dict_0004_0115.uasset" 7769
"../../../Engine/Content/EngineMaterials/Substrate/Glints2/dict_0004_0107.uasset" 7770
"../../../Engine/Content/EngineMaterials/Substrate/Glints2/dict_0004_0112.uasset" 7771
"../../../Engine/Content/EngineMaterials/Substrate/Glints2/dict_0004_0105.uasset" 7772
"../../../Engine/Content/EngineMaterials/Substrate/Glints2/dict_0004_0109.uasset" 7773
"../../../Engine/Content/EngineMaterials/Substrate/Glints2/dict_0004_0101.uasset" 7774
"../../../Engine/Content/EngineMaterials/Substrate/Glints2/dict_0004_0110.uasset" 7775
"../../../Engine/Content/EngineMaterials/Substrate/Glints2/dict_0004_0099.uasset" 7776
"../../../Engine/Content/EngineMaterials/Substrate/Glints2/dict_0004_0106.uasset" 7777
"../../../Engine/Content/EngineMaterials/Substrate/Glints2/dict_0004_0104.uasset" 7778
"../../../Engine/Content/EngineMaterials/Substrate/Glints2/dict_0004_0102.uasset" 7779
"../../../Engine/Content/EngineMaterials/Substrate/Glints2/dict_0004_0108.uasset" 7780
"../../../Engine/Content/EngineMaterials/Substrate/Glints2/dict_0004_0103.uasset" 7781
"../../../Engine/Content/EngineMaterials/Substrate/Glints2/dict_0004_0100.uasset" 7782
"../../../Engine/Content/EngineMaterials/Substrate/Glints2/dict_0004_0098.uasset" 7783
"/Engine/EngineMaterials/Substrate/Glints2/dict_0004_0120" 7784
"../../../Engine/Content/EngineMaterials/Substrate/Glints2/dict_0004_0097.uasset" 7785
"/Engine/EngineMaterials/Substrate/Glints2/dict_0004_0121" 7786
"/Engine/EngineMaterials/Substrate/Glints2/dict_0004_0122" 7787
"/Engine/EngineMaterials/Substrate/Glints2/dict_0004_0123" 7788
"/Engine/EngineMaterials/Substrate/Glints2/dict_0004_0124" 7789
"/Engine/EngineMaterials/Substrate/Glints2/dict_0004_0125" 7790
"/Engine/EngineMaterials/Substrate/Glints2/dict_0004_0127" 7791
"/Engine/EngineMaterials/Substrate/Glints2/dict_0004_0113" 7792
"/Engine/EngineMaterials/Substrate/Glints2/dict_0004_0114" 7793
"/Engine/EngineMaterials/Substrate/Glints2/dict_0004_0130" 7794
"/Engine/EngineMaterials/Substrate/Glints2/dict_0004_0116" 7795
"/Engine/EngineMaterials/Substrate/Glints2/dict_0004_0117" 7796
"/Engine/EngineMaterials/Substrate/Glints2/dict_0004_0118" 7797
"/Engine/EngineMaterials/Substrate/Glints2/dict_0004_0133" 7798
"/Engine/EngineMaterials/Substrate/Glints2/dict_0004_0119" 7799
"../../../Engine/Content/EngineMaterials/Substrate/Glints2/dict_0004_0095.uasset" 7800
"../../../Engine/Content/EngineMaterials/Substrate/Glints2/dict_0004_0096.uasset" 7801
"../../../Engine/Content/EngineMaterials/Substrate/Glints2/dict_0004_0094.uasset" 7802
"../../../Engine/Content/EngineMaterials/Substrate/Glints2/dict_0004_0092.uasset" 7803
"../../../Engine/Content/EngineMaterials/Substrate/Glints2/dict_0004_0087.uasset" 7804
"../../../Engine/Content/EngineMaterials/Substrate/Glints2/dict_0004_0086.uasset" 7805
"../../../Engine/Content/EngineMaterials/Substrate/Glints2/dict_0004_0084.uasset" 7806
"../../../Engine/Content/EngineMaterials/Substrate/Glints2/dict_0004_0093.uasset" 7807
"../../../Engine/Content/EngineMaterials/Substrate/Glints2/dict_0004_0088.uasset" 7808
"../../../Engine/Content/EngineMaterials/Substrate/Glints2/dict_0004_0083.uasset" 7809
"../../../Engine/Content/EngineMaterials/Substrate/Glints2/dict_0004_0091.uasset" 7810
"../../../Engine/Content/EngineMaterials/Substrate/Glints2/dict_0004_0089.uasset" 7811
"../../../Engine/Content/EngineMaterials/Substrate/Glints2/dict_0004_0085.uasset" 7812
"../../../Engine/Content/EngineMaterials/Substrate/Glints2/dict_0004_0090.uasset" 7813
"../../../Engine/Content/EngineMaterials/Substrate/Glints2/dict_0004_0082.uasset" 7814
"/Engine/EngineMaterials/Substrate/Glints2/dict_0004_0097" 7815
"/Engine/EngineMaterials/Substrate/Glints2/dict_0004_0098" 7816
"/Engine/EngineMaterials/Substrate/Glints2/dict_0004_0099" 7817
"/Engine/EngineMaterials/Substrate/Glints2/dict_0004_0100" 7818
"/Engine/EngineMaterials/Substrate/Glints2/dict_0004_0101" 7819
"/Engine/EngineMaterials/Substrate/Glints2/dict_0004_0102" 7820
"/Engine/EngineMaterials/Substrate/Glints2/dict_0004_0103" 7821
"/Engine/EngineMaterials/Substrate/Glints2/dict_0004_0104" 7822
"/Engine/EngineMaterials/Substrate/Glints2/dict_0004_0105" 7823
"/Engine/EngineMaterials/Substrate/Glints2/dict_0004_0106" 7824
"/Engine/EngineMaterials/Substrate/Glints2/dict_0004_0107" 7825
"/Engine/EngineMaterials/Substrate/Glints2/dict_0004_0108" 7826
"/Engine/EngineMaterials/Substrate/Glints2/dict_0004_0109" 7827
"/Engine/EngineMaterials/Substrate/Glints2/dict_0004_0110" 7828
"/Engine/EngineMaterials/Substrate/Glints2/dict_0004_0111" 7829
"/Engine/EngineMaterials/Substrate/Glints2/dict_0004_0112" 7830
"/Engine/EngineMaterials/Substrate/Glints2/dict_0004_0115" 7831
"/Engine/EngineMaterials/Substrate/Glints2/dict_0004_0094" 7832
"/Engine/EngineMaterials/Substrate/Glints2/dict_0004_0095" 7833
"/Engine/EngineMaterials/Substrate/Glints2/dict_0004_0096" 7834
"../../../Engine/Content/EngineMaterials/Substrate/Glints2/dict_0004_0080.uasset" 7835
"../../../Engine/Content/EngineMaterials/Substrate/Glints2/dict_0004_0078.uasset" 7836
"../../../Engine/Content/EngineMaterials/Substrate/Glints2/dict_0004_0081.uasset" 7837
"../../../Engine/Content/EngineMaterials/Substrate/Glints2/dict_0004_0074.uasset" 7838
"../../../Engine/Content/EngineMaterials/Substrate/Glints2/dict_0004_0077.uasset" 7839
"../../../Engine/Content/EngineMaterials/Substrate/Glints2/dict_0004_0072.uasset" 7840
"../../../Engine/Content/EngineMaterials/Substrate/Glints2/dict_0004_0071.uasset" 7841
"../../../Engine/Content/EngineMaterials/Substrate/Glints2/dict_0004_0069.uasset" 7842
"../../../Engine/Content/EngineMaterials/Substrate/Glints2/dict_0004_0075.uasset" 7843
"../../../Engine/Content/EngineMaterials/Substrate/Glints2/dict_0004_0066.uasset" 7844
"../../../Engine/Content/EngineMaterials/Substrate/Glints2/dict_0004_0073.uasset" 7845
"../../../Engine/Content/EngineMaterials/Substrate/Glints2/dict_0004_0064.uasset" 7846
"../../../Engine/Content/EngineMaterials/Substrate/Glints2/dict_0004_0076.uasset" 7847
"../../../Engine/Content/EngineMaterials/Substrate/Glints2/dict_0004_0062.uasset" 7848
"../../../Engine/Content/EngineMaterials/Substrate/Glints2/dict_0004_0079.uasset" 7849
"../../../Engine/Content/EngineMaterials/Substrate/Glints2/dict_0004_0067.uasset" 7850
"../../../Engine/Content/EngineMaterials/Substrate/Glints2/dict_0004_0065.uasset" 7851
"/Engine/EngineMaterials/Substrate/Glints2/dict_0004_0082" 7852
"../../../Engine/Content/EngineMaterials/Substrate/Glints2/dict_0004_0070.uasset" 7853
"../../../Engine/Content/EngineMaterials/Substrate/Glints2/dict_0004_0068.uasset" 7854
"../../../Engine/Content/EngineMaterials/Substrate/Glints2/dict_0004_0063.uasset" 7855
"/Engine/EngineMaterials/Substrate/Glints2/dict_0004_0083" 7856
"/Engine/EngineMaterials/Substrate/Glints2/dict_0004_0084" 7857
"/Engine/EngineMaterials/Substrate/Glints2/dict_0004_0085" 7858
"/Engine/EngineMaterials/Substrate/Glints2/dict_0004_0086" 7859
"/Engine/EngineMaterials/Substrate/Glints2/dict_0004_0087" 7860
"/Engine/EngineMaterials/Substrate/Glints2/dict_0004_0088" 7861
"/Engine/EngineMaterials/Substrate/Glints2/dict_0004_0089" 7862
"/Engine/EngineMaterials/Substrate/Glints2/dict_0004_0090" 7863
"/Engine/EngineMaterials/Substrate/Glints2/dict_0004_0078" 7864
"/Engine/EngineMaterials/Substrate/Glints2/dict_0004_0091" 7865
"/Engine/EngineMaterials/Substrate/Glints2/dict_0004_0092" 7866
"/Engine/EngineMaterials/Substrate/Glints2/dict_0004_0093" 7867
"/Engine/EngineMaterials/Substrate/Glints2/dict_0004_0080" 7868
"/Engine/EngineMaterials/Substrate/Glints2/dict_0004_0081" 7869
"../../../Engine/Content/EngineMaterials/Substrate/Glints2/dict_0004_0059.uasset" 7870
"../../../Engine/Content/EngineMaterials/Substrate/Glints2/dict_0004_0060.uasset" 7871
"../../../Engine/Content/EngineMaterials/Substrate/Glints2/dict_0004_0056.uasset" 7872
"../../../Engine/Content/EngineMaterials/Substrate/Glints2/dict_0004_0053.uasset" 7873
"../../../Engine/Content/EngineMaterials/Substrate/Glints2/dict_0004_0051.uasset" 7874
"../../../Engine/Content/EngineMaterials/Substrate/Glints2/dict_0004_0050.uasset" 7875
"../../../Engine/Content/EngineMaterials/Substrate/Glints2/dict_0004_0054.uasset" 7876
"../../../Engine/Content/EngineMaterials/Substrate/Glints2/dict_0004_0049.uasset" 7877
"../../../Engine/Content/EngineMaterials/Substrate/Glints2/dict_0004_0055.uasset" 7878
"../../../Engine/Content/EngineMaterials/Substrate/Glints2/dict_0004_0061.uasset" 7879
"/Engine/EngineMaterials/Substrate/Glints2/dict_0004_0062" 7880
"../../../Engine/Content/EngineMaterials/Substrate/Glints2/dict_0004_0057.uasset" 7881
"../../../Engine/Content/EngineMaterials/Substrate/Glints2/dict_0004_0052.uasset" 7882
"../../../Engine/Content/EngineMaterials/Substrate/Glints2/dict_0004_0048.uasset" 7883
"../../../Engine/Content/EngineMaterials/Substrate/Glints2/dict_0004_0047.uasset" 7884
"../../../Engine/Content/EngineMaterials/Substrate/Glints2/dict_0004_0058.uasset" 7885
"/Engine/EngineMaterials/Substrate/Glints2/dict_0004_0063" 7886
"/Engine/EngineMaterials/Substrate/Glints2/dict_0004_0064" 7887
"/Engine/EngineMaterials/Substrate/Glints2/dict_0004_0065" 7888
"/Engine/EngineMaterials/Substrate/Glints2/dict_0004_0066" 7889
"/Engine/EngineMaterials/Substrate/Glints2/dict_0004_0067" 7890
"/Engine/EngineMaterials/Substrate/Glints2/dict_0004_0068" 7891
"/Engine/EngineMaterials/Substrate/Glints2/dict_0004_0069" 7892
"/Engine/EngineMaterials/Substrate/Glints2/dict_0004_0070" 7893
"/Engine/EngineMaterials/Substrate/Glints2/dict_0004_0071" 7894
"/Engine/EngineMaterials/Substrate/Glints2/dict_0004_0072" 7895
"/Engine/EngineMaterials/Substrate/Glints2/dict_0004_0073" 7896
"/Engine/EngineMaterials/Substrate/Glints2/dict_0004_0074" 7897
"/Engine/EngineMaterials/Substrate/Glints2/dict_0004_0075" 7898
"/Engine/EngineMaterials/Substrate/Glints2/dict_0004_0076" 7899
"/Engine/EngineMaterials/Substrate/Glints2/dict_0004_0077" 7900
"/Engine/EngineMaterials/Substrate/Glints2/dict_0004_0059" 7901
"/Engine/EngineMaterials/Substrate/Glints2/dict_0004_0079" 7902
"/Engine/EngineMaterials/Substrate/Glints2/dict_0004_0060" 7903
"../../../Engine/Content/EngineMaterials/Substrate/Glints2/dict_0004_0046.uasset" 7904
"../../../Engine/Content/EngineMaterials/Substrate/Glints2/dict_0004_0045.uasset" 7905
"../../../Engine/Content/EngineMaterials/Substrate/Glints2/dict_0004_0044.uasset" 7906
"../../../Engine/Content/EngineMaterials/Substrate/Glints2/dict_0004_0041.uasset" 7907
"../../../Engine/Content/EngineMaterials/Substrate/Glints2/dict_0004_0040.uasset" 7908
"../../../Engine/Content/EngineMaterials/Substrate/Glints2/dict_0004_0042.uasset" 7909
"../../../Engine/Content/EngineMaterials/Substrate/Glints2/dict_0004_0038.uasset" 7910
"../../../Engine/Content/EngineMaterials/Substrate/Glints2/dict_0004_0036.uasset" 7911
"../../../Engine/Content/EngineMaterials/Substrate/Glints2/dict_0004_0034.uasset" 7912
"../../../Engine/Content/EngineMaterials/Substrate/Glints2/dict_0004_0032.uasset" 7913
"../../../Engine/Content/EngineMaterials/Substrate/Glints2/dict_0004_0037.uasset" 7914
"../../../Engine/Content/EngineMaterials/Substrate/Glints2/dict_0004_0043.uasset" 7915
"../../../Engine/Content/EngineMaterials/Substrate/Glints2/dict_0004_0028.uasset" 7916
"../../../Engine/Content/EngineMaterials/Substrate/Glints2/dict_0004_0039.uasset" 7917
"../../../Engine/Content/EngineMaterials/Substrate/Glints2/dict_0004_0035.uasset" 7918
"../../../Engine/Content/EngineMaterials/Substrate/Glints2/dict_0004_0030.uasset" 7919
"../../../Engine/Content/EngineMaterials/Substrate/Glints2/dict_0004_0031.uasset" 7920
"../../../Engine/Content/EngineMaterials/Substrate/Glints2/dict_0004_0033.uasset" 7921
"/Engine/EngineMaterials/Substrate/Glints2/dict_0004_0047" 7922
"../../../Engine/Content/EngineMaterials/Substrate/Glints2/dict_0004_0029.uasset" 7923
"/Engine/EngineMaterials/Substrate/Glints2/dict_0004_0048" 7924
"/Engine/EngineMaterials/Substrate/Glints2/dict_0004_0049" 7925
"/Engine/EngineMaterials/Substrate/Glints2/dict_0004_0050" 7926
"/Engine/EngineMaterials/Substrate/Glints2/dict_0004_0051" 7927
"/Engine/EngineMaterials/Substrate/Glints2/dict_0004_0052" 7928
"/Engine/EngineMaterials/Substrate/Glints2/dict_0004_0053" 7929
"/Engine/EngineMaterials/Substrate/Glints2/dict_0004_0054" 7930
"/Engine/EngineMaterials/Substrate/Glints2/dict_0004_0055" 7931
"/Engine/EngineMaterials/Substrate/Glints2/dict_0004_0056" 7932
"/Engine/EngineMaterials/Substrate/Glints2/dict_0004_0057" 7933
"/Engine/EngineMaterials/Substrate/Glints2/dict_0004_0058" 7934
"/Engine/EngineMaterials/Substrate/Glints2/dict_0004_0044" 7935
"/Engine/EngineMaterials/Substrate/Glints2/dict_0004_0045" 7936
"/Engine/EngineMaterials/Substrate/Glints2/dict_0004_0046" 7937
"/Engine/EngineMaterials/Substrate/Glints2/dict_0004_0061" 7938
"../../../Engine/Content/EngineMaterials/Substrate/Glints2/dict_0004_0026.uasset" 7939
"../../../Engine/Content/EngineMaterials/Substrate/Glints2/dict_0004_0022.uasset" 7940
"../../../Engine/Content/EngineMaterials/Substrate/Glints2/dict_0004_0020.uasset" 7941
"../../../Engine/Content/EngineMaterials/Substrate/Glints2/dict_0004_0019.uasset" 7942
"../../../Engine/Content/EngineMaterials/Substrate/Glints2/dict_0004_0015.uasset" 7943
"../../../Engine/Content/EngineMaterials/Substrate/Glints2/dict_0004_0023.uasset" 7944
"../../../Engine/Content/EngineMaterials/Substrate/Glints2/dict_0004_0024.uasset" 7945
"../../../Engine/Content/EngineMaterials/Substrate/Glints2/dict_0004_0027.uasset" 7946
"/Engine/EngineMaterials/Substrate/Glints2/dict_0004_0028" 7947
"../../../Engine/Content/EngineMaterials/Substrate/Glints2/dict_0004_0013.uasset" 7948
"../../../Engine/Content/EngineMaterials/Substrate/Glints2/dict_0004_0017.uasset" 7949
"../../../Engine/Content/EngineMaterials/Substrate/Glints2/dict_0004_0021.uasset" 7950
"../../../Engine/Content/EngineMaterials/Substrate/Glints2/dict_0004_0025.uasset" 7951
"../../../Engine/Content/EngineMaterials/Substrate/Glints2/dict_0004_0014.uasset" 7952
"../../../Engine/Content/EngineMaterials/Substrate/Glints2/dict_0004_0018.uasset" 7953
"../../../Engine/Content/EngineMaterials/Substrate/Glints2/dict_0004_0012.uasset" 7954
"../../../Engine/Content/EngineMaterials/Substrate/Glints2/dict_0004_0016.uasset" 7955
"/Engine/EngineMaterials/Substrate/Glints2/dict_0004_0029" 7956
"/Engine/EngineMaterials/Substrate/Glints2/dict_0004_0030" 7957
"/Engine/EngineMaterials/Substrate/Glints2/dict_0004_0031" 7958
"/Engine/EngineMaterials/Substrate/Glints2/dict_0004_0032" 7959
"/Engine/EngineMaterials/Substrate/Glints2/dict_0004_0033" 7960
"/Engine/EngineMaterials/Substrate/Glints2/dict_0004_0034" 7961
"/Engine/EngineMaterials/Substrate/Glints2/dict_0004_0035" 7962
"/Engine/EngineMaterials/Substrate/Glints2/dict_0004_0036" 7963
"/Engine/EngineMaterials/Substrate/Glints2/dict_0004_0037" 7964
"/Engine/EngineMaterials/Substrate/Glints2/dict_0004_0038" 7965
"/Engine/EngineMaterials/Substrate/Glints2/dict_0004_0039" 7966
"/Engine/EngineMaterials/Substrate/Glints2/dict_0004_0040" 7967
"/Engine/EngineMaterials/Substrate/Glints2/dict_0004_0041" 7968
"/Engine/EngineMaterials/Substrate/Glints2/dict_0004_0042" 7969
"/Engine/EngineMaterials/Substrate/Glints2/dict_0004_0043" 7970
"../../../Engine/Content/EngineMaterials/Substrate/Glints2/dict_0004_0011.uasset" 7971
"../../../Engine/Content/EngineMaterials/Substrate/Glints2/dict_0004_0009.uasset" 7972
"../../../Engine/Content/EngineMaterials/Substrate/Glints2/dict_0004_0010.uasset" 7973
"../../../Engine/Content/EngineMaterials/Substrate/Glints2/dict_0004_0004.uasset" 7974
"../../../Engine/Content/EngineMaterials/Substrate/Glints2/dict_0004_0005.uasset" 7975
"../../../Engine/Content/EngineMaterials/Substrate/Glints2/dict_0004_0006.uasset" 7976
"../../../Engine/Content/EngineMaterials/Substrate/Glints2/dict_0004_0001.uasset" 7977
"../../../Engine/Content/EngineMaterials/Substrate/Glints2/dict_0004_0002.uasset" 7978
"../../../Engine/Content/EngineMaterials/Substrate/Glints2/dict_0003_0255.uasset" 7979
"../../../Engine/Content/EngineMaterials/Substrate/Glints2/dict_0003_0254.uasset" 7980
"../../../Engine/Content/EngineMaterials/Substrate/Glints2/dict_0004_0008.uasset" 7981
"../../../Engine/Content/EngineMaterials/Substrate/Glints2/dict_0003_0253.uasset" 7982
"/Engine/EngineMaterials/Substrate/Glints2/dict_0004_0012" 7983
"../../../Engine/Content/EngineMaterials/Substrate/Glints2/dict_0004_0003.uasset" 7984
"../../../Engine/Content/EngineMaterials/Substrate/Glints2/dict_0003_0252.uasset" 7985
"../../../Engine/Content/EngineMaterials/Substrate/Glints2/dict_0004_0007.uasset" 7986
"../../../Engine/Content/EngineMaterials/Substrate/Glints2/dict_0004_0000.uasset" 7987
"/Engine/EngineMaterials/Substrate/Glints2/dict_0004_0013" 7988
"/Engine/EngineMaterials/Substrate/Glints2/dict_0004_0014" 7989
"/Engine/EngineMaterials/Substrate/Glints2/dict_0004_0015" 7990
"/Engine/EngineMaterials/Substrate/Glints2/dict_0004_0016" 7991
"/Engine/EngineMaterials/Substrate/Glints2/dict_0004_0017" 7992
"/Engine/EngineMaterials/Substrate/Glints2/dict_0004_0011" 7993
"/Engine/EngineMaterials/Substrate/Glints2/dict_0004_0018" 7994
"/Engine/EngineMaterials/Substrate/Glints2/dict_0004_0019" 7995
"/Engine/EngineMaterials/Substrate/Glints2/dict_0004_0020" 7996
"/Engine/EngineMaterials/Substrate/Glints2/dict_0004_0021" 7997
"/Engine/EngineMaterials/Substrate/Glints2/dict_0004_0022" 7998
"/Engine/EngineMaterials/Substrate/Glints2/dict_0004_0023" 7999
"/Engine/EngineMaterials/Substrate/Glints2/dict_0004_0024" 8000
"/Engine/EngineMaterials/Substrate/Glints2/dict_0004_0025" 8001
"/Engine/EngineMaterials/Substrate/Glints2/dict_0004_0026" 8002
"/Engine/EngineMaterials/Substrate/Glints2/dict_0004_0027" 8003
"../../../Engine/Content/EngineMaterials/Substrate/Glints2/dict_0003_0250.uasset" 8004
"../../../Engine/Content/EngineMaterials/Substrate/Glints2/dict_0003_0249.uasset" 8005
"../../../Engine/Content/EngineMaterials/Substrate/Glints2/dict_0003_0251.uasset" 8006
"../../../Engine/Content/EngineMaterials/Substrate/Glints2/dict_0003_0246.uasset" 8007
"../../../Engine/Content/EngineMaterials/Substrate/Glints2/dict_0003_0248.uasset" 8008
"../../../Engine/Content/EngineMaterials/Substrate/Glints2/dict_0003_0242.uasset" 8009
"../../../Engine/Content/EngineMaterials/Substrate/Glints2/dict_0003_0241.uasset" 8010
"../../../Engine/Content/EngineMaterials/Substrate/Glints2/dict_0003_0240.uasset" 8011
"../../../Engine/Content/EngineMaterials/Substrate/Glints2/dict_0003_0245.uasset" 8012
"../../../Engine/Content/EngineMaterials/Substrate/Glints2/dict_0003_0238.uasset" 8013
"../../../Engine/Content/EngineMaterials/Substrate/Glints2/dict_0003_0247.uasset" 8014
"../../../Engine/Content/EngineMaterials/Substrate/Glints2/dict_0003_0239.uasset" 8015
"/Engine/EngineMaterials/Substrate/Glints2/dict_0003_0252" 8016
"../../../Engine/Content/EngineMaterials/Substrate/Glints2/dict_0003_0243.uasset" 8017
"../../../Engine/Content/EngineMaterials/Substrate/Glints2/dict_0003_0237.uasset" 8018
"../../../Engine/Content/EngineMaterials/Substrate/Glints2/dict_0003_0244.uasset" 8019
"../../../Engine/Content/EngineMaterials/Substrate/Glints2/dict_0003_0236.uasset" 8020
"../../../Engine/Content/EngineMaterials/Substrate/Glints2/dict_0003_0235.uasset" 8021
"/Engine/EngineMaterials/Substrate/Glints2/dict_0003_0253" 8022
"/Engine/EngineMaterials/Substrate/Glints2/dict_0003_0254" 8023
"/Engine/EngineMaterials/Substrate/Glints2/dict_0003_0255" 8024
"/Engine/EngineMaterials/Substrate/Glints2/dict_0004_0000" 8025
"/Engine/EngineMaterials/Substrate/Glints2/dict_0004_0001" 8026
"/Engine/EngineMaterials/Substrate/Glints2/dict_0004_0002" 8027
"/Engine/EngineMaterials/Substrate/Glints2/dict_0004_0003" 8028
"/Engine/EngineMaterials/Substrate/Glints2/dict_0004_0004" 8029
"/Engine/EngineMaterials/Substrate/Glints2/dict_0004_0005" 8030
"/Engine/EngineMaterials/Substrate/Glints2/dict_0004_0006" 8031
"/Engine/EngineMaterials/Substrate/Glints2/dict_0004_0007" 8032
"/Engine/EngineMaterials/Substrate/Glints2/dict_0004_0008" 8033
"/Engine/EngineMaterials/Substrate/Glints2/dict_0004_0009" 8034
"/Engine/EngineMaterials/Substrate/Glints2/dict_0004_0010" 8035
"../../../Engine/Content/EngineMaterials/Substrate/Glints2/dict_0003_0234.uasset" 8036
"../../../Engine/Content/EngineMaterials/Substrate/Glints2/dict_0003_0232.uasset" 8037
"../../../Engine/Content/EngineMaterials/Substrate/Glints2/dict_0003_0233.uasset" 8038
"../../../Engine/Content/EngineMaterials/Substrate/Glints2/dict_0003_0230.uasset" 8039
"../../../Engine/Content/EngineMaterials/Substrate/Glints2/dict_0003_0227.uasset" 8040
"../../../Engine/Content/EngineMaterials/Substrate/Glints2/dict_0003_0228.uasset" 8041
"../../../Engine/Content/EngineMaterials/Substrate/Glints2/dict_0003_0225.uasset" 8042
"../../../Engine/Content/EngineMaterials/Substrate/Glints2/dict_0003_0231.uasset" 8043
"../../../Engine/Content/EngineMaterials/Substrate/Glints2/dict_0003_0221.uasset" 8044
"../../../Engine/Content/EngineMaterials/Substrate/Glints2/dict_0003_0220.uasset" 8045
"../../../Engine/Content/EngineMaterials/Substrate/Glints2/dict_0003_0223.uasset" 8046
"/Engine/EngineMaterials/Substrate/Glints2/dict_0003_0235" 8047
"../../../Engine/Content/EngineMaterials/Substrate/Glints2/dict_0003_0222.uasset" 8048
"../../../Engine/Content/EngineMaterials/Substrate/Glints2/dict_0003_0226.uasset" 8049
"../../../Engine/Content/EngineMaterials/Substrate/Glints2/dict_0003_0224.uasset" 8050
"../../../Engine/Content/EngineMaterials/Substrate/Glints2/dict_0003_0229.uasset" 8051
"/Engine/EngineMaterials/Substrate/Glints2/dict_0003_0236" 8052
"/Engine/EngineMaterials/Substrate/Glints2/dict_0003_0237" 8053
"/Engine/EngineMaterials/Substrate/Glints2/dict_0003_0238" 8054
"/Engine/EngineMaterials/Substrate/Glints2/dict_0003_0239" 8055
"/Engine/EngineMaterials/Substrate/Glints2/dict_0003_0240" 8056
"/Engine/EngineMaterials/Substrate/Glints2/dict_0003_0241" 8057
"/Engine/EngineMaterials/Substrate/Glints2/dict_0003_0242" 8058
"/Engine/EngineMaterials/Substrate/Glints2/dict_0003_0243" 8059
"/Engine/EngineMaterials/Substrate/Glints2/dict_0003_0244" 8060
"/Engine/EngineMaterials/Substrate/Glints2/dict_0003_0245" 8061
"/Engine/EngineMaterials/Substrate/Glints2/dict_0003_0246" 8062
"/Engine/EngineMaterials/Substrate/Glints2/dict_0003_0247" 8063
"/Engine/EngineMaterials/Substrate/Glints2/dict_0003_0248" 8064
"/Engine/EngineMaterials/Substrate/Glints2/dict_0003_0249" 8065
"/Engine/EngineMaterials/Substrate/Glints2/dict_0003_0250" 8066
"/Engine/EngineMaterials/Substrate/Glints2/dict_0003_0251" 8067
"../../../Engine/Content/EngineMaterials/Substrate/Glints2/dict_0003_0219.uasset" 8068
"../../../Engine/Content/EngineMaterials/Substrate/Glints2/dict_0003_0217.uasset" 8069
"../../../Engine/Content/EngineMaterials/Substrate/Glints2/dict_0003_0218.uasset" 8070
"../../../Engine/Content/EngineMaterials/Substrate/Glints2/dict_0003_0216.uasset" 8071
"../../../Engine/Content/EngineMaterials/Substrate/Glints2/dict_0003_0215.uasset" 8072
"../../../Engine/Content/EngineMaterials/Substrate/Glints2/dict_0003_0214.uasset" 8073
"../../../Engine/Content/EngineMaterials/Substrate/Glints2/dict_0003_0213.uasset" 8074
"../../../Engine/Content/EngineMaterials/Substrate/Glints2/dict_0003_0211.uasset" 8075
"../../../Engine/Content/EngineMaterials/Substrate/Glints2/dict_0003_0212.uasset" 8076
"../../../Engine/Content/EngineMaterials/Substrate/Glints2/dict_0003_0210.uasset" 8077
"../../../Engine/Content/EngineMaterials/Substrate/Glints2/dict_0003_0209.uasset" 8078
"/Engine/EngineMaterials/Substrate/Glints2/dict_0003_0220" 8079
"../../../Engine/Content/EngineMaterials/Substrate/Glints2/dict_0003_0207.uasset" 8080
"../../../Engine/Content/EngineMaterials/Substrate/Glints2/dict_0003_0205.uasset" 8081
"../../../Engine/Content/EngineMaterials/Substrate/Glints2/dict_0003_0206.uasset" 8082
"../../../Engine/Content/EngineMaterials/Substrate/Glints2/dict_0003_0204.uasset" 8083
"../../../Engine/Content/EngineMaterials/Substrate/Glints2/dict_0003_0203.uasset" 8084
"../../../Engine/Content/EngineMaterials/Substrate/Glints2/dict_0003_0208.uasset" 8085
"/Engine/EngineMaterials/Substrate/Glints2/dict_0003_0221" 8086
"/Engine/EngineMaterials/Substrate/Glints2/dict_0003_0222" 8087
"/Engine/EngineMaterials/Substrate/Glints2/dict_0003_0223" 8088
"/Engine/EngineMaterials/Substrate/Glints2/dict_0003_0224" 8089
"/Engine/EngineMaterials/Substrate/Glints2/dict_0003_0225" 8090
"/Engine/EngineMaterials/Substrate/Glints2/dict_0003_0226" 8091
"/Engine/EngineMaterials/Substrate/Glints2/dict_0003_0227" 8092
"/Engine/EngineMaterials/Substrate/Glints2/dict_0003_0228" 8093
"/Engine/EngineMaterials/Substrate/Glints2/dict_0003_0229" 8094
"/Engine/EngineMaterials/Substrate/Glints2/dict_0003_0230" 8095
"/Engine/EngineMaterials/Substrate/Glints2/dict_0003_0231" 8096
"/Engine/EngineMaterials/Substrate/Glints2/dict_0003_0232" 8097
"/Engine/EngineMaterials/Substrate/Glints2/dict_0003_0233" 8098
"/Engine/EngineMaterials/Substrate/Glints2/dict_0003_0234" 8099
"/Engine/EngineMaterials/Substrate/Glints2/dict_0003_0211" 8100
"/Engine/EngineMaterials/Substrate/Glints2/dict_0003_0212" 8101
"/Engine/EngineMaterials/Substrate/Glints2/dict_0003_0213" 8102
"/Engine/EngineMaterials/Substrate/Glints2/dict_0003_0214" 8103
"/Engine/EngineMaterials/Substrate/Glints2/dict_0003_0215" 8104
"/Engine/EngineMaterials/Substrate/Glints2/dict_0003_0216" 8105
"/Engine/EngineMaterials/Substrate/Glints2/dict_0003_0217" 8106
"/Engine/EngineMaterials/Substrate/Glints2/dict_0003_0218" 8107
"/Engine/EngineMaterials/Substrate/Glints2/dict_0003_0219" 8108
"../../../Engine/Content/EngineMaterials/Substrate/Glints2/dict_0003_0202.uasset" 8109
"../../../Engine/Content/EngineMaterials/Substrate/Glints2/dict_0003_0201.uasset" 8110
"../../../Engine/Content/EngineMaterials/Substrate/Glints2/dict_0003_0198.uasset" 8111
"../../../Engine/Content/EngineMaterials/Substrate/Glints2/dict_0003_0197.uasset" 8112
"../../../Engine/Content/EngineMaterials/Substrate/Glints2/dict_0003_0195.uasset" 8113
"../../../Engine/Content/EngineMaterials/Substrate/Glints2/dict_0003_0199.uasset" 8114
"../../../Engine/Content/EngineMaterials/Substrate/Glints2/dict_0003_0193.uasset" 8115
"../../../Engine/Content/EngineMaterials/Substrate/Glints2/dict_0003_0196.uasset" 8116
"../../../Engine/Content/EngineMaterials/Substrate/Glints2/dict_0003_0191.uasset" 8117
"../../../Engine/Content/EngineMaterials/Substrate/Glints2/dict_0003_0190.uasset" 8118
"../../../Engine/Content/EngineMaterials/Substrate/Glints2/dict_0003_0192.uasset" 8119
"../../../Engine/Content/EngineMaterials/Substrate/Glints2/dict_0003_0186.uasset" 8120
"../../../Engine/Content/EngineMaterials/Substrate/Glints2/dict_0003_0200.uasset" 8121
"../../../Engine/Content/EngineMaterials/Substrate/Glints2/dict_0003_0184.uasset" 8122
"../../../Engine/Content/EngineMaterials/Substrate/Glints2/dict_0003_0189.uasset" 8123
"../../../Engine/Content/EngineMaterials/Substrate/Glints2/dict_0003_0182.uasset" 8124
"../../../Engine/Content/EngineMaterials/Substrate/Glints2/dict_0003_0181.uasset" 8125
"../../../Engine/Content/EngineMaterials/Substrate/Glints2/dict_0003_0188.uasset" 8126
"../../../Engine/Content/EngineMaterials/Substrate/Glints2/dict_0003_0180.uasset" 8127
"/Engine/EngineMaterials/Substrate/Glints2/dict_0003_0203" 8128
"../../../Engine/Content/EngineMaterials/Substrate/Glints2/dict_0003_0194.uasset" 8129
"../../../Engine/Content/EngineMaterials/Substrate/Glints2/dict_0003_0185.uasset" 8130
"../../../Engine/Content/EngineMaterials/Substrate/Glints2/dict_0003_0179.uasset" 8131
"../../../Engine/Content/EngineMaterials/Substrate/Glints2/dict_0003_0187.uasset" 8132
"../../../Engine/Content/EngineMaterials/Substrate/Glints2/dict_0003_0183.uasset" 8133
"/Engine/EngineMaterials/Substrate/Glints2/dict_0003_0204" 8134
"/Engine/EngineMaterials/Substrate/Glints2/dict_0003_0205" 8135
"/Engine/EngineMaterials/Substrate/Glints2/dict_0003_0206" 8136
"/Engine/EngineMaterials/Substrate/Glints2/dict_0003_0207" 8137
"/Engine/EngineMaterials/Substrate/Glints2/dict_0003_0208" 8138
"/Engine/EngineMaterials/Substrate/Glints2/dict_0003_0209" 8139
"/Engine/EngineMaterials/Substrate/Glints2/dict_0003_0210" 8140
"/Engine/EngineMaterials/Substrate/Glints2/dict_0003_0195" 8141
"/Engine/EngineMaterials/Substrate/Glints2/dict_0003_0197" 8142
"/Engine/EngineMaterials/Substrate/Glints2/dict_0003_0198" 8143
"/Engine/EngineMaterials/Substrate/Glints2/dict_0003_0199" 8144
"/Engine/EngineMaterials/Substrate/Glints2/dict_0003_0201" 8145
"/Engine/EngineMaterials/Substrate/Glints2/dict_0003_0202" 8146
"../../../Engine/Content/EngineMaterials/Substrate/Glints2/dict_0003_0176.uasset" 8147
"../../../Engine/Content/EngineMaterials/Substrate/Glints2/dict_0003_0175.uasset" 8148
"../../../Engine/Content/EngineMaterials/Substrate/Glints2/dict_0003_0178.uasset" 8149
"../../../Engine/Content/EngineMaterials/Substrate/Glints2/dict_0003_0171.uasset" 8150
"../../../Engine/Content/EngineMaterials/Substrate/Glints2/dict_0003_0177.uasset" 8151
"../../../Engine/Content/EngineMaterials/Substrate/Glints2/dict_0003_0168.uasset" 8152
"../../../Engine/Content/EngineMaterials/Substrate/Glints2/dict_0003_0170.uasset" 8153
"../../../Engine/Content/EngineMaterials/Substrate/Glints2/dict_0003_0172.uasset" 8154
"/Engine/EngineMaterials/Substrate/Glints2/dict_0003_0179" 8155
"../../../Engine/Content/EngineMaterials/Substrate/Glints2/dict_0003_0169.uasset" 8156
"../../../Engine/Content/EngineMaterials/Substrate/Glints2/dict_0003_0167.uasset" 8157
"../../../Engine/Content/EngineMaterials/Substrate/Glints2/dict_0003_0165.uasset" 8158
"../../../Engine/Content/EngineMaterials/Substrate/Glints2/dict_0003_0166.uasset" 8159
"../../../Engine/Content/EngineMaterials/Substrate/Glints2/dict_0003_0173.uasset" 8160
"../../../Engine/Content/EngineMaterials/Substrate/Glints2/dict_0003_0174.uasset" 8161
"/Engine/EngineMaterials/Substrate/Glints2/dict_0003_0180" 8162
"/Engine/EngineMaterials/Substrate/Glints2/dict_0003_0181" 8163
"/Engine/EngineMaterials/Substrate/Glints2/dict_0003_0182" 8164
"/Engine/EngineMaterials/Substrate/Glints2/dict_0003_0183" 8165
"/Engine/EngineMaterials/Substrate/Glints2/dict_0003_0184" 8166
"/Engine/EngineMaterials/Substrate/Glints2/dict_0003_0185" 8167
"/Engine/EngineMaterials/Substrate/Glints2/dict_0003_0186" 8168
"/Engine/EngineMaterials/Substrate/Glints2/dict_0003_0187" 8169
"/Engine/EngineMaterials/Substrate/Glints2/dict_0003_0188" 8170
"/Engine/EngineMaterials/Substrate/Glints2/dict_0003_0189" 8171
"/Engine/EngineMaterials/Substrate/Glints2/dict_0003_0190" 8172
"/Engine/EngineMaterials/Substrate/Glints2/dict_0003_0191" 8173
"/Engine/EngineMaterials/Substrate/Glints2/dict_0003_0192" 8174
"/Engine/EngineMaterials/Substrate/Glints2/dict_0003_0193" 8175
"/Engine/EngineMaterials/Substrate/Glints2/dict_0003_0194" 8176
"/Engine/EngineMaterials/Substrate/Glints2/dict_0003_0196" 8177
"/Engine/EngineMaterials/Substrate/Glints2/dict_0003_0200" 8178
"../../../Engine/Content/EngineMaterials/Substrate/Glints2/dict_0003_0164.uasset" 8179
"../../../Engine/Content/EngineMaterials/Substrate/Glints2/dict_0003_0162.uasset" 8180
"../../../Engine/Content/EngineMaterials/Substrate/Glints2/dict_0003_0163.uasset" 8181
"../../../Engine/Content/EngineMaterials/Substrate/Glints2/dict_0003_0158.uasset" 8182
"../../../Engine/Content/EngineMaterials/Substrate/Glints2/dict_0003_0157.uasset" 8183
"../../../Engine/Content/EngineMaterials/Substrate/Glints2/dict_0003_0155.uasset" 8184
"../../../Engine/Content/EngineMaterials/Substrate/Glints2/dict_0003_0161.uasset" 8185
"../../../Engine/Content/EngineMaterials/Substrate/Glints2/dict_0003_0154.uasset" 8186
"../../../Engine/Content/EngineMaterials/Substrate/Glints2/dict_0003_0148.uasset" 8187
"../../../Engine/Content/EngineMaterials/Substrate/Glints2/dict_0003_0147.uasset" 8188
"../../../Engine/Content/EngineMaterials/Substrate/Glints2/dict_0003_0159.uasset" 8189
"../../../Engine/Content/EngineMaterials/Substrate/Glints2/dict_0003_0150.uasset" 8190
"../../../Engine/Content/EngineMaterials/Substrate/Glints2/dict_0003_0156.uasset" 8191
"/Engine/EngineMaterials/Substrate/Glints2/dict_0003_0165" 8192
"../../../Engine/Content/EngineMaterials/Substrate/Glints2/dict_0003_0160.uasset" 8193
"../../../Engine/Content/EngineMaterials/Substrate/Glints2/dict_0003_0151.uasset" 8194
"../../../Engine/Content/EngineMaterials/Substrate/Glints2/dict_0003_0152.uasset" 8195
"../../../Engine/Content/EngineMaterials/Substrate/Glints2/dict_0003_0149.uasset" 8196
"../../../Engine/Content/EngineMaterials/Substrate/Glints2/dict_0003_0153.uasset" 8197
"/Engine/EngineMaterials/Substrate/Glints2/dict_0003_0166" 8198
"/Engine/EngineMaterials/Substrate/Glints2/dict_0003_0167" 8199
"/Engine/EngineMaterials/Substrate/Glints2/dict_0003_0168" 8200
"/Engine/EngineMaterials/Substrate/Glints2/dict_0003_0169" 8201
"/Engine/EngineMaterials/Substrate/Glints2/dict_0003_0170" 8202
"/Engine/EngineMaterials/Substrate/Glints2/dict_0003_0171" 8203
"/Engine/EngineMaterials/Substrate/Glints2/dict_0003_0172" 8204
"/Engine/EngineMaterials/Substrate/Glints2/dict_0003_0162" 8205
"/Engine/EngineMaterials/Substrate/Glints2/dict_0003_0173" 8206
"/Engine/EngineMaterials/Substrate/Glints2/dict_0003_0163" 8207
"/Engine/EngineMaterials/Substrate/Glints2/dict_0003_0174" 8208
"/Engine/EngineMaterials/Substrate/Glints2/dict_0003_0175" 8209
"/Engine/EngineMaterials/Substrate/Glints2/dict_0003_0176" 8210
"/Engine/EngineMaterials/Substrate/Glints2/dict_0003_0164" 8211
"/Engine/EngineMaterials/Substrate/Glints2/dict_0003_0177" 8212
"/Engine/EngineMaterials/Substrate/Glints2/dict_0003_0178" 8213
"../../../Engine/Content/EngineMaterials/Substrate/Glints2/dict_0003_0143.uasset" 8214
"../../../Engine/Content/EngineMaterials/Substrate/Glints2/dict_0003_0144.uasset" 8215
"../../../Engine/Content/EngineMaterials/Substrate/Glints2/dict_0003_0141.uasset" 8216
"../../../Engine/Content/EngineMaterials/Substrate/Glints2/dict_0003_0139.uasset" 8217
"../../../Engine/Content/EngineMaterials/Substrate/Glints2/dict_0003_0138.uasset" 8218
"../../../Engine/Content/EngineMaterials/Substrate/Glints2/dict_0003_0137.uasset" 8219
"../../../Engine/Content/EngineMaterials/Substrate/Glints2/dict_0003_0134.uasset" 8220
"../../../Engine/Content/EngineMaterials/Substrate/Glints2/dict_0003_0135.uasset" 8221
"../../../Engine/Content/EngineMaterials/Substrate/Glints2/dict_0003_0145.uasset" 8222
"../../../Engine/Content/EngineMaterials/Substrate/Glints2/dict_0003_0136.uasset" 8223
"../../../Engine/Content/EngineMaterials/Substrate/Glints2/dict_0003_0146.uasset" 8224
"../../../Engine/Content/EngineMaterials/Substrate/Glints2/dict_0003_0131.uasset" 8225
"../../../Engine/Content/EngineMaterials/Substrate/Glints2/dict_0003_0130.uasset" 8226
"../../../Engine/Content/EngineMaterials/Substrate/Glints2/dict_0003_0133.uasset" 8227
"../../../Engine/Content/EngineMaterials/Substrate/Glints2/dict_0003_0140.uasset" 8228
"/Engine/EngineMaterials/Substrate/Glints2/dict_0003_0147" 8229
"../../../Engine/Content/EngineMaterials/Substrate/Glints2/dict_0003_0132.uasset" 8230
"../../../Engine/Content/EngineMaterials/Substrate/Glints2/dict_0003_0142.uasset" 8231
"/Engine/EngineMaterials/Substrate/Glints2/dict_0003_0148" 8232
"/Engine/EngineMaterials/Substrate/Glints2/dict_0003_0149" 8233
"/Engine/EngineMaterials/Substrate/Glints2/dict_0003_0150" 8234
"/Engine/EngineMaterials/Substrate/Glints2/dict_0003_0151" 8235
"/Engine/EngineMaterials/Substrate/Glints2/dict_0003_0152" 8236
"/Engine/EngineMaterials/Substrate/Glints2/dict_0003_0153" 8237
"/Engine/EngineMaterials/Substrate/Glints2/dict_0003_0154" 8238
"/Engine/EngineMaterials/Substrate/Glints2/dict_0003_0155" 8239
"/Engine/EngineMaterials/Substrate/Glints2/dict_0003_0156" 8240
"/Engine/EngineMaterials/Substrate/Glints2/dict_0003_0157" 8241
"/Engine/EngineMaterials/Substrate/Glints2/dict_0003_0158" 8242
"/Engine/EngineMaterials/Substrate/Glints2/dict_0003_0159" 8243
"/Engine/EngineMaterials/Substrate/Glints2/dict_0003_0160" 8244
"/Engine/EngineMaterials/Substrate/Glints2/dict_0003_0161" 8245
"../../../Engine/Content/EngineMaterials/Substrate/Glints2/dict_0003_0129.uasset" 8246
"../../../Engine/Content/EngineMaterials/Substrate/Glints2/dict_0003_0128.uasset" 8247
"../../../Engine/Content/EngineMaterials/Substrate/Glints2/dict_0003_0126.uasset" 8248
"../../../Engine/Content/EngineMaterials/Substrate/Glints2/dict_0003_0124.uasset" 8249
"../../../Engine/Content/EngineMaterials/Substrate/Glints2/dict_0003_0123.uasset" 8250
"../../../Engine/Content/EngineMaterials/Substrate/Glints2/dict_0003_0125.uasset" 8251
"../../../Engine/Content/EngineMaterials/Substrate/Glints2/dict_0003_0121.uasset" 8252
"../../../Engine/Content/EngineMaterials/Substrate/Glints2/dict_0003_0116.uasset" 8253
"../../../Engine/Content/EngineMaterials/Substrate/Glints2/dict_0003_0127.uasset" 8254
"../../../Engine/Content/EngineMaterials/Substrate/Glints2/dict_0003_0115.uasset" 8255
"../../../Engine/Content/EngineMaterials/Substrate/Glints2/dict_0003_0117.uasset" 8256
"/Engine/EngineMaterials/Substrate/Glints2/dict_0003_0130" 8257
"../../../Engine/Content/EngineMaterials/Substrate/Glints2/dict_0003_0118.uasset" 8258
"../../../Engine/Content/EngineMaterials/Substrate/Glints2/dict_0003_0120.uasset" 8259
"../../../Engine/Content/EngineMaterials/Substrate/Glints2/dict_0003_0119.uasset" 8260
"../../../Engine/Content/EngineMaterials/Substrate/Glints2/dict_0003_0122.uasset" 8261
"/Engine/EngineMaterials/Substrate/Glints2/dict_0003_0131" 8262
"/Engine/EngineMaterials/Substrate/Glints2/dict_0003_0132" 8263
"/Engine/EngineMaterials/Substrate/Glints2/dict_0003_0133" 8264
"/Engine/EngineMaterials/Substrate/Glints2/dict_0003_0134" 8265
"/Engine/EngineMaterials/Substrate/Glints2/dict_0003_0135" 8266
"/Engine/EngineMaterials/Substrate/Glints2/dict_0003_0136" 8267
"/Engine/EngineMaterials/Substrate/Glints2/dict_0003_0137" 8268
"/Engine/EngineMaterials/Substrate/Glints2/dict_0003_0138" 8269
"/Engine/EngineMaterials/Substrate/Glints2/dict_0003_0139" 8270
"/Engine/EngineMaterials/Substrate/Glints2/dict_0003_0140" 8271
"/Engine/EngineMaterials/Substrate/Glints2/dict_0003_0141" 8272
"/Engine/EngineMaterials/Substrate/Glints2/dict_0003_0142" 8273
"/Engine/EngineMaterials/Substrate/Glints2/dict_0003_0143" 8274
"/Engine/EngineMaterials/Substrate/Glints2/dict_0003_0144" 8275
"/Engine/EngineMaterials/Substrate/Glints2/dict_0003_0145" 8276
"/Engine/EngineMaterials/Substrate/Glints2/dict_0003_0146" 8277
"../../../Engine/Content/EngineMaterials/Substrate/Glints2/dict_0003_0107.uasset" 8278
"../../../Engine/Content/EngineMaterials/Substrate/Glints2/dict_0003_0110.uasset" 8279
"../../../Engine/Content/EngineMaterials/Substrate/Glints2/dict_0003_0103.uasset" 8280
"../../../Engine/Content/EngineMaterials/Substrate/Glints2/dict_0003_0112.uasset" 8281
"../../../Engine/Content/EngineMaterials/Substrate/Glints2/dict_0003_0102.uasset" 8282
"../../../Engine/Content/EngineMaterials/Substrate/Glints2/dict_0003_0101.uasset" 8283
"../../../Engine/Content/EngineMaterials/Substrate/Glints2/dict_0003_0108.uasset" 8284
"../../../Engine/Content/EngineMaterials/Substrate/Glints2/dict_0003_0113.uasset" 8285
"../../../Engine/Content/EngineMaterials/Substrate/Glints2/dict_0003_0114.uasset" 8286
"../../../Engine/Content/EngineMaterials/Substrate/Glints2/dict_0003_0098.uasset" 8287
"../../../Engine/Content/EngineMaterials/Substrate/Glints2/dict_0003_0105.uasset" 8288
"../../../Engine/Content/EngineMaterials/Substrate/Glints2/dict_0003_0106.uasset" 8289
"../../../Engine/Content/EngineMaterials/Substrate/Glints2/dict_0003_0104.uasset" 8290
"../../../Engine/Content/EngineMaterials/Substrate/Glints2/dict_0003_0111.uasset" 8291
"../../../Engine/Content/EngineMaterials/Substrate/Glints2/dict_0003_0099.uasset" 8292
"/Engine/EngineMaterials/Substrate/Glints2/dict_0003_0115" 8293
"../../../Engine/Content/EngineMaterials/Substrate/Glints2/dict_0003_0109.uasset" 8294
"../../../Engine/Content/EngineMaterials/Substrate/Glints2/dict_0003_0100.uasset" 8295
"/Engine/EngineMaterials/Substrate/Glints2/dict_0003_0116" 8296
"/Engine/EngineMaterials/Substrate/Glints2/dict_0003_0117" 8297
"/Engine/EngineMaterials/Substrate/Glints2/dict_0003_0118" 8298
"/Engine/EngineMaterials/Substrate/Glints2/dict_0003_0119" 8299
"/Engine/EngineMaterials/Substrate/Glints2/dict_0003_0120" 8300
"/Engine/EngineMaterials/Substrate/Glints2/dict_0003_0121" 8301
"/Engine/EngineMaterials/Substrate/Glints2/dict_0003_0122" 8302
"/Engine/EngineMaterials/Substrate/Glints2/dict_0003_0123" 8303
"/Engine/EngineMaterials/Substrate/Glints2/dict_0003_0124" 8304
"/Engine/EngineMaterials/Substrate/Glints2/dict_0003_0125" 8305
"/Engine/EngineMaterials/Substrate/Glints2/dict_0003_0126" 8306
"/Engine/EngineMaterials/Substrate/Glints2/dict_0003_0127" 8307
"/Engine/EngineMaterials/Substrate/Glints2/dict_0003_0128" 8308
"/Engine/EngineMaterials/Substrate/Glints2/dict_0003_0129" 8309
"/Engine/EngineMaterials/Substrate/Glints2/dict_0003_0101" 8310
"/Engine/EngineMaterials/Substrate/Glints2/dict_0003_0102" 8311
"/Engine/EngineMaterials/Substrate/Glints2/dict_0003_0103" 8312
"/Engine/EngineMaterials/Substrate/Glints2/dict_0003_0107" 8313
"/Engine/EngineMaterials/Substrate/Glints2/dict_0003_0108" 8314
"/Engine/EngineMaterials/Substrate/Glints2/dict_0003_0110" 8315
"/Engine/EngineMaterials/Substrate/Glints2/dict_0003_0112" 8316
"/Engine/EngineMaterials/Substrate/Glints2/dict_0003_0113" 8317
"/Engine/EngineMaterials/Substrate/Glints2/dict_0003_0114" 8318
"../../../Engine/Content/EngineMaterials/Substrate/Glints2/dict_0003_0095.uasset" 8319
"../../../Engine/Content/EngineMaterials/Substrate/Glints2/dict_0003_0097.uasset" 8320
"../../../Engine/Content/EngineMaterials/Substrate/Glints2/dict_0003_0096.uasset" 8321
"../../../Engine/Content/EngineMaterials/Substrate/Glints2/dict_0003_0094.uasset" 8322
"../../../Engine/Content/EngineMaterials/Substrate/Glints2/dict_0003_0093.uasset" 8323
"../../../Engine/Content/EngineMaterials/Substrate/Glints2/dict_0003_0091.uasset" 8324
"../../../Engine/Content/EngineMaterials/Substrate/Glints2/dict_0003_0090.uasset" 8325
"../../../Engine/Content/EngineMaterials/Substrate/Glints2/dict_0003_0088.uasset" 8326
"../../../Engine/Content/EngineMaterials/Substrate/Glints2/dict_0003_0092.uasset" 8327
"../../../Engine/Content/EngineMaterials/Substrate/Glints2/dict_0003_0085.uasset" 8328
"../../../Engine/Content/EngineMaterials/Substrate/Glints2/dict_0003_0084.uasset" 8329
"../../../Engine/Content/EngineMaterials/Substrate/Glints2/dict_0003_0083.uasset" 8330
"../../../Engine/Content/EngineMaterials/Substrate/Glints2/dict_0003_0082.uasset" 8331
"../../../Engine/Content/EngineMaterials/Substrate/Glints2/dict_0003_0089.uasset" 8332
"../../../Engine/Content/EngineMaterials/Substrate/Glints2/dict_0003_0078.uasset" 8333
"../../../Engine/Content/EngineMaterials/Substrate/Glints2/dict_0003_0086.uasset" 8334
"../../../Engine/Content/EngineMaterials/Substrate/Glints2/dict_0003_0075.uasset" 8335
"/Engine/EngineMaterials/Substrate/Glints2/dict_0003_0098" 8336
"../../../Engine/Content/EngineMaterials/Substrate/Glints2/dict_0003_0087.uasset" 8337
"../../../Engine/Content/EngineMaterials/Substrate/Glints2/dict_0003_0079.uasset" 8338
"../../../Engine/Content/EngineMaterials/Substrate/Glints2/dict_0003_0077.uasset" 8339
"../../../Engine/Content/EngineMaterials/Substrate/Glints2/dict_0003_0076.uasset" 8340
"../../../Engine/Content/EngineMaterials/Substrate/Glints2/dict_0003_0074.uasset" 8341
"../../../Engine/Content/EngineMaterials/Substrate/Glints2/dict_0003_0080.uasset" 8342
"../../../Engine/Content/EngineMaterials/Substrate/Glints2/dict_0003_0081.uasset" 8343
"/Engine/EngineMaterials/Substrate/Glints2/dict_0003_0099" 8344
"/Engine/EngineMaterials/Substrate/Glints2/dict_0003_0100" 8345
"/Engine/EngineMaterials/Substrate/Glints2/dict_0003_0091" 8346
"/Engine/EngineMaterials/Substrate/Glints2/dict_0003_0104" 8347
"/Engine/EngineMaterials/Substrate/Glints2/dict_0003_0105" 8348
"/Engine/EngineMaterials/Substrate/Glints2/dict_0003_0106" 8349
"/Engine/EngineMaterials/Substrate/Glints2/dict_0003_0092" 8350
"/Engine/EngineMaterials/Substrate/Glints2/dict_0003_0093" 8351
"/Engine/EngineMaterials/Substrate/Glints2/dict_0003_0109" 8352
"/Engine/EngineMaterials/Substrate/Glints2/dict_0003_0094" 8353
"/Engine/EngineMaterials/Substrate/Glints2/dict_0003_0111" 8354
"/Engine/EngineMaterials/Substrate/Glints2/dict_0003_0095" 8355
"/Engine/EngineMaterials/Substrate/Glints2/dict_0003_0096" 8356
"/Engine/EngineMaterials/Substrate/Glints2/dict_0003_0097" 8357
"../../../Engine/Content/EngineMaterials/Substrate/Glints2/dict_0003_0071.uasset" 8358
"../../../Engine/Content/EngineMaterials/Substrate/Glints2/dict_0003_0072.uasset" 8359
"../../../Engine/Content/EngineMaterials/Substrate/Glints2/dict_0003_0073.uasset" 8360
"../../../Engine/Content/EngineMaterials/Substrate/Glints2/dict_0003_0069.uasset" 8361
"../../../Engine/Content/EngineMaterials/Substrate/Glints2/dict_0003_0067.uasset" 8362
"../../../Engine/Content/EngineMaterials/Substrate/Glints2/dict_0003_0065.uasset" 8363
"../../../Engine/Content/EngineMaterials/Substrate/Glints2/dict_0003_0064.uasset" 8364
"../../../Engine/Content/EngineMaterials/Substrate/Glints2/dict_0003_0070.uasset" 8365
"../../../Engine/Content/EngineMaterials/Substrate/Glints2/dict_0003_0062.uasset" 8366
"../../../Engine/Content/EngineMaterials/Substrate/Glints2/dict_0003_0060.uasset" 8367
"../../../Engine/Content/EngineMaterials/Substrate/Glints2/dict_0003_0059.uasset" 8368
"../../../Engine/Content/EngineMaterials/Substrate/Glints2/dict_0003_0066.uasset" 8369
"../../../Engine/Content/EngineMaterials/Substrate/Glints2/dict_0003_0061.uasset" 8370
"../../../Engine/Content/EngineMaterials/Substrate/Glints2/dict_0003_0063.uasset" 8371
"../../../Engine/Content/EngineMaterials/Substrate/Glints2/dict_0003_0068.uasset" 8372
"/Engine/EngineMaterials/Substrate/Glints2/dict_0003_0074" 8373
"/Engine/EngineMaterials/Substrate/Glints2/dict_0003_0075" 8374
"/Engine/EngineMaterials/Substrate/Glints2/dict_0003_0076" 8375
"/Engine/EngineMaterials/Substrate/Glints2/dict_0003_0077" 8376
"/Engine/EngineMaterials/Substrate/Glints2/dict_0003_0078" 8377
"/Engine/EngineMaterials/Substrate/Glints2/dict_0003_0079" 8378
"/Engine/EngineMaterials/Substrate/Glints2/dict_0003_0080" 8379
"/Engine/EngineMaterials/Substrate/Glints2/dict_0003_0081" 8380
"/Engine/EngineMaterials/Substrate/Glints2/dict_0003_0082" 8381
"/Engine/EngineMaterials/Substrate/Glints2/dict_0003_0083" 8382
"/Engine/EngineMaterials/Substrate/Glints2/dict_0003_0084" 8383
"/Engine/EngineMaterials/Substrate/Glints2/dict_0003_0085" 8384
"/Engine/EngineMaterials/Substrate/Glints2/dict_0003_0086" 8385
"/Engine/EngineMaterials/Substrate/Glints2/dict_0003_0087" 8386
"/Engine/EngineMaterials/Substrate/Glints2/dict_0003_0088" 8387
"/Engine/EngineMaterials/Substrate/Glints2/dict_0003_0089" 8388
"/Engine/EngineMaterials/Substrate/Glints2/dict_0003_0090" 8389
"/Engine/EngineMaterials/Substrate/Glints2/dict_0003_0065" 8390
"/Engine/EngineMaterials/Substrate/Glints2/dict_0003_0067" 8391
"/Engine/EngineMaterials/Substrate/Glints2/dict_0003_0069" 8392
"/Engine/EngineMaterials/Substrate/Glints2/dict_0003_0071" 8393
"/Engine/EngineMaterials/Substrate/Glints2/dict_0003_0072" 8394
"/Engine/EngineMaterials/Substrate/Glints2/dict_0003_0073" 8395
"../../../Engine/Content/EngineMaterials/Substrate/Glints2/dict_0003_0058.uasset" 8396
"../../../Engine/Content/EngineMaterials/Substrate/Glints2/dict_0003_0055.uasset" 8397
"../../../Engine/Content/EngineMaterials/Substrate/Glints2/dict_0003_0057.uasset" 8398
"../../../Engine/Content/EngineMaterials/Substrate/Glints2/dict_0003_0052.uasset" 8399
"../../../Engine/Content/EngineMaterials/Substrate/Glints2/dict_0003_0049.uasset" 8400
"../../../Engine/Content/EngineMaterials/Substrate/Glints2/dict_0003_0053.uasset" 8401
"../../../Engine/Content/EngineMaterials/Substrate/Glints2/dict_0003_0051.uasset" 8402
"../../../Engine/Content/EngineMaterials/Substrate/Glints2/dict_0003_0056.uasset" 8403
"../../../Engine/Content/EngineMaterials/Substrate/Glints2/dict_0003_0050.uasset" 8404
"../../../Engine/Content/EngineMaterials/Substrate/Glints2/dict_0003_0044.uasset" 8405
"../../../Engine/Content/EngineMaterials/Substrate/Glints2/dict_0003_0048.uasset" 8406
"../../../Engine/Content/EngineMaterials/Substrate/Glints2/dict_0003_0041.uasset" 8407
"../../../Engine/Content/EngineMaterials/Substrate/Glints2/dict_0003_0046.uasset" 8408
"../../../Engine/Content/EngineMaterials/Substrate/Glints2/dict_0003_0039.uasset" 8409
"../../../Engine/Content/EngineMaterials/Substrate/Glints2/dict_0003_0045.uasset" 8410
"../../../Engine/Content/EngineMaterials/Substrate/Glints2/dict_0003_0036.uasset" 8411
"../../../Engine/Content/EngineMaterials/Substrate/Glints2/dict_0003_0043.uasset" 8412
"../../../Engine/Content/EngineMaterials/Substrate/Glints2/dict_0003_0042.uasset" 8413
"/Engine/EngineMaterials/Substrate/Glints2/dict_0003_0059" 8414
"../../../Engine/Content/EngineMaterials/Substrate/Glints2/dict_0003_0040.uasset" 8415
"../../../Engine/Content/EngineMaterials/Substrate/Glints2/dict_0003_0047.uasset" 8416
"../../../Engine/Content/EngineMaterials/Substrate/Glints2/dict_0003_0038.uasset" 8417
"../../../Engine/Content/EngineMaterials/Substrate/Glints2/dict_0003_0037.uasset" 8418
"../../../Engine/Content/EngineMaterials/Substrate/Glints2/dict_0003_0054.uasset" 8419
"/Engine/EngineMaterials/Substrate/Glints2/dict_0003_0060" 8420
"/Engine/EngineMaterials/Substrate/Glints2/dict_0003_0061" 8421
"/Engine/EngineMaterials/Substrate/Glints2/dict_0003_0062" 8422
"/Engine/EngineMaterials/Substrate/Glints2/dict_0003_0063" 8423
"/Engine/EngineMaterials/Substrate/Glints2/dict_0003_0064" 8424
"/Engine/EngineMaterials/Substrate/Glints2/dict_0003_0066" 8425
"/Engine/EngineMaterials/Substrate/Glints2/dict_0003_0068" 8426
"/Engine/EngineMaterials/Substrate/Glints2/dict_0003_0055" 8427
"/Engine/EngineMaterials/Substrate/Glints2/dict_0003_0070" 8428
"/Engine/EngineMaterials/Substrate/Glints2/dict_0003_0057" 8429
"/Engine/EngineMaterials/Substrate/Glints2/dict_0003_0058" 8430
"../../../Engine/Content/EngineMaterials/Substrate/Glints2/dict_0003_0035.uasset" 8431
"../../../Engine/Content/EngineMaterials/Substrate/Glints2/dict_0003_0032.uasset" 8432
"../../../Engine/Content/EngineMaterials/Substrate/Glints2/dict_0003_0034.uasset" 8433
"../../../Engine/Content/EngineMaterials/Substrate/Glints2/dict_0003_0031.uasset" 8434
"../../../Engine/Content/EngineMaterials/Substrate/Glints2/dict_0003_0026.uasset" 8435
"../../../Engine/Content/EngineMaterials/Substrate/Glints2/dict_0003_0025.uasset" 8436
"../../../Engine/Content/EngineMaterials/Substrate/Glints2/dict_0003_0033.uasset" 8437
"../../../Engine/Content/EngineMaterials/Substrate/Glints2/dict_0003_0029.uasset" 8438
"../../../Engine/Content/EngineMaterials/Substrate/Glints2/dict_0003_0024.uasset" 8439
"/Engine/EngineMaterials/Substrate/Glints2/dict_0003_0036" 8440
"../../../Engine/Content/EngineMaterials/Substrate/Glints2/dict_0003_0028.uasset" 8441
"../../../Engine/Content/EngineMaterials/Substrate/Glints2/dict_0003_0030.uasset" 8442
"../../../Engine/Content/EngineMaterials/Substrate/Glints2/dict_0003_0027.uasset" 8443
"/Engine/EngineMaterials/Substrate/Glints2/dict_0003_0037" 8444
"/Engine/EngineMaterials/Substrate/Glints2/dict_0003_0038" 8445
"/Engine/EngineMaterials/Substrate/Glints2/dict_0003_0039" 8446
"/Engine/EngineMaterials/Substrate/Glints2/dict_0003_0040" 8447
"/Engine/EngineMaterials/Substrate/Glints2/dict_0003_0041" 8448
"/Engine/EngineMaterials/Substrate/Glints2/dict_0003_0042" 8449
"/Engine/EngineMaterials/Substrate/Glints2/dict_0003_0043" 8450
"/Engine/EngineMaterials/Substrate/Glints2/dict_0003_0044" 8451
"/Engine/EngineMaterials/Substrate/Glints2/dict_0003_0045" 8452
"/Engine/EngineMaterials/Substrate/Glints2/dict_0003_0046" 8453
"/Engine/EngineMaterials/Substrate/Glints2/dict_0003_0047" 8454
"/Engine/EngineMaterials/Substrate/Glints2/dict_0003_0048" 8455
"/Engine/EngineMaterials/Substrate/Glints2/dict_0003_0049" 8456
"/Engine/EngineMaterials/Substrate/Glints2/dict_0003_0050" 8457
"/Engine/EngineMaterials/Substrate/Glints2/dict_0003_0051" 8458
"/Engine/EngineMaterials/Substrate/Glints2/dict_0003_0052" 8459
"/Engine/EngineMaterials/Substrate/Glints2/dict_0003_0053" 8460
"/Engine/EngineMaterials/Substrate/Glints2/dict_0003_0054" 8461
"/Engine/EngineMaterials/Substrate/Glints2/dict_0003_0032" 8462
"/Engine/EngineMaterials/Substrate/Glints2/dict_0003_0056" 8463
"/Engine/EngineMaterials/Substrate/Glints2/dict_0003_0034" 8464
"/Engine/EngineMaterials/Substrate/Glints2/dict_0003_0035" 8465
"../../../Engine/Content/EngineMaterials/Substrate/Glints2/dict_0003_0022.uasset" 8466
"../../../Engine/Content/EngineMaterials/Substrate/Glints2/dict_0003_0021.uasset" 8467
"../../../Engine/Content/EngineMaterials/Substrate/Glints2/dict_0003_0018.uasset" 8468
"../../../Engine/Content/EngineMaterials/Substrate/Glints2/dict_0003_0023.uasset" 8469
"../../../Engine/Content/EngineMaterials/Substrate/Glints2/dict_0003_0015.uasset" 8470
"../../../Engine/Content/EngineMaterials/Substrate/Glints2/dict_0003_0012.uasset" 8471
"../../../Engine/Content/EngineMaterials/Substrate/Glints2/dict_0003_0019.uasset" 8472
"../../../Engine/Content/EngineMaterials/Substrate/Glints2/dict_0003_0011.uasset" 8473
"../../../Engine/Content/EngineMaterials/Substrate/Glints2/dict_0003_0007.uasset" 8474
"/Engine/EngineMaterials/Substrate/Glints2/dict_0003_0024" 8475
"../../../Engine/Content/EngineMaterials/Substrate/Glints2/dict_0003_0014.uasset" 8476
"../../../Engine/Content/EngineMaterials/Substrate/Glints2/dict_0003_0003.uasset" 8477
"../../../Engine/Content/EngineMaterials/Substrate/Glints2/dict_0003_0020.uasset" 8478
"../../../Engine/Content/EngineMaterials/Substrate/Glints2/dict_0003_0002.uasset" 8479
"../../../Engine/Content/EngineMaterials/Substrate/Glints2/dict_0003_0013.uasset" 8480
"../../../Engine/Content/EngineMaterials/Substrate/Glints2/dict_0003_0009.uasset" 8481
"../../../Engine/Content/EngineMaterials/Substrate/Glints2/dict_0003_0008.uasset" 8482
"../../../Engine/Content/EngineMaterials/Substrate/Glints2/dict_0003_0010.uasset" 8483
"../../../Engine/Content/EngineMaterials/Substrate/Glints2/dict_0003_0017.uasset" 8484
"../../../Engine/Content/EngineMaterials/Substrate/Glints2/dict_0003_0016.uasset" 8485
"../../../Engine/Content/EngineMaterials/Substrate/Glints2/dict_0003_0006.uasset" 8486
"../../../Engine/Content/EngineMaterials/Substrate/Glints2/dict_0003_0005.uasset" 8487
"../../../Engine/Content/EngineMaterials/Substrate/Glints2/dict_0003_0004.uasset" 8488
"../../../Engine/Content/EngineMaterials/Substrate/Glints2/dict_0003_0001.uasset" 8489
"/Engine/EngineMaterials/Substrate/Glints2/dict_0003_0025" 8490
"/Engine/EngineMaterials/Substrate/Glints2/dict_0003_0026" 8491
"/Engine/EngineMaterials/Substrate/Glints2/dict_0003_0027" 8492
"/Engine/EngineMaterials/Substrate/Glints2/dict_0003_0028" 8493
"/Engine/EngineMaterials/Substrate/Glints2/dict_0003_0029" 8494
"/Engine/EngineMaterials/Substrate/Glints2/dict_0003_0018" 8495
"/Engine/EngineMaterials/Substrate/Glints2/dict_0003_0030" 8496
"/Engine/EngineMaterials/Substrate/Glints2/dict_0003_0031" 8497
"/Engine/EngineMaterials/Substrate/Glints2/dict_0003_0033" 8498
"/Engine/EngineMaterials/Substrate/Glints2/dict_0003_0021" 8499
"/Engine/EngineMaterials/Substrate/Glints2/dict_0003_0022" 8500
"/Engine/EngineMaterials/Substrate/Glints2/dict_0003_0023" 8501
"../../../Engine/Content/EngineMaterials/Substrate/Glints2/dict_0003_0000.uasset" 8502
"../../../Engine/Content/EngineMaterials/Substrate/Glints2/dict_0002_0254.uasset" 8503
"../../../Engine/Content/EngineMaterials/Substrate/Glints2/dict_0002_0253.uasset" 8504
"../../../Engine/Content/EngineMaterials/Substrate/Glints2/dict_0002_0250.uasset" 8505
"../../../Engine/Content/EngineMaterials/Substrate/Glints2/dict_0002_0255.uasset" 8506
"../../../Engine/Content/EngineMaterials/Substrate/Glints2/dict_0002_0246.uasset" 8507
"../../../Engine/Content/EngineMaterials/Substrate/Glints2/dict_0002_0252.uasset" 8508
"/Engine/EngineMaterials/Substrate/Glints2/dict_0003_0001" 8509
"../../../Engine/Content/EngineMaterials/Substrate/Glints2/dict_0002_0248.uasset" 8510
"../../../Engine/Content/EngineMaterials/Substrate/Glints2/dict_0002_0251.uasset" 8511
"../../../Engine/Content/EngineMaterials/Substrate/Glints2/dict_0002_0244.uasset" 8512
"../../../Engine/Content/EngineMaterials/Substrate/Glints2/dict_0002_0249.uasset" 8513
"../../../Engine/Content/EngineMaterials/Substrate/Glints2/dict_0002_0245.uasset" 8514
"../../../Engine/Content/EngineMaterials/Substrate/Glints2/dict_0002_0247.uasset" 8515
"/Engine/EngineMaterials/Substrate/Glints2/dict_0003_0002" 8516
"/Engine/EngineMaterials/Substrate/Glints2/dict_0003_0003" 8517
"/Engine/EngineMaterials/Substrate/Glints2/dict_0003_0004" 8518
"/Engine/EngineMaterials/Substrate/Glints2/dict_0003_0005" 8519
"/Engine/EngineMaterials/Substrate/Glints2/dict_0003_0006" 8520
"/Engine/EngineMaterials/Substrate/Glints2/dict_0003_0007" 8521
"/Engine/EngineMaterials/Substrate/Glints2/dict_0003_0008" 8522
"/Engine/EngineMaterials/Substrate/Glints2/dict_0003_0009" 8523
"/Engine/EngineMaterials/Substrate/Glints2/dict_0003_0010" 8524
"/Engine/EngineMaterials/Substrate/Glints2/dict_0003_0011" 8525
"/Engine/EngineMaterials/Substrate/Glints2/dict_0003_0012" 8526
"/Engine/EngineMaterials/Substrate/Glints2/dict_0003_0013" 8527
"/Engine/EngineMaterials/Substrate/Glints2/dict_0003_0014" 8528
"/Engine/EngineMaterials/Substrate/Glints2/dict_0003_0015" 8529
"/Engine/EngineMaterials/Substrate/Glints2/dict_0003_0016" 8530
"/Engine/EngineMaterials/Substrate/Glints2/dict_0003_0017" 8531
"/Engine/EngineMaterials/Substrate/Glints2/dict_0003_0019" 8532
"/Engine/EngineMaterials/Substrate/Glints2/dict_0003_0020" 8533
"/Engine/EngineMaterials/Substrate/Glints2/dict_0002_0253" 8534
"/Engine/EngineMaterials/Substrate/Glints2/dict_0003_0000" 8535
"../../../Engine/Content/EngineMaterials/Substrate/Glints2/dict_0002_0242.uasset" 8536
"../../../Engine/Content/EngineMaterials/Substrate/Glints2/dict_0002_0241.uasset" 8537
"../../../Engine/Content/EngineMaterials/Substrate/Glints2/dict_0002_0240.uasset" 8538
"../../../Engine/Content/EngineMaterials/Substrate/Glints2/dict_0002_0238.uasset" 8539
"../../../Engine/Content/EngineMaterials/Substrate/Glints2/dict_0002_0237.uasset" 8540
"../../../Engine/Content/EngineMaterials/Substrate/Glints2/dict_0002_0235.uasset" 8541
"../../../Engine/Content/EngineMaterials/Substrate/Glints2/dict_0002_0236.uasset" 8542
"../../../Engine/Content/EngineMaterials/Substrate/Glints2/dict_0002_0233.uasset" 8543
"../../../Engine/Content/EngineMaterials/Substrate/Glints2/dict_0002_0234.uasset" 8544
"../../../Engine/Content/EngineMaterials/Substrate/Glints2/dict_0002_0231.uasset" 8545
"../../../Engine/Content/EngineMaterials/Substrate/Glints2/dict_0002_0230.uasset" 8546
"../../../Engine/Content/EngineMaterials/Substrate/Glints2/dict_0002_0232.uasset" 8547
"../../../Engine/Content/EngineMaterials/Substrate/Glints2/dict_0002_0228.uasset" 8548
"../../../Engine/Content/EngineMaterials/Substrate/Glints2/dict_0002_0229.uasset" 8549
"../../../Engine/Content/EngineMaterials/Substrate/Glints2/dict_0002_0224.uasset" 8550
"/Engine/EngineMaterials/Substrate/Glints2/dict_0002_0244" 8551
"../../../Engine/Content/EngineMaterials/Substrate/Glints2/dict_0002_0223.uasset" 8552
"../../../Engine/Content/EngineMaterials/Substrate/Glints2/dict_0002_0227.uasset" 8553
"../../../Engine/Content/EngineMaterials/Substrate/Glints2/dict_0002_0225.uasset" 8554
"../../../Engine/Content/EngineMaterials/Substrate/Glints2/dict_0002_0243.uasset" 8555
"../../../Engine/Content/EngineMaterials/Substrate/Glints2/dict_0002_0226.uasset" 8556
"../../../Engine/Content/EngineMaterials/Substrate/Glints2/dict_0002_0239.uasset" 8557
"/Engine/EngineMaterials/Substrate/Glints2/dict_0002_0245" 8558
"/Engine/EngineMaterials/Substrate/Glints2/dict_0002_0246" 8559
"/Engine/EngineMaterials/Substrate/Glints2/dict_0002_0238" 8560
"/Engine/EngineMaterials/Substrate/Glints2/dict_0002_0247" 8561
"/Engine/EngineMaterials/Substrate/Glints2/dict_0002_0248" 8562
"/Engine/EngineMaterials/Substrate/Glints2/dict_0002_0249" 8563
"/Engine/EngineMaterials/Substrate/Glints2/dict_0002_0250" 8564
"/Engine/EngineMaterials/Substrate/Glints2/dict_0002_0251" 8565
"/Engine/EngineMaterials/Substrate/Glints2/dict_0002_0240" 8566
"/Engine/EngineMaterials/Substrate/Glints2/dict_0002_0252" 8567
"/Engine/EngineMaterials/Substrate/Glints2/dict_0002_0241" 8568
"/Engine/EngineMaterials/Substrate/Glints2/dict_0002_0254" 8569
"/Engine/EngineMaterials/Substrate/Glints2/dict_0002_0255" 8570
"../../../Engine/Content/EngineMaterials/Substrate/Glints2/dict_0002_0222.uasset" 8571
"../../../Engine/Content/EngineMaterials/Substrate/Glints2/dict_0002_0220.uasset" 8572
"../../../Engine/Content/EngineMaterials/Substrate/Glints2/dict_0002_0221.uasset" 8573
"../../../Engine/Content/EngineMaterials/Substrate/Glints2/dict_0002_0217.uasset" 8574
"../../../Engine/Content/EngineMaterials/Substrate/Glints2/dict_0002_0216.uasset" 8575
"../../../Engine/Content/EngineMaterials/Substrate/Glints2/dict_0002_0215.uasset" 8576
"../../../Engine/Content/EngineMaterials/Substrate/Glints2/dict_0002_0213.uasset" 8577
"../../../Engine/Content/EngineMaterials/Substrate/Glints2/dict_0002_0218.uasset" 8578
"../../../Engine/Content/EngineMaterials/Substrate/Glints2/dict_0002_0211.uasset" 8579
"../../../Engine/Content/EngineMaterials/Substrate/Glints2/dict_0002_0210.uasset" 8580
"../../../Engine/Content/EngineMaterials/Substrate/Glints2/dict_0002_0212.uasset" 8581
"../../../Engine/Content/EngineMaterials/Substrate/Glints2/dict_0002_0214.uasset" 8582
"../../../Engine/Content/EngineMaterials/Substrate/Glints2/dict_0002_0209.uasset" 8583
"../../../Engine/Content/EngineMaterials/Substrate/Glints2/dict_0002_0219.uasset" 8584
"/Engine/EngineMaterials/Substrate/Glints2/dict_0002_0223" 8585
"/Engine/EngineMaterials/Substrate/Glints2/dict_0002_0224" 8586
"/Engine/EngineMaterials/Substrate/Glints2/dict_0002_0225" 8587
"/Engine/EngineMaterials/Substrate/Glints2/dict_0002_0226" 8588
"/Engine/EngineMaterials/Substrate/Glints2/dict_0002_0227" 8589
"/Engine/EngineMaterials/Substrate/Glints2/dict_0002_0228" 8590
"/Engine/EngineMaterials/Substrate/Glints2/dict_0002_0229" 8591
"/Engine/EngineMaterials/Substrate/Glints2/dict_0002_0230" 8592
"/Engine/EngineMaterials/Substrate/Glints2/dict_0002_0231" 8593
"/Engine/EngineMaterials/Substrate/Glints2/dict_0002_0232" 8594
"/Engine/EngineMaterials/Substrate/Glints2/dict_0002_0233" 8595
"/Engine/EngineMaterials/Substrate/Glints2/dict_0002_0234" 8596
"/Engine/EngineMaterials/Substrate/Glints2/dict_0002_0235" 8597
"/Engine/EngineMaterials/Substrate/Glints2/dict_0002_0236" 8598
"/Engine/EngineMaterials/Substrate/Glints2/dict_0002_0237" 8599
"/Engine/EngineMaterials/Substrate/Glints2/dict_0002_0239" 8600
"/Engine/EngineMaterials/Substrate/Glints2/dict_0002_0216" 8601
"/Engine/EngineMaterials/Substrate/Glints2/dict_0002_0220" 8602
"/Engine/EngineMaterials/Substrate/Glints2/dict_0002_0242" 8603
"/Engine/EngineMaterials/Substrate/Glints2/dict_0002_0221" 8604
"/Engine/EngineMaterials/Substrate/Glints2/dict_0002_0243" 8605
"../../../Engine/Content/EngineMaterials/Substrate/Glints2/dict_0002_0208.uasset" 8606
"../../../Engine/Content/EngineMaterials/Substrate/Glints2/dict_0002_0207.uasset" 8607
"../../../Engine/Content/EngineMaterials/Substrate/Glints2/dict_0002_0205.uasset" 8608
"../../../Engine/Content/EngineMaterials/Substrate/Glints2/dict_0002_0206.uasset" 8609
"../../../Engine/Content/EngineMaterials/Substrate/Glints2/dict_0002_0202.uasset" 8610
"../../../Engine/Content/EngineMaterials/Substrate/Glints2/dict_0002_0200.uasset" 8611
"../../../Engine/Content/EngineMaterials/Substrate/Glints2/dict_0002_0199.uasset" 8612
"../../../Engine/Content/EngineMaterials/Substrate/Glints2/dict_0002_0197.uasset" 8613
"../../../Engine/Content/EngineMaterials/Substrate/Glints2/dict_0002_0198.uasset" 8614
"../../../Engine/Content/EngineMaterials/Substrate/Glints2/dict_0002_0195.uasset" 8615
"../../../Engine/Content/EngineMaterials/Substrate/Glints2/dict_0002_0203.uasset" 8616
"../../../Engine/Content/EngineMaterials/Substrate/Glints2/dict_0002_0192.uasset" 8617
"../../../Engine/Content/EngineMaterials/Substrate/Glints2/dict_0002_0204.uasset" 8618
"../../../Engine/Content/EngineMaterials/Substrate/Glints2/dict_0002_0201.uasset" 8619
"../../../Engine/Content/EngineMaterials/Substrate/Glints2/dict_0002_0190.uasset" 8620
"../../../Engine/Content/EngineMaterials/Substrate/Glints2/dict_0002_0194.uasset" 8621
"../../../Engine/Content/EngineMaterials/Substrate/Glints2/dict_0002_0189.uasset" 8622
"../../../Engine/Content/EngineMaterials/Substrate/Glints2/dict_0002_0193.uasset" 8623
"../../../Engine/Content/EngineMaterials/Substrate/Glints2/dict_0002_0191.uasset" 8624
"/Engine/EngineMaterials/Substrate/Glints2/dict_0002_0209" 8625
"../../../Engine/Content/EngineMaterials/Substrate/Glints2/dict_0002_0188.uasset" 8626
"../../../Engine/Content/EngineMaterials/Substrate/Glints2/dict_0002_0196.uasset" 8627
"/Engine/EngineMaterials/Substrate/Glints2/dict_0002_0210" 8628
"/Engine/EngineMaterials/Substrate/Glints2/dict_0002_0211" 8629
"/Engine/EngineMaterials/Substrate/Glints2/dict_0002_0212" 8630
"/Engine/EngineMaterials/Substrate/Glints2/dict_0002_0213" 8631
"/Engine/EngineMaterials/Substrate/Glints2/dict_0002_0214" 8632
"/Engine/EngineMaterials/Substrate/Glints2/dict_0002_0215" 8633
"/Engine/EngineMaterials/Substrate/Glints2/dict_0002_0217" 8634
"/Engine/EngineMaterials/Substrate/Glints2/dict_0002_0218" 8635
"/Engine/EngineMaterials/Substrate/Glints2/dict_0002_0219" 8636
"/Engine/EngineMaterials/Substrate/Glints2/dict_0002_0205" 8637
"/Engine/EngineMaterials/Substrate/Glints2/dict_0002_0206" 8638
"/Engine/EngineMaterials/Substrate/Glints2/dict_0002_0207" 8639
"/Engine/EngineMaterials/Substrate/Glints2/dict_0002_0222" 8640
"/Engine/EngineMaterials/Substrate/Glints2/dict_0002_0208" 8641
"../../../Engine/Content/EngineMaterials/Substrate/Glints2/dict_0002_0187.uasset" 8642
"../../../Engine/Content/EngineMaterials/Substrate/Glints2/dict_0002_0186.uasset" 8643
"../../../Engine/Content/EngineMaterials/Substrate/Glints2/dict_0002_0185.uasset" 8644
"../../../Engine/Content/EngineMaterials/Substrate/Glints2/dict_0002_0184.uasset" 8645
"../../../Engine/Content/EngineMaterials/Substrate/Glints2/dict_0002_0183.uasset" 8646
"../../../Engine/Content/EngineMaterials/Substrate/Glints2/dict_0002_0182.uasset" 8647
"../../../Engine/Content/EngineMaterials/Substrate/Glints2/dict_0002_0177.uasset" 8648
"../../../Engine/Content/EngineMaterials/Substrate/Glints2/dict_0002_0178.uasset" 8649
"../../../Engine/Content/EngineMaterials/Substrate/Glints2/dict_0002_0174.uasset" 8650
"../../../Engine/Content/EngineMaterials/Substrate/Glints2/dict_0002_0175.uasset" 8651
"../../../Engine/Content/EngineMaterials/Substrate/Glints2/dict_0002_0181.uasset" 8652
"../../../Engine/Content/EngineMaterials/Substrate/Glints2/dict_0002_0176.uasset" 8653
"../../../Engine/Content/EngineMaterials/Substrate/Glints2/dict_0002_0179.uasset" 8654
"/Engine/EngineMaterials/Substrate/Glints2/dict_0002_0188" 8655
"../../../Engine/Content/EngineMaterials/Substrate/Glints2/dict_0002_0180.uasset" 8656
"../../../Engine/Content/EngineMaterials/Substrate/Glints2/dict_0002_0173.uasset" 8657
"/Engine/EngineMaterials/Substrate/Glints2/dict_0002_0189" 8658
"/Engine/EngineMaterials/Substrate/Glints2/dict_0002_0190" 8659
"/Engine/EngineMaterials/Substrate/Glints2/dict_0002_0191" 8660
"/Engine/EngineMaterials/Substrate/Glints2/dict_0002_0192" 8661
"/Engine/EngineMaterials/Substrate/Glints2/dict_0002_0193" 8662
"/Engine/EngineMaterials/Substrate/Glints2/dict_0002_0194" 8663
"/Engine/EngineMaterials/Substrate/Glints2/dict_0002_0195" 8664
"/Engine/EngineMaterials/Substrate/Glints2/dict_0002_0196" 8665
"/Engine/EngineMaterials/Substrate/Glints2/dict_0002_0197" 8666
"/Engine/EngineMaterials/Substrate/Glints2/dict_0002_0198" 8667
"/Engine/EngineMaterials/Substrate/Glints2/dict_0002_0199" 8668
"/Engine/EngineMaterials/Substrate/Glints2/dict_0002_0200" 8669
"/Engine/EngineMaterials/Substrate/Glints2/dict_0002_0201" 8670
"/Engine/EngineMaterials/Substrate/Glints2/dict_0002_0202" 8671
"/Engine/EngineMaterials/Substrate/Glints2/dict_0002_0203" 8672
"/Engine/EngineMaterials/Substrate/Glints2/dict_0002_0204" 8673
"/Engine/EngineMaterials/Substrate/Glints2/dict_0002_0183" 8674
"/Engine/EngineMaterials/Substrate/Glints2/dict_0002_0184" 8675
"/Engine/EngineMaterials/Substrate/Glints2/dict_0002_0185" 8676
"/Engine/EngineMaterials/Substrate/Glints2/dict_0002_0186" 8677
"/Engine/EngineMaterials/Substrate/Glints2/dict_0002_0187" 8678
"../../../Engine/Content/EngineMaterials/Substrate/Glints2/dict_0002_0172.uasset" 8679
"../../../Engine/Content/EngineMaterials/Substrate/Glints2/dict_0002_0171.uasset" 8680
"../../../Engine/Content/EngineMaterials/Substrate/Glints2/dict_0002_0170.uasset" 8681
"../../../Engine/Content/EngineMaterials/Substrate/Glints2/dict_0002_0169.uasset" 8682
"../../../Engine/Content/EngineMaterials/Substrate/Glints2/dict_0002_0166.uasset" 8683
"../../../Engine/Content/EngineMaterials/Substrate/Glints2/dict_0002_0162.uasset" 8684
"../../../Engine/Content/EngineMaterials/Substrate/Glints2/dict_0002_0167.uasset" 8685
"../../../Engine/Content/EngineMaterials/Substrate/Glints2/dict_0002_0160.uasset" 8686
"../../../Engine/Content/EngineMaterials/Substrate/Glints2/dict_0002_0168.uasset" 8687
"../../../Engine/Content/EngineMaterials/Substrate/Glints2/dict_0002_0157.uasset" 8688
"../../../Engine/Content/EngineMaterials/Substrate/Glints2/dict_0002_0164.uasset" 8689
"../../../Engine/Content/EngineMaterials/Substrate/Glints2/dict_0002_0155.uasset" 8690
"../../../Engine/Content/EngineMaterials/Substrate/Glints2/dict_0002_0163.uasset" 8691
"../../../Engine/Content/EngineMaterials/Substrate/Glints2/dict_0002_0153.uasset" 8692
"/Engine/EngineMaterials/Substrate/Glints2/dict_0002_0173" 8693
"../../../Engine/Content/EngineMaterials/Substrate/Glints2/dict_0002_0156.uasset" 8694
"../../../Engine/Content/EngineMaterials/Substrate/Glints2/dict_0002_0152.uasset" 8695
"../../../Engine/Content/EngineMaterials/Substrate/Glints2/dict_0002_0165.uasset" 8696
"../../../Engine/Content/EngineMaterials/Substrate/Glints2/dict_0002_0158.uasset" 8697
"../../../Engine/Content/EngineMaterials/Substrate/Glints2/dict_0002_0151.uasset" 8698
"../../../Engine/Content/EngineMaterials/Substrate/Glints2/dict_0002_0154.uasset" 8699
"../../../Engine/Content/EngineMaterials/Substrate/Glints2/dict_0002_0161.uasset" 8700
"../../../Engine/Content/EngineMaterials/Substrate/Glints2/dict_0002_0159.uasset" 8701
"/Engine/EngineMaterials/Substrate/Glints2/dict_0002_0174" 8702
"/Engine/EngineMaterials/Substrate/Glints2/dict_0002_0175" 8703
"/Engine/EngineMaterials/Substrate/Glints2/dict_0002_0176" 8704
"/Engine/EngineMaterials/Substrate/Glints2/dict_0002_0177" 8705
"/Engine/EngineMaterials/Substrate/Glints2/dict_0002_0178" 8706
"/Engine/EngineMaterials/Substrate/Glints2/dict_0002_0179" 8707
"/Engine/EngineMaterials/Substrate/Glints2/dict_0002_0180" 8708
"/Engine/EngineMaterials/Substrate/Glints2/dict_0002_0181" 8709
"/Engine/EngineMaterials/Substrate/Glints2/dict_0002_0182" 8710
"/Engine/EngineMaterials/Substrate/Glints2/dict_0002_0169" 8711
"/Engine/EngineMaterials/Substrate/Glints2/dict_0002_0170" 8712
"/Engine/EngineMaterials/Substrate/Glints2/dict_0002_0171" 8713
"/Engine/EngineMaterials/Substrate/Glints2/dict_0002_0172" 8714
"../../../Engine/Content/EngineMaterials/Substrate/Glints2/dict_0002_0150.uasset" 8715
"../../../Engine/Content/EngineMaterials/Substrate/Glints2/dict_0002_0148.uasset" 8716
"../../../Engine/Content/EngineMaterials/Substrate/Glints2/dict_0002_0149.uasset" 8717
"../../../Engine/Content/EngineMaterials/Substrate/Glints2/dict_0002_0145.uasset" 8718
"../../../Engine/Content/EngineMaterials/Substrate/Glints2/dict_0002_0147.uasset" 8719
"../../../Engine/Content/EngineMaterials/Substrate/Glints2/dict_0002_0143.uasset" 8720
"../../../Engine/Content/EngineMaterials/Substrate/Glints2/dict_0002_0142.uasset" 8721
"../../../Engine/Content/EngineMaterials/Substrate/Glints2/dict_0002_0141.uasset" 8722
"../../../Engine/Content/EngineMaterials/Substrate/Glints2/dict_0002_0139.uasset" 8723
"../../../Engine/Content/EngineMaterials/Substrate/Glints2/dict_0002_0138.uasset" 8724
"../../../Engine/Content/EngineMaterials/Substrate/Glints2/dict_0002_0146.uasset" 8725
"../../../Engine/Content/EngineMaterials/Substrate/Glints2/dict_0002_0144.uasset" 8726
"../../../Engine/Content/EngineMaterials/Substrate/Glints2/dict_0002_0137.uasset" 8727
"/Engine/EngineMaterials/Substrate/Glints2/dict_0002_0151" 8728
"../../../Engine/Content/EngineMaterials/Substrate/Glints2/dict_0002_0140.uasset" 8729
"/Engine/EngineMaterials/Substrate/Glints2/dict_0002_0152" 8730
"/Engine/EngineMaterials/Substrate/Glints2/dict_0002_0153" 8731
"/Engine/EngineMaterials/Substrate/Glints2/dict_0002_0154" 8732
"/Engine/EngineMaterials/Substrate/Glints2/dict_0002_0155" 8733
"/Engine/EngineMaterials/Substrate/Glints2/dict_0002_0156" 8734
"/Engine/EngineMaterials/Substrate/Glints2/dict_0002_0157" 8735
"/Engine/EngineMaterials/Substrate/Glints2/dict_0002_0158" 8736
"/Engine/EngineMaterials/Substrate/Glints2/dict_0002_0159" 8737
"/Engine/EngineMaterials/Substrate/Glints2/dict_0002_0160" 8738
"/Engine/EngineMaterials/Substrate/Glints2/dict_0002_0161" 8739
"/Engine/EngineMaterials/Substrate/Glints2/dict_0002_0162" 8740
"/Engine/EngineMaterials/Substrate/Glints2/dict_0002_0163" 8741
"/Engine/EngineMaterials/Substrate/Glints2/dict_0002_0164" 8742
"/Engine/EngineMaterials/Substrate/Glints2/dict_0002_0165" 8743
"/Engine/EngineMaterials/Substrate/Glints2/dict_0002_0166" 8744
"/Engine/EngineMaterials/Substrate/Glints2/dict_0002_0167" 8745
"/Engine/EngineMaterials/Substrate/Glints2/dict_0002_0145" 8746
"/Engine/EngineMaterials/Substrate/Glints2/dict_0002_0168" 8747
"/Engine/EngineMaterials/Substrate/Glints2/dict_0002_0147" 8748
"/Engine/EngineMaterials/Substrate/Glints2/dict_0002_0148" 8749
"/Engine/EngineMaterials/Substrate/Glints2/dict_0002_0149" 8750
"/Engine/EngineMaterials/Substrate/Glints2/dict_0002_0150" 8751
"../../../Engine/Content/EngineMaterials/Substrate/Glints2/dict_0002_0135.uasset" 8752
"../../../Engine/Content/EngineMaterials/Substrate/Glints2/dict_0002_0134.uasset" 8753
"../../../Engine/Content/EngineMaterials/Substrate/Glints2/dict_0002_0133.uasset" 8754
"../../../Engine/Content/EngineMaterials/Substrate/Glints2/dict_0002_0130.uasset" 8755
"../../../Engine/Content/EngineMaterials/Substrate/Glints2/dict_0002_0129.uasset" 8756
"../../../Engine/Content/EngineMaterials/Substrate/Glints2/dict_0002_0128.uasset" 8757
"../../../Engine/Content/EngineMaterials/Substrate/Glints2/dict_0002_0126.uasset" 8758
"../../../Engine/Content/EngineMaterials/Substrate/Glints2/dict_0002_0127.uasset" 8759
"../../../Engine/Content/EngineMaterials/Substrate/Glints2/dict_0002_0123.uasset" 8760
"../../../Engine/Content/EngineMaterials/Substrate/Glints2/dict_0002_0136.uasset" 8761
"../../../Engine/Content/EngineMaterials/Substrate/Glints2/dict_0002_0131.uasset" 8762
"../../../Engine/Content/EngineMaterials/Substrate/Glints2/dict_0002_0120.uasset" 8763
"../../../Engine/Content/EngineMaterials/Substrate/Glints2/dict_0002_0118.uasset" 8764
"../../../Engine/Content/EngineMaterials/Substrate/Glints2/dict_0002_0119.uasset" 8765
"../../../Engine/Content/EngineMaterials/Substrate/Glints2/dict_0002_0124.uasset" 8766
"../../../Engine/Content/EngineMaterials/Substrate/Glints2/dict_0002_0115.uasset" 8767
"../../../Engine/Content/EngineMaterials/Substrate/Glints2/dict_0002_0122.uasset" 8768
"../../../Engine/Content/EngineMaterials/Substrate/Glints2/dict_0002_0121.uasset" 8769
"../../../Engine/Content/EngineMaterials/Substrate/Glints2/dict_0002_0125.uasset" 8770
"/Engine/EngineMaterials/Substrate/Glints2/dict_0002_0137" 8771
"../../../Engine/Content/EngineMaterials/Substrate/Glints2/dict_0002_0117.uasset" 8772
"../../../Engine/Content/EngineMaterials/Substrate/Glints2/dict_0002_0132.uasset" 8773
"../../../Engine/Content/EngineMaterials/Substrate/Glints2/dict_0002_0116.uasset" 8774
"../../../Engine/Content/EngineMaterials/Substrate/Glints2/dict_0002_0114.uasset" 8775
"/Engine/EngineMaterials/Substrate/Glints2/dict_0002_0138" 8776
"/Engine/EngineMaterials/Substrate/Glints2/dict_0002_0139" 8777
"/Engine/EngineMaterials/Substrate/Glints2/dict_0002_0140" 8778
"/Engine/EngineMaterials/Substrate/Glints2/dict_0002_0141" 8779
"/Engine/EngineMaterials/Substrate/Glints2/dict_0002_0142" 8780
"/Engine/EngineMaterials/Substrate/Glints2/dict_0002_0143" 8781
"/Engine/EngineMaterials/Substrate/Glints2/dict_0002_0130" 8782
"/Engine/EngineMaterials/Substrate/Glints2/dict_0002_0144" 8783
"/Engine/EngineMaterials/Substrate/Glints2/dict_0002_0146" 8784
"/Engine/EngineMaterials/Substrate/Glints2/dict_0002_0133" 8785
"/Engine/EngineMaterials/Substrate/Glints2/dict_0002_0134" 8786
"/Engine/EngineMaterials/Substrate/Glints2/dict_0002_0135" 8787
"../../../Engine/Content/EngineMaterials/Substrate/Glints2/dict_0002_0112.uasset" 8788
"../../../Engine/Content/EngineMaterials/Substrate/Glints2/dict_0002_0109.uasset" 8789
"../../../Engine/Content/EngineMaterials/Substrate/Glints2/dict_0002_0110.uasset" 8790
"../../../Engine/Content/EngineMaterials/Substrate/Glints2/dict_0002_0106.uasset" 8791
"../../../Engine/Content/EngineMaterials/Substrate/Glints2/dict_0002_0113.uasset" 8792
"../../../Engine/Content/EngineMaterials/Substrate/Glints2/dict_0002_0105.uasset" 8793
"../../../Engine/Content/EngineMaterials/Substrate/Glints2/dict_0002_0111.uasset" 8794
"../../../Engine/Content/EngineMaterials/Substrate/Glints2/dict_0002_0108.uasset" 8795
"../../../Engine/Content/EngineMaterials/Substrate/Glints2/dict_0002_0107.uasset" 8796
"/Engine/EngineMaterials/Substrate/Glints2/dict_0002_0114" 8797
"../../../Engine/Content/EngineMaterials/Substrate/Glints2/dict_0002_0101.uasset" 8798
"../../../Engine/Content/EngineMaterials/Substrate/Glints2/dict_0002_0103.uasset" 8799
"../../../Engine/Content/EngineMaterials/Substrate/Glints2/dict_0002_0104.uasset" 8800
"../../../Engine/Content/EngineMaterials/Substrate/Glints2/dict_0002_0102.uasset" 8801
"/Engine/EngineMaterials/Substrate/Glints2/dict_0002_0115" 8802
"/Engine/EngineMaterials/Substrate/Glints2/dict_0002_0116" 8803
"/Engine/EngineMaterials/Substrate/Glints2/dict_0002_0117" 8804
"/Engine/EngineMaterials/Substrate/Glints2/dict_0002_0118" 8805
"/Engine/EngineMaterials/Substrate/Glints2/dict_0002_0119" 8806
"/Engine/EngineMaterials/Substrate/Glints2/dict_0002_0120" 8807
"/Engine/EngineMaterials/Substrate/Glints2/dict_0002_0121" 8808
"/Engine/EngineMaterials/Substrate/Glints2/dict_0002_0122" 8809
"/Engine/EngineMaterials/Substrate/Glints2/dict_0002_0123" 8810
"/Engine/EngineMaterials/Substrate/Glints2/dict_0002_0124" 8811
"/Engine/EngineMaterials/Substrate/Glints2/dict_0002_0125" 8812
"/Engine/EngineMaterials/Substrate/Glints2/dict_0002_0126" 8813
"/Engine/EngineMaterials/Substrate/Glints2/dict_0002_0127" 8814
"/Engine/EngineMaterials/Substrate/Glints2/dict_0002_0128" 8815
"/Engine/EngineMaterials/Substrate/Glints2/dict_0002_0129" 8816
"/Engine/EngineMaterials/Substrate/Glints2/dict_0002_0105" 8817
"/Engine/EngineMaterials/Substrate/Glints2/dict_0002_0106" 8818
"/Engine/EngineMaterials/Substrate/Glints2/dict_0002_0109" 8819
"/Engine/EngineMaterials/Substrate/Glints2/dict_0002_0131" 8820
"/Engine/EngineMaterials/Substrate/Glints2/dict_0002_0110" 8821
"/Engine/EngineMaterials/Substrate/Glints2/dict_0002_0132" 8822
"/Engine/EngineMaterials/Substrate/Glints2/dict_0002_0111" 8823
"/Engine/EngineMaterials/Substrate/Glints2/dict_0002_0113" 8824
"/Engine/EngineMaterials/Substrate/Glints2/dict_0002_0136" 8825
"../../../Engine/Content/EngineMaterials/Substrate/Glints2/dict_0002_0100.uasset" 8826
"../../../Engine/Content/EngineMaterials/Substrate/Glints2/dict_0002_0099.uasset" 8827
"../../../Engine/Content/EngineMaterials/Substrate/Glints2/dict_0002_0098.uasset" 8828
"../../../Engine/Content/EngineMaterials/Substrate/Glints2/dict_0002_0095.uasset" 8829
"../../../Engine/Content/EngineMaterials/Substrate/Glints2/dict_0002_0094.uasset" 8830
"../../../Engine/Content/EngineMaterials/Substrate/Glints2/dict_0002_0097.uasset" 8831
"../../../Engine/Content/EngineMaterials/Substrate/Glints2/dict_0002_0091.uasset" 8832
"../../../Engine/Content/EngineMaterials/Substrate/Glints2/dict_0002_0088.uasset" 8833
"../../../Engine/Content/EngineMaterials/Substrate/Glints2/dict_0002_0087.uasset" 8834
"../../../Engine/Content/EngineMaterials/Substrate/Glints2/dict_0002_0093.uasset" 8835
"../../../Engine/Content/EngineMaterials/Substrate/Glints2/dict_0002_0090.uasset" 8836
"../../../Engine/Content/EngineMaterials/Substrate/Glints2/dict_0002_0086.uasset" 8837
"/Engine/EngineMaterials/Substrate/Glints2/dict_0002_0101" 8838
"../../../Engine/Content/EngineMaterials/Substrate/Glints2/dict_0002_0083.uasset" 8839
"../../../Engine/Content/EngineMaterials/Substrate/Glints2/dict_0002_0079.uasset" 8840
"../../../Engine/Content/EngineMaterials/Substrate/Glints2/dict_0002_0092.uasset" 8841
"../../../Engine/Content/EngineMaterials/Substrate/Glints2/dict_0002_0078.uasset" 8842
"../../../Engine/Content/EngineMaterials/Substrate/Glints2/dict_0002_0096.uasset" 8843
"../../../Engine/Content/EngineMaterials/Substrate/Glints2/dict_0002_0076.uasset" 8844
"../../../Engine/Content/EngineMaterials/Substrate/Glints2/dict_0002_0082.uasset" 8845
"../../../Engine/Content/EngineMaterials/Substrate/Glints2/dict_0002_0089.uasset" 8846
"../../../Engine/Content/EngineMaterials/Substrate/Glints2/dict_0002_0084.uasset" 8847
"../../../Engine/Content/EngineMaterials/Substrate/Glints2/dict_0002_0080.uasset" 8848
"../../../Engine/Content/EngineMaterials/Substrate/Glints2/dict_0002_0081.uasset" 8849
"../../../Engine/Content/EngineMaterials/Substrate/Glints2/dict_0002_0085.uasset" 8850
"../../../Engine/Content/EngineMaterials/Substrate/Glints2/dict_0002_0077.uasset" 8851
"/Engine/EngineMaterials/Substrate/Glints2/dict_0002_0102" 8852
"/Engine/EngineMaterials/Substrate/Glints2/dict_0002_0103" 8853
"/Engine/EngineMaterials/Substrate/Glints2/dict_0002_0104" 8854
"/Engine/EngineMaterials/Substrate/Glints2/dict_0002_0107" 8855
"/Engine/EngineMaterials/Substrate/Glints2/dict_0002_0108" 8856
"/Engine/EngineMaterials/Substrate/Glints2/dict_0002_0094" 8857
"/Engine/EngineMaterials/Substrate/Glints2/dict_0002_0098" 8858
"/Engine/EngineMaterials/Substrate/Glints2/dict_0002_0112" 8859
"/Engine/EngineMaterials/Substrate/Glints2/dict_0002_0099" 8860
"/Engine/EngineMaterials/Substrate/Glints2/dict_0002_0100" 8861
"../../../Engine/Content/EngineMaterials/Substrate/Glints2/dict_0002_0075.uasset" 8862
"../../../Engine/Content/EngineMaterials/Substrate/Glints2/dict_0002_0073.uasset" 8863
"../../../Engine/Content/EngineMaterials/Substrate/Glints2/dict_0002_0074.uasset" 8864
"../../../Engine/Content/EngineMaterials/Substrate/Glints2/dict_0002_0069.uasset" 8865
"../../../Engine/Content/EngineMaterials/Substrate/Glints2/dict_0002_0070.uasset" 8866
"../../../Engine/Content/EngineMaterials/Substrate/Glints2/dict_0002_0066.uasset" 8867
"../../../Engine/Content/EngineMaterials/Substrate/Glints2/dict_0002_0067.uasset" 8868
"../../../Engine/Content/EngineMaterials/Substrate/Glints2/dict_0002_0068.uasset" 8869
"../../../Engine/Content/EngineMaterials/Substrate/Glints2/dict_0002_0072.uasset" 8870
"../../../Engine/Content/EngineMaterials/Substrate/Glints2/dict_0002_0071.uasset" 8871
"../../../Engine/Content/EngineMaterials/Substrate/Glints2/dict_0002_0065.uasset" 8872
"/Engine/EngineMaterials/Substrate/Glints2/dict_0002_0076" 8873
"/Engine/EngineMaterials/Substrate/Glints2/dict_0002_0077" 8874
"/Engine/EngineMaterials/Substrate/Glints2/dict_0002_0078" 8875
"/Engine/EngineMaterials/Substrate/Glints2/dict_0002_0079" 8876
"/Engine/EngineMaterials/Substrate/Glints2/dict_0002_0080" 8877
"/Engine/EngineMaterials/Substrate/Glints2/dict_0002_0081" 8878
"/Engine/EngineMaterials/Substrate/Glints2/dict_0002_0082" 8879
"/Engine/EngineMaterials/Substrate/Glints2/dict_0002_0083" 8880
"/Engine/EngineMaterials/Substrate/Glints2/dict_0002_0084" 8881
"/Engine/EngineMaterials/Substrate/Glints2/dict_0002_0085" 8882
"/Engine/EngineMaterials/Substrate/Glints2/dict_0002_0086" 8883
"/Engine/EngineMaterials/Substrate/Glints2/dict_0002_0087" 8884
"/Engine/EngineMaterials/Substrate/Glints2/dict_0002_0088" 8885
"/Engine/EngineMaterials/Substrate/Glints2/dict_0002_0089" 8886
"/Engine/EngineMaterials/Substrate/Glints2/dict_0002_0090" 8887
"/Engine/EngineMaterials/Substrate/Glints2/dict_0002_0091" 8888
"/Engine/EngineMaterials/Substrate/Glints2/dict_0002_0092" 8889
"/Engine/EngineMaterials/Substrate/Glints2/dict_0002_0093" 8890
"/Engine/EngineMaterials/Substrate/Glints2/dict_0002_0095" 8891
"/Engine/EngineMaterials/Substrate/Glints2/dict_0002_0096" 8892
"/Engine/EngineMaterials/Substrate/Glints2/dict_0002_0097" 8893
"/Engine/EngineMaterials/Substrate/Glints2/dict_0002_0073" 8894
"/Engine/EngineMaterials/Substrate/Glints2/dict_0002_0075" 8895
"../../../Engine/Content/EngineMaterials/Substrate/Glints2/dict_0002_0064.uasset" 8896
"../../../Engine/Content/EngineMaterials/Substrate/Glints2/dict_0002_0062.uasset" 8897
"../../../Engine/Content/EngineMaterials/Substrate/Glints2/dict_0002_0060.uasset" 8898
"../../../Engine/Content/EngineMaterials/Substrate/Glints2/dict_0002_0063.uasset" 8899
"../../../Engine/Content/EngineMaterials/Substrate/Glints2/dict_0002_0058.uasset" 8900
"../../../Engine/Content/EngineMaterials/Substrate/Glints2/dict_0002_0056.uasset" 8901
"../../../Engine/Content/EngineMaterials/Substrate/Glints2/dict_0002_0061.uasset" 8902
"../../../Engine/Content/EngineMaterials/Substrate/Glints2/dict_0002_0052.uasset" 8903
"../../../Engine/Content/EngineMaterials/Substrate/Glints2/dict_0002_0057.uasset" 8904
"../../../Engine/Content/EngineMaterials/Substrate/Glints2/dict_0002_0055.uasset" 8905
"../../../Engine/Content/EngineMaterials/Substrate/Glints2/dict_0002_0049.uasset" 8906
"../../../Engine/Content/EngineMaterials/Substrate/Glints2/dict_0002_0051.uasset" 8907
"../../../Engine/Content/EngineMaterials/Substrate/Glints2/dict_0002_0047.uasset" 8908
"../../../Engine/Content/EngineMaterials/Substrate/Glints2/dict_0002_0045.uasset" 8909
"../../../Engine/Content/EngineMaterials/Substrate/Glints2/dict_0002_0054.uasset" 8910
"../../../Engine/Content/EngineMaterials/Substrate/Glints2/dict_0002_0044.uasset" 8911
"../../../Engine/Content/EngineMaterials/Substrate/Glints2/dict_0002_0059.uasset" 8912
"../../../Engine/Content/EngineMaterials/Substrate/Glints2/dict_0002_0043.uasset" 8913
"../../../Engine/Content/EngineMaterials/Substrate/Glints2/dict_0002_0046.uasset" 8914
"../../../Engine/Content/EngineMaterials/Substrate/Glints2/dict_0002_0050.uasset" 8915
"/Engine/EngineMaterials/Substrate/Glints2/dict_0002_0065" 8916
"../../../Engine/Content/EngineMaterials/Substrate/Glints2/dict_0002_0048.uasset" 8917
"../../../Engine/Content/EngineMaterials/Substrate/Glints2/dict_0002_0042.uasset" 8918
"../../../Engine/Content/EngineMaterials/Substrate/Glints2/dict_0002_0053.uasset" 8919
"/Engine/EngineMaterials/Substrate/Glints2/dict_0002_0066" 8920
"/Engine/EngineMaterials/Substrate/Glints2/dict_0002_0067" 8921
"/Engine/EngineMaterials/Substrate/Glints2/dict_0002_0068" 8922
"/Engine/EngineMaterials/Substrate/Glints2/dict_0002_0058" 8923
"/Engine/EngineMaterials/Substrate/Glints2/dict_0002_0069" 8924
"/Engine/EngineMaterials/Substrate/Glints2/dict_0002_0070" 8925
"/Engine/EngineMaterials/Substrate/Glints2/dict_0002_0071" 8926
"/Engine/EngineMaterials/Substrate/Glints2/dict_0002_0060" 8927
"/Engine/EngineMaterials/Substrate/Glints2/dict_0002_0062" 8928
"/Engine/EngineMaterials/Substrate/Glints2/dict_0002_0072" 8929
"/Engine/EngineMaterials/Substrate/Glints2/dict_0002_0063" 8930
"/Engine/EngineMaterials/Substrate/Glints2/dict_0002_0074" 8931
"/Engine/EngineMaterials/Substrate/Glints2/dict_0002_0064" 8932
"../../../Engine/Content/EngineMaterials/Substrate/Glints2/dict_0002_0040.uasset" 8933
"../../../Engine/Content/EngineMaterials/Substrate/Glints2/dict_0002_0038.uasset" 8934
"../../../Engine/Content/EngineMaterials/Substrate/Glints2/dict_0002_0036.uasset" 8935
"../../../Engine/Content/EngineMaterials/Substrate/Glints2/dict_0002_0034.uasset" 8936
"../../../Engine/Content/EngineMaterials/Substrate/Glints2/dict_0002_0035.uasset" 8937
"../../../Engine/Content/EngineMaterials/Substrate/Glints2/dict_0002_0032.uasset" 8938
"../../../Engine/Content/EngineMaterials/Substrate/Glints2/dict_0002_0037.uasset" 8939
"../../../Engine/Content/EngineMaterials/Substrate/Glints2/dict_0002_0031.uasset" 8940
"../../../Engine/Content/EngineMaterials/Substrate/Glints2/dict_0002_0030.uasset" 8941
"../../../Engine/Content/EngineMaterials/Substrate/Glints2/dict_0002_0028.uasset" 8942
"../../../Engine/Content/EngineMaterials/Substrate/Glints2/dict_0002_0039.uasset" 8943
"../../../Engine/Content/EngineMaterials/Substrate/Glints2/dict_0002_0041.uasset" 8944
"../../../Engine/Content/EngineMaterials/Substrate/Glints2/dict_0002_0033.uasset" 8945
"../../../Engine/Content/EngineMaterials/Substrate/Glints2/dict_0002_0029.uasset" 8946
"/Engine/EngineMaterials/Substrate/Glints2/dict_0002_0042" 8947
"/Engine/EngineMaterials/Substrate/Glints2/dict_0002_0043" 8948
"/Engine/EngineMaterials/Substrate/Glints2/dict_0002_0044" 8949
"/Engine/EngineMaterials/Substrate/Glints2/dict_0002_0045" 8950
"/Engine/EngineMaterials/Substrate/Glints2/dict_0002_0046" 8951
"/Engine/EngineMaterials/Substrate/Glints2/dict_0002_0047" 8952
"/Engine/EngineMaterials/Substrate/Glints2/dict_0002_0048" 8953
"/Engine/EngineMaterials/Substrate/Glints2/dict_0002_0049" 8954
"/Engine/EngineMaterials/Substrate/Glints2/dict_0002_0050" 8955
"/Engine/EngineMaterials/Substrate/Glints2/dict_0002_0051" 8956
"/Engine/EngineMaterials/Substrate/Glints2/dict_0002_0052" 8957
"/Engine/EngineMaterials/Substrate/Glints2/dict_0002_0053" 8958
"/Engine/EngineMaterials/Substrate/Glints2/dict_0002_0054" 8959
"/Engine/EngineMaterials/Substrate/Glints2/dict_0002_0055" 8960
"/Engine/EngineMaterials/Substrate/Glints2/dict_0002_0056" 8961
"/Engine/EngineMaterials/Substrate/Glints2/dict_0002_0057" 8962
"/Engine/EngineMaterials/Substrate/Glints2/dict_0002_0032" 8963
"/Engine/EngineMaterials/Substrate/Glints2/dict_0002_0059" 8964
"/Engine/EngineMaterials/Substrate/Glints2/dict_0002_0034" 8965
"/Engine/EngineMaterials/Substrate/Glints2/dict_0002_0035" 8966
"/Engine/EngineMaterials/Substrate/Glints2/dict_0002_0036" 8967
"/Engine/EngineMaterials/Substrate/Glints2/dict_0002_0061" 8968
"/Engine/EngineMaterials/Substrate/Glints2/dict_0002_0038" 8969
"/Engine/EngineMaterials/Substrate/Glints2/dict_0002_0040" 8970
"../../../Engine/Content/EngineMaterials/Substrate/Glints2/dict_0002_0027.uasset" 8971
"../../../Engine/Content/EngineMaterials/Substrate/Glints2/dict_0002_0025.uasset" 8972
"../../../Engine/Content/EngineMaterials/Substrate/Glints2/dict_0002_0026.uasset" 8973
"../../../Engine/Content/EngineMaterials/Substrate/Glints2/dict_0002_0021.uasset" 8974
"../../../Engine/Content/EngineMaterials/Substrate/Glints2/dict_0002_0022.uasset" 8975
"../../../Engine/Content/EngineMaterials/Substrate/Glints2/dict_0002_0018.uasset" 8976
"../../../Engine/Content/EngineMaterials/Substrate/Glints2/dict_0002_0017.uasset" 8977
"../../../Engine/Content/EngineMaterials/Substrate/Glints2/dict_0002_0016.uasset" 8978
"../../../Engine/Content/EngineMaterials/Substrate/Glints2/dict_0002_0024.uasset" 8979
"../../../Engine/Content/EngineMaterials/Substrate/Glints2/dict_0002_0020.uasset" 8980
"../../../Engine/Content/EngineMaterials/Substrate/Glints2/dict_0002_0019.uasset" 8981
"../../../Engine/Content/EngineMaterials/Substrate/Glints2/dict_0002_0010.uasset" 8982
"/Engine/EngineMaterials/Substrate/Glints2/dict_0002_0028" 8983
"../../../Engine/Content/EngineMaterials/Substrate/Glints2/dict_0002_0009.uasset" 8984
"../../../Engine/Content/EngineMaterials/Substrate/Glints2/dict_0002_0006.uasset" 8985
"../../../Engine/Content/EngineMaterials/Substrate/Glints2/dict_0002_0014.uasset" 8986
"../../../Engine/Content/EngineMaterials/Substrate/Glints2/dict_0002_0005.uasset" 8987
"../../../Engine/Content/EngineMaterials/Substrate/Glints2/dict_0002_0004.uasset" 8988
"../../../Engine/Content/EngineMaterials/Substrate/Glints2/dict_0002_0011.uasset" 8989
"../../../Engine/Content/EngineMaterials/Substrate/Glints2/dict_0002_0023.uasset" 8990
"../../../Engine/Content/EngineMaterials/Substrate/Glints2/dict_0002_0008.uasset" 8991
"../../../Engine/Content/EngineMaterials/Substrate/Glints2/dict_0002_0007.uasset" 8992
"../../../Engine/Content/EngineMaterials/Substrate/Glints2/dict_0002_0015.uasset" 8993
"../../../Engine/Content/EngineMaterials/Substrate/Glints2/dict_0002_0013.uasset" 8994
"../../../Engine/Content/EngineMaterials/Substrate/Glints2/dict_0002_0012.uasset" 8995
"/Engine/EngineMaterials/Substrate/Glints2/dict_0002_0029" 8996
"/Engine/EngineMaterials/Substrate/Glints2/dict_0002_0030" 8997
"/Engine/EngineMaterials/Substrate/Glints2/dict_0002_0031" 8998
"/Engine/EngineMaterials/Substrate/Glints2/dict_0002_0021" 8999
"/Engine/EngineMaterials/Substrate/Glints2/dict_0002_0033" 9000
"/Engine/EngineMaterials/Substrate/Glints2/dict_0002_0025" 9001
"/Engine/EngineMaterials/Substrate/Glints2/dict_0002_0037" 9002
"/Engine/EngineMaterials/Substrate/Glints2/dict_0002_0026" 9003
"/Engine/EngineMaterials/Substrate/Glints2/dict_0002_0039" 9004
"/Engine/EngineMaterials/Substrate/Glints2/dict_0002_0027" 9005
"/Engine/EngineMaterials/Substrate/Glints2/dict_0002_0041" 9006
"../../../Engine/Content/EngineMaterials/Substrate/Glints2/dict_0002_0003.uasset" 9007
"../../../Engine/Content/EngineMaterials/Substrate/Glints2/dict_0002_0002.uasset" 9008
"../../../Engine/Content/EngineMaterials/Substrate/Glints2/dict_0002_0000.uasset" 9009
"../../../Engine/Content/EngineMaterials/Substrate/Glints2/dict_0002_0001.uasset" 9010
"../../../Engine/Content/EngineMaterials/Substrate/Glints2/dict_0001_0253.uasset" 9011
"../../../Engine/Content/EngineMaterials/Substrate/Glints2/dict_0001_0254.uasset" 9012
"../../../Engine/Content/EngineMaterials/Substrate/Glints2/dict_0001_0251.uasset" 9013
"../../../Engine/Content/EngineMaterials/Substrate/Glints2/dict_0001_0249.uasset" 9014
"../../../Engine/Content/EngineMaterials/Substrate/Glints2/dict_0001_0250.uasset" 9015
"../../../Engine/Content/EngineMaterials/Substrate/Glints2/dict_0001_0255.uasset" 9016
"../../../Engine/Content/EngineMaterials/Substrate/Glints2/dict_0001_0248.uasset" 9017
"/Engine/EngineMaterials/Substrate/Glints2/dict_0002_0004" 9018
"../../../Engine/Content/EngineMaterials/Substrate/Glints2/dict_0001_0252.uasset" 9019
"/Engine/EngineMaterials/Substrate/Glints2/dict_0002_0005" 9020
"/Engine/EngineMaterials/Substrate/Glints2/dict_0002_0006" 9021
"/Engine/EngineMaterials/Substrate/Glints2/dict_0002_0007" 9022
"/Engine/EngineMaterials/Substrate/Glints2/dict_0002_0008" 9023
"/Engine/EngineMaterials/Substrate/Glints2/dict_0002_0009" 9024
"/Engine/EngineMaterials/Substrate/Glints2/dict_0002_0010" 9025
"/Engine/EngineMaterials/Substrate/Glints2/dict_0002_0011" 9026
"/Engine/EngineMaterials/Substrate/Glints2/dict_0002_0012" 9027
"/Engine/EngineMaterials/Substrate/Glints2/dict_0002_0013" 9028
"/Engine/EngineMaterials/Substrate/Glints2/dict_0002_0014" 9029
"/Engine/EngineMaterials/Substrate/Glints2/dict_0002_0015" 9030
"/Engine/EngineMaterials/Substrate/Glints2/dict_0002_0016" 9031
"/Engine/EngineMaterials/Substrate/Glints2/dict_0002_0017" 9032
"/Engine/EngineMaterials/Substrate/Glints2/dict_0002_0018" 9033
"/Engine/EngineMaterials/Substrate/Glints2/dict_0002_0019" 9034
"/Engine/EngineMaterials/Substrate/Glints2/dict_0002_0020" 9035
"/Engine/EngineMaterials/Substrate/Glints2/dict_0002_0022" 9036
"/Engine/EngineMaterials/Substrate/Glints2/dict_0002_0023" 9037
"/Engine/EngineMaterials/Substrate/Glints2/dict_0002_0024" 9038
"/Engine/EngineMaterials/Substrate/Glints2/dict_0002_0000" 9039
"/Engine/EngineMaterials/Substrate/Glints2/dict_0002_0001" 9040
"/Engine/EngineMaterials/Substrate/Glints2/dict_0002_0002" 9041
"/Engine/EngineMaterials/Substrate/Glints2/dict_0002_0003" 9042
"../../../Engine/Content/EngineMaterials/Substrate/Glints2/dict_0001_0247.uasset" 9043
"../../../Engine/Content/EngineMaterials/Substrate/Glints2/dict_0001_0246.uasset" 9044
"../../../Engine/Content/EngineMaterials/Substrate/Glints2/dict_0001_0245.uasset" 9045
"../../../Engine/Content/EngineMaterials/Substrate/Glints2/dict_0001_0241.uasset" 9046
"../../../Engine/Content/EngineMaterials/Substrate/Glints2/dict_0001_0244.uasset" 9047
"../../../Engine/Content/EngineMaterials/Substrate/Glints2/dict_0001_0242.uasset" 9048
"../../../Engine/Content/EngineMaterials/Substrate/Glints2/dict_0001_0237.uasset" 9049
"../../../Engine/Content/EngineMaterials/Substrate/Glints2/dict_0001_0235.uasset" 9050
"../../../Engine/Content/EngineMaterials/Substrate/Glints2/dict_0001_0233.uasset" 9051
"../../../Engine/Content/EngineMaterials/Substrate/Glints2/dict_0001_0238.uasset" 9052
"../../../Engine/Content/EngineMaterials/Substrate/Glints2/dict_0001_0236.uasset" 9053
"../../../Engine/Content/EngineMaterials/Substrate/Glints2/dict_0001_0230.uasset" 9054
"../../../Engine/Content/EngineMaterials/Substrate/Glints2/dict_0001_0239.uasset" 9055
"../../../Engine/Content/EngineMaterials/Substrate/Glints2/dict_0001_0227.uasset" 9056
"../../../Engine/Content/EngineMaterials/Substrate/Glints2/dict_0001_0234.uasset" 9057
"../../../Engine/Content/EngineMaterials/Substrate/Glints2/dict_0001_0226.uasset" 9058
"../../../Engine/Content/EngineMaterials/Substrate/Glints2/dict_0001_0232.uasset" 9059
"../../../Engine/Content/EngineMaterials/Substrate/Glints2/dict_0001_0224.uasset" 9060
"../../../Engine/Content/EngineMaterials/Substrate/Glints2/dict_0001_0231.uasset" 9061
"/Engine/EngineMaterials/Substrate/Glints2/dict_0001_0248" 9062
"../../../Engine/Content/EngineMaterials/Substrate/Glints2/dict_0001_0225.uasset" 9063
"../../../Engine/Content/EngineMaterials/Substrate/Glints2/dict_0001_0228.uasset" 9064
"../../../Engine/Content/EngineMaterials/Substrate/Glints2/dict_0001_0229.uasset" 9065
"../../../Engine/Content/EngineMaterials/Substrate/Glints2/dict_0001_0243.uasset" 9066
"../../../Engine/Content/EngineMaterials/Substrate/Glints2/dict_0001_0240.uasset" 9067
"/Engine/EngineMaterials/Substrate/Glints2/dict_0001_0249" 9068
"/Engine/EngineMaterials/Substrate/Glints2/dict_0001_0250" 9069
"/Engine/EngineMaterials/Substrate/Glints2/dict_0001_0251" 9070
"/Engine/EngineMaterials/Substrate/Glints2/dict_0001_0252" 9071
"/Engine/EngineMaterials/Substrate/Glints2/dict_0001_0253" 9072
"/Engine/EngineMaterials/Substrate/Glints2/dict_0001_0241" 9073
"/Engine/EngineMaterials/Substrate/Glints2/dict_0001_0254" 9074
"/Engine/EngineMaterials/Substrate/Glints2/dict_0001_0255" 9075
"/Engine/EngineMaterials/Substrate/Glints2/dict_0001_0244" 9076
"/Engine/EngineMaterials/Substrate/Glints2/dict_0001_0245" 9077
"/Engine/EngineMaterials/Substrate/Glints2/dict_0001_0246" 9078
"/Engine/EngineMaterials/Substrate/Glints2/dict_0001_0247" 9079
"../../../Engine/Content/EngineMaterials/Substrate/Glints2/dict_0001_0223.uasset" 9080
"../../../Engine/Content/EngineMaterials/Substrate/Glints2/dict_0001_0222.uasset" 9081
"../../../Engine/Content/EngineMaterials/Substrate/Glints2/dict_0001_0221.uasset" 9082
"../../../Engine/Content/EngineMaterials/Substrate/Glints2/dict_0001_0220.uasset" 9083
"../../../Engine/Content/EngineMaterials/Substrate/Glints2/dict_0001_0219.uasset" 9084
"../../../Engine/Content/EngineMaterials/Substrate/Glints2/dict_0001_0217.uasset" 9085
"../../../Engine/Content/EngineMaterials/Substrate/Glints2/dict_0001_0215.uasset" 9086
"../../../Engine/Content/EngineMaterials/Substrate/Glints2/dict_0001_0213.uasset" 9087
"../../../Engine/Content/EngineMaterials/Substrate/Glints2/dict_0001_0218.uasset" 9088
"../../../Engine/Content/EngineMaterials/Substrate/Glints2/dict_0001_0214.uasset" 9089
"../../../Engine/Content/EngineMaterials/Substrate/Glints2/dict_0001_0212.uasset" 9090
"../../../Engine/Content/EngineMaterials/Substrate/Glints2/dict_0001_0211.uasset" 9091
"/Engine/EngineMaterials/Substrate/Glints2/dict_0001_0224" 9092
"../../../Engine/Content/EngineMaterials/Substrate/Glints2/dict_0001_0216.uasset" 9093
"/Engine/EngineMaterials/Substrate/Glints2/dict_0001_0225" 9094
"/Engine/EngineMaterials/Substrate/Glints2/dict_0001_0226" 9095
"/Engine/EngineMaterials/Substrate/Glints2/dict_0001_0227" 9096
"/Engine/EngineMaterials/Substrate/Glints2/dict_0001_0228" 9097
"/Engine/EngineMaterials/Substrate/Glints2/dict_0001_0229" 9098
"/Engine/EngineMaterials/Substrate/Glints2/dict_0001_0230" 9099
"/Engine/EngineMaterials/Substrate/Glints2/dict_0001_0231" 9100
"/Engine/EngineMaterials/Substrate/Glints2/dict_0001_0232" 9101
"/Engine/EngineMaterials/Substrate/Glints2/dict_0001_0233" 9102
"/Engine/EngineMaterials/Substrate/Glints2/dict_0001_0234" 9103
"/Engine/EngineMaterials/Substrate/Glints2/dict_0001_0235" 9104
"/Engine/EngineMaterials/Substrate/Glints2/dict_0001_0236" 9105
"/Engine/EngineMaterials/Substrate/Glints2/dict_0001_0237" 9106
"/Engine/EngineMaterials/Substrate/Glints2/dict_0001_0238" 9107
"/Engine/EngineMaterials/Substrate/Glints2/dict_0001_0239" 9108
"/Engine/EngineMaterials/Substrate/Glints2/dict_0001_0240" 9109
"/Engine/EngineMaterials/Substrate/Glints2/dict_0001_0242" 9110
"/Engine/EngineMaterials/Substrate/Glints2/dict_0001_0243" 9111
"/Engine/EngineMaterials/Substrate/Glints2/dict_0001_0220" 9112
"/Engine/EngineMaterials/Substrate/Glints2/dict_0001_0221" 9113
"/Engine/EngineMaterials/Substrate/Glints2/dict_0001_0222" 9114
"/Engine/EngineMaterials/Substrate/Glints2/dict_0001_0223" 9115
"../../../Engine/Content/EngineMaterials/Substrate/Glints2/dict_0001_0210.uasset" 9116
"../../../Engine/Content/EngineMaterials/Substrate/Glints2/dict_0001_0206.uasset" 9117
"../../../Engine/Content/EngineMaterials/Substrate/Glints2/dict_0001_0207.uasset" 9118
"../../../Engine/Content/EngineMaterials/Substrate/Glints2/dict_0001_0203.uasset" 9119
"../../../Engine/Content/EngineMaterials/Substrate/Glints2/dict_0001_0202.uasset" 9120
"../../../Engine/Content/EngineMaterials/Substrate/Glints2/dict_0001_0204.uasset" 9121
"../../../Engine/Content/EngineMaterials/Substrate/Glints2/dict_0001_0200.uasset" 9122
"../../../Engine/Content/EngineMaterials/Substrate/Glints2/dict_0001_0199.uasset" 9123
"../../../Engine/Content/EngineMaterials/Substrate/Glints2/dict_0001_0198.uasset" 9124
"../../../Engine/Content/EngineMaterials/Substrate/Glints2/dict_0001_0197.uasset" 9125
"../../../Engine/Content/EngineMaterials/Substrate/Glints2/dict_0001_0201.uasset" 9126
"../../../Engine/Content/EngineMaterials/Substrate/Glints2/dict_0001_0209.uasset" 9127
"../../../Engine/Content/EngineMaterials/Substrate/Glints2/dict_0001_0191.uasset" 9128
"../../../Engine/Content/EngineMaterials/Substrate/Glints2/dict_0001_0194.uasset" 9129
"../../../Engine/Content/EngineMaterials/Substrate/Glints2/dict_0001_0190.uasset" 9130
"../../../Engine/Content/EngineMaterials/Substrate/Glints2/dict_0001_0189.uasset" 9131
"../../../Engine/Content/EngineMaterials/Substrate/Glints2/dict_0001_0196.uasset" 9132
"../../../Engine/Content/EngineMaterials/Substrate/Glints2/dict_0001_0208.uasset" 9133
"/Engine/EngineMaterials/Substrate/Glints2/dict_0001_0211" 9134
"../../../Engine/Content/EngineMaterials/Substrate/Glints2/dict_0001_0195.uasset" 9135
"../../../Engine/Content/EngineMaterials/Substrate/Glints2/dict_0001_0192.uasset" 9136
"../../../Engine/Content/EngineMaterials/Substrate/Glints2/dict_0001_0205.uasset" 9137
"../../../Engine/Content/EngineMaterials/Substrate/Glints2/dict_0001_0188.uasset" 9138
"../../../Engine/Content/EngineMaterials/Substrate/Glints2/dict_0001_0193.uasset" 9139
"/Engine/EngineMaterials/Substrate/Glints2/dict_0001_0212" 9140
"/Engine/EngineMaterials/Substrate/Glints2/dict_0001_0213" 9141
"/Engine/EngineMaterials/Substrate/Glints2/dict_0001_0214" 9142
"/Engine/EngineMaterials/Substrate/Glints2/dict_0001_0215" 9143
"/Engine/EngineMaterials/Substrate/Glints2/dict_0001_0216" 9144
"/Engine/EngineMaterials/Substrate/Glints2/dict_0001_0217" 9145
"/Engine/EngineMaterials/Substrate/Glints2/dict_0001_0206" 9146
"/Engine/EngineMaterials/Substrate/Glints2/dict_0001_0218" 9147
"/Engine/EngineMaterials/Substrate/Glints2/dict_0001_0219" 9148
"/Engine/EngineMaterials/Substrate/Glints2/dict_0001_0207" 9149
"/Engine/EngineMaterials/Substrate/Glints2/dict_0001_0210" 9150
"../../../Engine/Content/EngineMaterials/Substrate/Glints2/dict_0001_0186.uasset" 9151
"../../../Engine/Content/EngineMaterials/Substrate/Glints2/dict_0001_0184.uasset" 9152
"../../../Engine/Content/EngineMaterials/Substrate/Glints2/dict_0001_0187.uasset" 9153
"../../../Engine/Content/EngineMaterials/Substrate/Glints2/dict_0001_0180.uasset" 9154
"../../../Engine/Content/EngineMaterials/Substrate/Glints2/dict_0001_0179.uasset" 9155
"../../../Engine/Content/EngineMaterials/Substrate/Glints2/dict_0001_0185.uasset" 9156
"../../../Engine/Content/EngineMaterials/Substrate/Glints2/dict_0001_0176.uasset" 9157
"../../../Engine/Content/EngineMaterials/Substrate/Glints2/dict_0001_0182.uasset" 9158
"../../../Engine/Content/EngineMaterials/Substrate/Glints2/dict_0001_0178.uasset" 9159
"../../../Engine/Content/EngineMaterials/Substrate/Glints2/dict_0001_0181.uasset" 9160
"/Engine/EngineMaterials/Substrate/Glints2/dict_0001_0188" 9161
"../../../Engine/Content/EngineMaterials/Substrate/Glints2/dict_0001_0177.uasset" 9162
"../../../Engine/Content/EngineMaterials/Substrate/Glints2/dict_0001_0183.uasset" 9163
"/Engine/EngineMaterials/Substrate/Glints2/dict_0001_0189" 9164
"/Engine/EngineMaterials/Substrate/Glints2/dict_0001_0190" 9165
"/Engine/EngineMaterials/Substrate/Glints2/dict_0001_0191" 9166
"/Engine/EngineMaterials/Substrate/Glints2/dict_0001_0192" 9167
"/Engine/EngineMaterials/Substrate/Glints2/dict_0001_0193" 9168
"/Engine/EngineMaterials/Substrate/Glints2/dict_0001_0194" 9169
"/Engine/EngineMaterials/Substrate/Glints2/dict_0001_0195" 9170
"/Engine/EngineMaterials/Substrate/Glints2/dict_0001_0196" 9171
"/Engine/EngineMaterials/Substrate/Glints2/dict_0001_0197" 9172
"/Engine/EngineMaterials/Substrate/Glints2/dict_0001_0198" 9173
"/Engine/EngineMaterials/Substrate/Glints2/dict_0001_0199" 9174
"/Engine/EngineMaterials/Substrate/Glints2/dict_0001_0200" 9175
"/Engine/EngineMaterials/Substrate/Glints2/dict_0001_0201" 9176
"/Engine/EngineMaterials/Substrate/Glints2/dict_0001_0202" 9177
"/Engine/EngineMaterials/Substrate/Glints2/dict_0001_0203" 9178
"/Engine/EngineMaterials/Substrate/Glints2/dict_0001_0204" 9179
"/Engine/EngineMaterials/Substrate/Glints2/dict_0001_0205" 9180
"/Engine/EngineMaterials/Substrate/Glints2/dict_0001_0208" 9181
"/Engine/EngineMaterials/Substrate/Glints2/dict_0001_0209" 9182
"../../../Engine/Content/EngineMaterials/Substrate/Glints2/dict_0001_0175.uasset" 9183
"../../../Engine/Content/EngineMaterials/Substrate/Glints2/dict_0001_0174.uasset" 9184
"../../../Engine/Content/EngineMaterials/Substrate/Glints2/dict_0001_0173.uasset" 9185
"../../../Engine/Content/EngineMaterials/Substrate/Glints2/dict_0001_0172.uasset" 9186
"../../../Engine/Content/EngineMaterials/Substrate/Glints2/dict_0001_0171.uasset" 9187
"../../../Engine/Content/EngineMaterials/Substrate/Glints2/dict_0001_0170.uasset" 9188
"../../../Engine/Content/EngineMaterials/Substrate/Glints2/dict_0001_0167.uasset" 9189
"../../../Engine/Content/EngineMaterials/Substrate/Glints2/dict_0001_0164.uasset" 9190
"../../../Engine/Content/EngineMaterials/Substrate/Glints2/dict_0001_0163.uasset" 9191
"../../../Engine/Content/EngineMaterials/Substrate/Glints2/dict_0001_0166.uasset" 9192
"../../../Engine/Content/EngineMaterials/Substrate/Glints2/dict_0001_0162.uasset" 9193
"../../../Engine/Content/EngineMaterials/Substrate/Glints2/dict_0001_0161.uasset" 9194
"../../../Engine/Content/EngineMaterials/Substrate/Glints2/dict_0001_0160.uasset" 9195
"../../../Engine/Content/EngineMaterials/Substrate/Glints2/dict_0001_0158.uasset" 9196
"../../../Engine/Content/EngineMaterials/Substrate/Glints2/dict_0001_0159.uasset" 9197
"../../../Engine/Content/EngineMaterials/Substrate/Glints2/dict_0001_0157.uasset" 9198
"../../../Engine/Content/EngineMaterials/Substrate/Glints2/dict_0001_0156.uasset" 9199
"../../../Engine/Content/EngineMaterials/Substrate/Glints2/dict_0001_0165.uasset" 9200
"../../../Engine/Content/EngineMaterials/Substrate/Glints2/dict_0001_0168.uasset" 9201
"/Engine/EngineMaterials/Substrate/Glints2/dict_0001_0176" 9202
"../../../Engine/Content/EngineMaterials/Substrate/Glints2/dict_0001_0169.uasset" 9203
"/Engine/EngineMaterials/Substrate/Glints2/dict_0001_0177" 9204
"/Engine/EngineMaterials/Substrate/Glints2/dict_0001_0178" 9205
"/Engine/EngineMaterials/Substrate/Glints2/dict_0001_0179" 9206
"/Engine/EngineMaterials/Substrate/Glints2/dict_0001_0172" 9207
"/Engine/EngineMaterials/Substrate/Glints2/dict_0001_0180" 9208
"/Engine/EngineMaterials/Substrate/Glints2/dict_0001_0181" 9209
"/Engine/EngineMaterials/Substrate/Glints2/dict_0001_0182" 9210
"/Engine/EngineMaterials/Substrate/Glints2/dict_0001_0183" 9211
"/Engine/EngineMaterials/Substrate/Glints2/dict_0001_0184" 9212
"/Engine/EngineMaterials/Substrate/Glints2/dict_0001_0185" 9213
"/Engine/EngineMaterials/Substrate/Glints2/dict_0001_0186" 9214
"/Engine/EngineMaterials/Substrate/Glints2/dict_0001_0174" 9215
"/Engine/EngineMaterials/Substrate/Glints2/dict_0001_0175" 9216
"/Engine/EngineMaterials/Substrate/Glints2/dict_0001_0187" 9217
"../../../Engine/Content/EngineMaterials/Substrate/Glints2/dict_0001_0155.uasset" 9218
"../../../Engine/Content/EngineMaterials/Substrate/Glints2/dict_0001_0152.uasset" 9219
"../../../Engine/Content/EngineMaterials/Substrate/Glints2/dict_0001_0153.uasset" 9220
"../../../Engine/Content/EngineMaterials/Substrate/Glints2/dict_0001_0150.uasset" 9221
"../../../Engine/Content/EngineMaterials/Substrate/Glints2/dict_0001_0147.uasset" 9222
"../../../Engine/Content/EngineMaterials/Substrate/Glints2/dict_0001_0154.uasset" 9223
"../../../Engine/Content/EngineMaterials/Substrate/Glints2/dict_0001_0143.uasset" 9224
"../../../Engine/Content/EngineMaterials/Substrate/Glints2/dict_0001_0145.uasset" 9225
"../../../Engine/Content/EngineMaterials/Substrate/Glints2/dict_0001_0148.uasset" 9226
"/Engine/EngineMaterials/Substrate/Glints2/dict_0001_0156" 9227
"../../../Engine/Content/EngineMaterials/Substrate/Glints2/dict_0001_0146.uasset" 9228
"../../../Engine/Content/EngineMaterials/Substrate/Glints2/dict_0001_0144.uasset" 9229
"../../../Engine/Content/EngineMaterials/Substrate/Glints2/dict_0001_0149.uasset" 9230
"../../../Engine/Content/EngineMaterials/Substrate/Glints2/dict_0001_0142.uasset" 9231
"../../../Engine/Content/EngineMaterials/Substrate/Glints2/dict_0001_0151.uasset" 9232
"../../../Engine/Content/EngineMaterials/Substrate/Glints2/dict_0001_0141.uasset" 9233
"/Engine/EngineMaterials/Substrate/Glints2/dict_0001_0157" 9234
"/Engine/EngineMaterials/Substrate/Glints2/dict_0001_0158" 9235
"/Engine/EngineMaterials/Substrate/Glints2/dict_0001_0159" 9236
"/Engine/EngineMaterials/Substrate/Glints2/dict_0001_0160" 9237
"/Engine/EngineMaterials/Substrate/Glints2/dict_0001_0161" 9238
"/Engine/EngineMaterials/Substrate/Glints2/dict_0001_0162" 9239
"/Engine/EngineMaterials/Substrate/Glints2/dict_0001_0163" 9240
"/Engine/EngineMaterials/Substrate/Glints2/dict_0001_0164" 9241
"/Engine/EngineMaterials/Substrate/Glints2/dict_0001_0165" 9242
"/Engine/EngineMaterials/Substrate/Glints2/dict_0001_0166" 9243
"/Engine/EngineMaterials/Substrate/Glints2/dict_0001_0167" 9244
"/Engine/EngineMaterials/Substrate/Glints2/dict_0001_0168" 9245
"/Engine/EngineMaterials/Substrate/Glints2/dict_0001_0169" 9246
"/Engine/EngineMaterials/Substrate/Glints2/dict_0001_0170" 9247
"/Engine/EngineMaterials/Substrate/Glints2/dict_0001_0171" 9248
"/Engine/EngineMaterials/Substrate/Glints2/dict_0001_0173" 9249
"/Engine/EngineMaterials/Substrate/Glints2/dict_0001_0152" 9250
"/Engine/EngineMaterials/Substrate/Glints2/dict_0001_0153" 9251
"/Engine/EngineMaterials/Substrate/Glints2/dict_0001_0155" 9252
"../../../Engine/Content/EngineMaterials/Substrate/Glints2/dict_0001_0139.uasset" 9253
"../../../Engine/Content/EngineMaterials/Substrate/Glints2/dict_0001_0136.uasset" 9254
"../../../Engine/Content/EngineMaterials/Substrate/Glints2/dict_0001_0135.uasset" 9255
"../../../Engine/Content/EngineMaterials/Substrate/Glints2/dict_0001_0138.uasset" 9256
"../../../Engine/Content/EngineMaterials/Substrate/Glints2/dict_0001_0133.uasset" 9257
"../../../Engine/Content/EngineMaterials/Substrate/Glints2/dict_0001_0130.uasset" 9258
"../../../Engine/Content/EngineMaterials/Substrate/Glints2/dict_0001_0131.uasset" 9259
"../../../Engine/Content/EngineMaterials/Substrate/Glints2/dict_0001_0140.uasset" 9260
"../../../Engine/Content/EngineMaterials/Substrate/Glints2/dict_0001_0134.uasset" 9261
"../../../Engine/Content/EngineMaterials/Substrate/Glints2/dict_0001_0132.uasset" 9262
"../../../Engine/Content/EngineMaterials/Substrate/Glints2/dict_0001_0126.uasset" 9263
"../../../Engine/Content/EngineMaterials/Substrate/Glints2/dict_0001_0123.uasset" 9264
"../../../Engine/Content/EngineMaterials/Substrate/Glints2/dict_0001_0129.uasset" 9265
"/Engine/EngineMaterials/Substrate/Glints2/dict_0001_0141" 9266
"../../../Engine/Content/EngineMaterials/Substrate/Glints2/dict_0001_0127.uasset" 9267
"../../../Engine/Content/EngineMaterials/Substrate/Glints2/dict_0001_0125.uasset" 9268
"../../../Engine/Content/EngineMaterials/Substrate/Glints2/dict_0001_0124.uasset" 9269
"../../../Engine/Content/EngineMaterials/Substrate/Glints2/dict_0001_0122.uasset" 9270
"../../../Engine/Content/EngineMaterials/Substrate/Glints2/dict_0001_0137.uasset" 9271
"../../../Engine/Content/EngineMaterials/Substrate/Glints2/dict_0001_0128.uasset" 9272
"../../../Engine/Content/EngineMaterials/Substrate/Glints2/dict_0001_0121.uasset" 9273
"/Engine/EngineMaterials/Substrate/Glints2/dict_0001_0142" 9274
"/Engine/EngineMaterials/Substrate/Glints2/dict_0001_0143" 9275
"/Engine/EngineMaterials/Substrate/Glints2/dict_0001_0144" 9276
"/Engine/EngineMaterials/Substrate/Glints2/dict_0001_0136" 9277
"/Engine/EngineMaterials/Substrate/Glints2/dict_0001_0145" 9278
"/Engine/EngineMaterials/Substrate/Glints2/dict_0001_0146" 9279
"/Engine/EngineMaterials/Substrate/Glints2/dict_0001_0147" 9280
"/Engine/EngineMaterials/Substrate/Glints2/dict_0001_0148" 9281
"/Engine/EngineMaterials/Substrate/Glints2/dict_0001_0149" 9282
"/Engine/EngineMaterials/Substrate/Glints2/dict_0001_0150" 9283
"/Engine/EngineMaterials/Substrate/Glints2/dict_0001_0151" 9284
"/Engine/EngineMaterials/Substrate/Glints2/dict_0001_0138" 9285
"/Engine/EngineMaterials/Substrate/Glints2/dict_0001_0139" 9286
"/Engine/EngineMaterials/Substrate/Glints2/dict_0001_0154" 9287
"../../../Engine/Content/EngineMaterials/Substrate/Glints2/dict_0001_0120.uasset" 9288
"../../../Engine/Content/EngineMaterials/Substrate/Glints2/dict_0001_0119.uasset" 9289
"../../../Engine/Content/EngineMaterials/Substrate/Glints2/dict_0001_0117.uasset" 9290
"../../../Engine/Content/EngineMaterials/Substrate/Glints2/dict_0001_0118.uasset" 9291
"../../../Engine/Content/EngineMaterials/Substrate/Glints2/dict_0001_0116.uasset" 9292
"../../../Engine/Content/EngineMaterials/Substrate/Glints2/dict_0001_0113.uasset" 9293
"../../../Engine/Content/EngineMaterials/Substrate/Glints2/dict_0001_0112.uasset" 9294
"../../../Engine/Content/EngineMaterials/Substrate/Glints2/dict_0001_0110.uasset" 9295
"../../../Engine/Content/EngineMaterials/Substrate/Glints2/dict_0001_0109.uasset" 9296
"../../../Engine/Content/EngineMaterials/Substrate/Glints2/dict_0001_0106.uasset" 9297
"../../../Engine/Content/EngineMaterials/Substrate/Glints2/dict_0001_0107.uasset" 9298
"../../../Engine/Content/EngineMaterials/Substrate/Glints2/dict_0001_0111.uasset" 9299
"/Engine/EngineMaterials/Substrate/Glints2/dict_0001_0121" 9300
"../../../Engine/Content/EngineMaterials/Substrate/Glints2/dict_0001_0115.uasset" 9301
"../../../Engine/Content/EngineMaterials/Substrate/Glints2/dict_0001_0114.uasset" 9302
"../../../Engine/Content/EngineMaterials/Substrate/Glints2/dict_0001_0108.uasset" 9303
"/Engine/EngineMaterials/Substrate/Glints2/dict_0001_0122" 9304
"/Engine/EngineMaterials/Substrate/Glints2/dict_0001_0123" 9305
"/Engine/EngineMaterials/Substrate/Glints2/dict_0001_0124" 9306
"/Engine/EngineMaterials/Substrate/Glints2/dict_0001_0125" 9307
"/Engine/EngineMaterials/Substrate/Glints2/dict_0001_0126" 9308
"/Engine/EngineMaterials/Substrate/Glints2/dict_0001_0127" 9309
"/Engine/EngineMaterials/Substrate/Glints2/dict_0001_0128" 9310
"/Engine/EngineMaterials/Substrate/Glints2/dict_0001_0129" 9311
"/Engine/EngineMaterials/Substrate/Glints2/dict_0001_0130" 9312
"/Engine/EngineMaterials/Substrate/Glints2/dict_0001_0131" 9313
"/Engine/EngineMaterials/Substrate/Glints2/dict_0001_0132" 9314
"/Engine/EngineMaterials/Substrate/Glints2/dict_0001_0133" 9315
"/Engine/EngineMaterials/Substrate/Glints2/dict_0001_0134" 9316
"/Engine/EngineMaterials/Substrate/Glints2/dict_0001_0135" 9317
"/Engine/EngineMaterials/Substrate/Glints2/dict_0001_0137" 9318
"/Engine/EngineMaterials/Substrate/Glints2/dict_0001_0117" 9319
"/Engine/EngineMaterials/Substrate/Glints2/dict_0001_0118" 9320
"/Engine/EngineMaterials/Substrate/Glints2/dict_0001_0119" 9321
"/Engine/EngineMaterials/Substrate/Glints2/dict_0001_0120" 9322
"/Engine/EngineMaterials/Substrate/Glints2/dict_0001_0140" 9323
"../../../Engine/Content/EngineMaterials/Substrate/Glints2/dict_0001_0105.uasset" 9324
"../../../Engine/Content/EngineMaterials/Substrate/Glints2/dict_0001_0103.uasset" 9325
"../../../Engine/Content/EngineMaterials/Substrate/Glints2/dict_0001_0101.uasset" 9326
"../../../Engine/Content/EngineMaterials/Substrate/Glints2/dict_0001_0100.uasset" 9327
"../../../Engine/Content/EngineMaterials/Substrate/Glints2/dict_0001_0102.uasset" 9328
"../../../Engine/Content/EngineMaterials/Substrate/Glints2/dict_0001_0098.uasset" 9329
"../../../Engine/Content/EngineMaterials/Substrate/Glints2/dict_0001_0096.uasset" 9330
"../../../Engine/Content/EngineMaterials/Substrate/Glints2/dict_0001_0094.uasset" 9331
"../../../Engine/Content/EngineMaterials/Substrate/Glints2/dict_0001_0093.uasset" 9332
"../../../Engine/Content/EngineMaterials/Substrate/Glints2/dict_0001_0095.uasset" 9333
"../../../Engine/Content/EngineMaterials/Substrate/Glints2/dict_0001_0090.uasset" 9334
"../../../Engine/Content/EngineMaterials/Substrate/Glints2/dict_0001_0088.uasset" 9335
"/Engine/EngineMaterials/Substrate/Glints2/dict_0001_0106" 9336
"../../../Engine/Content/EngineMaterials/Substrate/Glints2/dict_0001_0092.uasset" 9337
"../../../Engine/Content/EngineMaterials/Substrate/Glints2/dict_0001_0085.uasset" 9338
"../../../Engine/Content/EngineMaterials/Substrate/Glints2/dict_0001_0097.uasset" 9339
"../../../Engine/Content/EngineMaterials/Substrate/Glints2/dict_0001_0089.uasset" 9340
"../../../Engine/Content/EngineMaterials/Substrate/Glints2/dict_0001_0099.uasset" 9341
"../../../Engine/Content/EngineMaterials/Substrate/Glints2/dict_0001_0104.uasset" 9342
"../../../Engine/Content/EngineMaterials/Substrate/Glints2/dict_0001_0091.uasset" 9343
"../../../Engine/Content/EngineMaterials/Substrate/Glints2/dict_0001_0087.uasset" 9344
"../../../Engine/Content/EngineMaterials/Substrate/Glints2/dict_0001_0086.uasset" 9345
"/Engine/EngineMaterials/Substrate/Glints2/dict_0001_0107" 9346
"/Engine/EngineMaterials/Substrate/Glints2/dict_0001_0108" 9347
"/Engine/EngineMaterials/Substrate/Glints2/dict_0001_0109" 9348
"/Engine/EngineMaterials/Substrate/Glints2/dict_0001_0110" 9349
"/Engine/EngineMaterials/Substrate/Glints2/dict_0001_0111" 9350
"/Engine/EngineMaterials/Substrate/Glints2/dict_0001_0112" 9351
"/Engine/EngineMaterials/Substrate/Glints2/dict_0001_0113" 9352
"/Engine/EngineMaterials/Substrate/Glints2/dict_0001_0114" 9353
"/Engine/EngineMaterials/Substrate/Glints2/dict_0001_0100" 9354
"/Engine/EngineMaterials/Substrate/Glints2/dict_0001_0115" 9355
"/Engine/EngineMaterials/Substrate/Glints2/dict_0001_0116" 9356
"/Engine/EngineMaterials/Substrate/Glints2/dict_0001_0101" 9357
"/Engine/EngineMaterials/Substrate/Glints2/dict_0001_0103" 9358
"/Engine/EngineMaterials/Substrate/Glints2/dict_0001_0105" 9359
"../../../Engine/Content/EngineMaterials/Substrate/Glints2/dict_0001_0083.uasset" 9360
"../../../Engine/Content/EngineMaterials/Substrate/Glints2/dict_0001_0080.uasset" 9361
"../../../Engine/Content/EngineMaterials/Substrate/Glints2/dict_0001_0081.uasset" 9362
"../../../Engine/Content/EngineMaterials/Substrate/Glints2/dict_0001_0078.uasset" 9363
"../../../Engine/Content/EngineMaterials/Substrate/Glints2/dict_0001_0082.uasset" 9364
"../../../Engine/Content/EngineMaterials/Substrate/Glints2/dict_0001_0077.uasset" 9365
"../../../Engine/Content/EngineMaterials/Substrate/Glints2/dict_0001_0075.uasset" 9366
"../../../Engine/Content/EngineMaterials/Substrate/Glints2/dict_0001_0074.uasset" 9367
"../../../Engine/Content/EngineMaterials/Substrate/Glints2/dict_0001_0073.uasset" 9368
"../../../Engine/Content/EngineMaterials/Substrate/Glints2/dict_0001_0076.uasset" 9369
"../../../Engine/Content/EngineMaterials/Substrate/Glints2/dict_0001_0084.uasset" 9370
"../../../Engine/Content/EngineMaterials/Substrate/Glints2/dict_0001_0070.uasset" 9371
"../../../Engine/Content/EngineMaterials/Substrate/Glints2/dict_0001_0071.uasset" 9372
"../../../Engine/Content/EngineMaterials/Substrate/Glints2/dict_0001_0072.uasset" 9373
"../../../Engine/Content/EngineMaterials/Substrate/Glints2/dict_0001_0079.uasset" 9374
"/Engine/EngineMaterials/Substrate/Glints2/dict_0001_0085" 9375
"/Engine/EngineMaterials/Substrate/Glints2/dict_0001_0086" 9376
"/Engine/EngineMaterials/Substrate/Glints2/dict_0001_0087" 9377
"/Engine/EngineMaterials/Substrate/Glints2/dict_0001_0088" 9378
"/Engine/EngineMaterials/Substrate/Glints2/dict_0001_0089" 9379
"/Engine/EngineMaterials/Substrate/Glints2/dict_0001_0090" 9380
"/Engine/EngineMaterials/Substrate/Glints2/dict_0001_0091" 9381
"/Engine/EngineMaterials/Substrate/Glints2/dict_0001_0092" 9382
"/Engine/EngineMaterials/Substrate/Glints2/dict_0001_0093" 9383
"/Engine/EngineMaterials/Substrate/Glints2/dict_0001_0094" 9384
"/Engine/EngineMaterials/Substrate/Glints2/dict_0001_0095" 9385
"/Engine/EngineMaterials/Substrate/Glints2/dict_0001_0096" 9386
"/Engine/EngineMaterials/Substrate/Glints2/dict_0001_0097" 9387
"/Engine/EngineMaterials/Substrate/Glints2/dict_0001_0098" 9388
"/Engine/EngineMaterials/Substrate/Glints2/dict_0001_0099" 9389
"/Engine/EngineMaterials/Substrate/Glints2/dict_0001_0075" 9390
"/Engine/EngineMaterials/Substrate/Glints2/dict_0001_0077" 9391
"/Engine/EngineMaterials/Substrate/Glints2/dict_0001_0078" 9392
"/Engine/EngineMaterials/Substrate/Glints2/dict_0001_0080" 9393
"/Engine/EngineMaterials/Substrate/Glints2/dict_0001_0081" 9394
"/Engine/EngineMaterials/Substrate/Glints2/dict_0001_0082" 9395
"/Engine/EngineMaterials/Substrate/Glints2/dict_0001_0102" 9396
"/Engine/EngineMaterials/Substrate/Glints2/dict_0001_0083" 9397
"/Engine/EngineMaterials/Substrate/Glints2/dict_0001_0104" 9398
"../../../Engine/Content/EngineMaterials/Substrate/Glints2/dict_0001_0068.uasset" 9399
"../../../Engine/Content/EngineMaterials/Substrate/Glints2/dict_0001_0069.uasset" 9400
"../../../Engine/Content/EngineMaterials/Substrate/Glints2/dict_0001_0065.uasset" 9401
"../../../Engine/Content/EngineMaterials/Substrate/Glints2/dict_0001_0063.uasset" 9402
"../../../Engine/Content/EngineMaterials/Substrate/Glints2/dict_0001_0062.uasset" 9403
"../../../Engine/Content/EngineMaterials/Substrate/Glints2/dict_0001_0060.uasset" 9404
"../../../Engine/Content/EngineMaterials/Substrate/Glints2/dict_0001_0067.uasset" 9405
"../../../Engine/Content/EngineMaterials/Substrate/Glints2/dict_0001_0059.uasset" 9406
"../../../Engine/Content/EngineMaterials/Substrate/Glints2/dict_0001_0066.uasset" 9407
"../../../Engine/Content/EngineMaterials/Substrate/Glints2/dict_0001_0054.uasset" 9408
"../../../Engine/Content/EngineMaterials/Substrate/Glints2/dict_0001_0061.uasset" 9409
"../../../Engine/Content/EngineMaterials/Substrate/Glints2/dict_0001_0052.uasset" 9410
"../../../Engine/Content/EngineMaterials/Substrate/Glints2/dict_0001_0050.uasset" 9411
"../../../Engine/Content/EngineMaterials/Substrate/Glints2/dict_0001_0057.uasset" 9412
"../../../Engine/Content/EngineMaterials/Substrate/Glints2/dict_0001_0048.uasset" 9413
"../../../Engine/Content/EngineMaterials/Substrate/Glints2/dict_0001_0049.uasset" 9414
"../../../Engine/Content/EngineMaterials/Substrate/Glints2/dict_0001_0056.uasset" 9415
"../../../Engine/Content/EngineMaterials/Substrate/Glints2/dict_0001_0055.uasset" 9416
"../../../Engine/Content/EngineMaterials/Substrate/Glints2/dict_0001_0053.uasset" 9417
"../../../Engine/Content/EngineMaterials/Substrate/Glints2/dict_0001_0064.uasset" 9418
"/Engine/EngineMaterials/Substrate/Glints2/dict_0001_0070" 9419
"../../../Engine/Content/EngineMaterials/Substrate/Glints2/dict_0001_0051.uasset" 9420
"../../../Engine/Content/EngineMaterials/Substrate/Glints2/dict_0001_0058.uasset" 9421
"../../../Engine/Content/EngineMaterials/Substrate/Glints2/dict_0001_0047.uasset" 9422
"../../../Engine/Content/EngineMaterials/Substrate/Glints2/dict_0001_0046.uasset" 9423
"/Engine/EngineMaterials/Substrate/Glints2/dict_0001_0071" 9424
"/Engine/EngineMaterials/Substrate/Glints2/dict_0001_0072" 9425
"/Engine/EngineMaterials/Substrate/Glints2/dict_0001_0073" 9426
"/Engine/EngineMaterials/Substrate/Glints2/dict_0001_0074" 9427
"/Engine/EngineMaterials/Substrate/Glints2/dict_0001_0076" 9428
"/Engine/EngineMaterials/Substrate/Glints2/dict_0001_0063" 9429
"/Engine/EngineMaterials/Substrate/Glints2/dict_0001_0079" 9430
"/Engine/EngineMaterials/Substrate/Glints2/dict_0001_0065" 9431
"/Engine/EngineMaterials/Substrate/Glints2/dict_0001_0068" 9432
"/Engine/EngineMaterials/Substrate/Glints2/dict_0001_0069" 9433
"/Engine/EngineMaterials/Substrate/Glints2/dict_0001_0084" 9434
"../../../Engine/Content/EngineMaterials/Substrate/Glints2/dict_0001_0045.uasset" 9435
"../../../Engine/Content/EngineMaterials/Substrate/Glints2/dict_0001_0043.uasset" 9436
"../../../Engine/Content/EngineMaterials/Substrate/Glints2/dict_0001_0044.uasset" 9437
"../../../Engine/Content/EngineMaterials/Substrate/Glints2/dict_0001_0040.uasset" 9438
"../../../Engine/Content/EngineMaterials/Substrate/Glints2/dict_0001_0041.uasset" 9439
"../../../Engine/Content/EngineMaterials/Substrate/Glints2/dict_0001_0038.uasset" 9440
"../../../Engine/Content/EngineMaterials/Substrate/Glints2/dict_0001_0034.uasset" 9441
"../../../Engine/Content/EngineMaterials/Substrate/Glints2/dict_0001_0035.uasset" 9442
"../../../Engine/Content/EngineMaterials/Substrate/Glints2/dict_0001_0037.uasset" 9443
"/Engine/EngineMaterials/Substrate/Glints2/dict_0001_0046" 9444
"../../../Engine/Content/EngineMaterials/Substrate/Glints2/dict_0001_0036.uasset" 9445
"../../../Engine/Content/EngineMaterials/Substrate/Glints2/dict_0001_0042.uasset" 9446
"../../../Engine/Content/EngineMaterials/Substrate/Glints2/dict_0001_0039.uasset" 9447
"/Engine/EngineMaterials/Substrate/Glints2/dict_0001_0047" 9448
"/Engine/EngineMaterials/Substrate/Glints2/dict_0001_0048" 9449
"/Engine/EngineMaterials/Substrate/Glints2/dict_0001_0049" 9450
"/Engine/EngineMaterials/Substrate/Glints2/dict_0001_0050" 9451
"/Engine/EngineMaterials/Substrate/Glints2/dict_0001_0051" 9452
"/Engine/EngineMaterials/Substrate/Glints2/dict_0001_0052" 9453
"/Engine/EngineMaterials/Substrate/Glints2/dict_0001_0053" 9454
"/Engine/EngineMaterials/Substrate/Glints2/dict_0001_0054" 9455
"/Engine/EngineMaterials/Substrate/Glints2/dict_0001_0055" 9456
"/Engine/EngineMaterials/Substrate/Glints2/dict_0001_0056" 9457
"/Engine/EngineMaterials/Substrate/Glints2/dict_0001_0057" 9458
"/Engine/EngineMaterials/Substrate/Glints2/dict_0001_0058" 9459
"/Engine/EngineMaterials/Substrate/Glints2/dict_0001_0059" 9460
"/Engine/EngineMaterials/Substrate/Glints2/dict_0001_0060" 9461
"/Engine/EngineMaterials/Substrate/Glints2/dict_0001_0061" 9462
"/Engine/EngineMaterials/Substrate/Glints2/dict_0001_0062" 9463
"/Engine/EngineMaterials/Substrate/Glints2/dict_0001_0064" 9464
"/Engine/EngineMaterials/Substrate/Glints2/dict_0001_0066" 9465
"/Engine/EngineMaterials/Substrate/Glints2/dict_0001_0067" 9466
"/Engine/EngineMaterials/Substrate/Glints2/dict_0001_0045" 9467
"../../../Engine/Content/EngineMaterials/Substrate/Glints2/dict_0001_0031.uasset" 9468
"../../../Engine/Content/EngineMaterials/Substrate/Glints2/dict_0001_0028.uasset" 9469
"../../../Engine/Content/EngineMaterials/Substrate/Glints2/dict_0001_0033.uasset" 9470
"../../../Engine/Content/EngineMaterials/Substrate/Glints2/dict_0001_0027.uasset" 9471
"../../../Engine/Content/EngineMaterials/Substrate/Glints2/dict_0001_0026.uasset" 9472
"../../../Engine/Content/EngineMaterials/Substrate/Glints2/dict_0001_0030.uasset" 9473
"../../../Engine/Content/EngineMaterials/Substrate/Glints2/dict_0001_0029.uasset" 9474
"../../../Engine/Content/EngineMaterials/Substrate/Glints2/dict_0001_0021.uasset" 9475
"../../../Engine/Content/EngineMaterials/Substrate/Glints2/dict_0001_0020.uasset" 9476
"../../../Engine/Content/EngineMaterials/Substrate/Glints2/dict_0001_0022.uasset" 9477
"../../../Engine/Content/EngineMaterials/Substrate/Glints2/dict_0001_0025.uasset" 9478
"../../../Engine/Content/EngineMaterials/Substrate/Glints2/dict_0001_0023.uasset" 9479
"../../../Engine/Content/EngineMaterials/Substrate/Glints2/dict_0001_0019.uasset" 9480
"../../../Engine/Content/EngineMaterials/Substrate/Glints2/dict_0001_0015.uasset" 9481
"../../../Engine/Content/EngineMaterials/Substrate/Glints2/dict_0001_0024.uasset" 9482
"../../../Engine/Content/EngineMaterials/Substrate/Glints2/dict_0001_0013.uasset" 9483
"../../../Engine/Content/EngineMaterials/Substrate/Glints2/dict_0001_0018.uasset" 9484
"../../../Engine/Content/EngineMaterials/Substrate/Glints2/dict_0001_0017.uasset" 9485
"../../../Engine/Content/EngineMaterials/Substrate/Glints2/dict_0001_0032.uasset" 9486
"../../../Engine/Content/EngineMaterials/Substrate/Glints2/dict_0001_0014.uasset" 9487
"../../../Engine/Content/EngineMaterials/Substrate/Glints2/dict_0001_0016.uasset" 9488
"/Engine/EngineMaterials/Substrate/Glints2/dict_0001_0034" 9489
"/Engine/EngineMaterials/Substrate/Glints2/dict_0001_0035" 9490
"/Engine/EngineMaterials/Substrate/Glints2/dict_0001_0036" 9491
"/Engine/EngineMaterials/Substrate/Glints2/dict_0001_0037" 9492
"/Engine/EngineMaterials/Substrate/Glints2/dict_0001_0038" 9493
"/Engine/EngineMaterials/Substrate/Glints2/dict_0001_0028" 9494
"/Engine/EngineMaterials/Substrate/Glints2/dict_0001_0039" 9495
"/Engine/EngineMaterials/Substrate/Glints2/dict_0001_0040" 9496
"/Engine/EngineMaterials/Substrate/Glints2/dict_0001_0041" 9497
"/Engine/EngineMaterials/Substrate/Glints2/dict_0001_0030" 9498
"/Engine/EngineMaterials/Substrate/Glints2/dict_0001_0042" 9499
"/Engine/EngineMaterials/Substrate/Glints2/dict_0001_0031" 9500
"/Engine/EngineMaterials/Substrate/Glints2/dict_0001_0043" 9501
"/Engine/EngineMaterials/Substrate/Glints2/dict_0001_0044" 9502
"/Engine/EngineMaterials/Substrate/Glints2/dict_0001_0033" 9503
"../../../Engine/Content/EngineMaterials/Substrate/Glints2/dict_0001_0012.uasset" 9504
"../../../Engine/Content/EngineMaterials/Substrate/Glints2/dict_0001_0010.uasset" 9505
"../../../Engine/Content/EngineMaterials/Substrate/Glints2/dict_0001_0009.uasset" 9506
"../../../Engine/Content/EngineMaterials/Substrate/Glints2/dict_0001_0007.uasset" 9507
"../../../Engine/Content/EngineMaterials/Substrate/Glints2/dict_0001_0004.uasset" 9508
"../../../Engine/Content/EngineMaterials/Substrate/Glints2/dict_0001_0001.uasset" 9509
"../../../Engine/Content/EngineMaterials/Substrate/Glints2/dict_0001_0000.uasset" 9510
"../../../Engine/Content/EngineMaterials/Substrate/Glints2/dict_0000_0255.uasset" 9511
"../../../Engine/Content/EngineMaterials/Substrate/Glints2/dict_0001_0006.uasset" 9512
"../../../Engine/Content/EngineMaterials/Substrate/Glints2/dict_0001_0008.uasset" 9513
"/Engine/EngineMaterials/Substrate/Glints2/dict_0001_0013" 9514
"../../../Engine/Content/EngineMaterials/Substrate/Glints2/dict_0001_0005.uasset" 9515
"../../../Engine/Content/EngineMaterials/Substrate/Glints2/dict_0000_0254.uasset" 9516
"../../../Engine/Content/EngineMaterials/Substrate/Glints2/dict_0001_0011.uasset" 9517
"../../../Engine/Content/EngineMaterials/Substrate/Glints2/dict_0001_0003.uasset" 9518
"../../../Engine/Content/EngineMaterials/Substrate/Glints2/dict_0001_0002.uasset" 9519
"/Engine/EngineMaterials/Substrate/Glints2/dict_0001_0014" 9520
"/Engine/EngineMaterials/Substrate/Glints2/dict_0001_0015" 9521
"/Engine/EngineMaterials/Substrate/Glints2/dict_0001_0016" 9522
"/Engine/EngineMaterials/Substrate/Glints2/dict_0001_0017" 9523
"/Engine/EngineMaterials/Substrate/Glints2/dict_0001_0018" 9524
"/Engine/EngineMaterials/Substrate/Glints2/dict_0001_0019" 9525
"/Engine/EngineMaterials/Substrate/Glints2/dict_0001_0020" 9526
"/Engine/EngineMaterials/Substrate/Glints2/dict_0001_0021" 9527
"/Engine/EngineMaterials/Substrate/Glints2/dict_0001_0022" 9528
"/Engine/EngineMaterials/Substrate/Glints2/dict_0001_0023" 9529
"/Engine/EngineMaterials/Substrate/Glints2/dict_0001_0024" 9530
"/Engine/EngineMaterials/Substrate/Glints2/dict_0001_0025" 9531
"/Engine/EngineMaterials/Substrate/Glints2/dict_0001_0026" 9532
"/Engine/EngineMaterials/Substrate/Glints2/dict_0001_0027" 9533
"/Engine/EngineMaterials/Substrate/Glints2/dict_0001_0029" 9534
"/Engine/EngineMaterials/Substrate/Glints2/dict_0001_0007" 9535
"/Engine/EngineMaterials/Substrate/Glints2/dict_0001_0009" 9536
"/Engine/EngineMaterials/Substrate/Glints2/dict_0001_0032" 9537
"/Engine/EngineMaterials/Substrate/Glints2/dict_0001_0010" 9538
"/Engine/EngineMaterials/Substrate/Glints2/dict_0001_0012" 9539
"../../../Engine/Content/EngineMaterials/Substrate/Glints2/dict_0000_0253.uasset" 9540
"../../../Engine/Content/EngineMaterials/Substrate/Glints2/dict_0000_0251.uasset" 9541
"../../../Engine/Content/EngineMaterials/Substrate/Glints2/dict_0000_0249.uasset" 9542
"../../../Engine/Content/EngineMaterials/Substrate/Glints2/dict_0000_0248.uasset" 9543
"../../../Engine/Content/EngineMaterials/Substrate/Glints2/dict_0000_0250.uasset" 9544
"../../../Engine/Content/EngineMaterials/Substrate/Glints2/dict_0000_0241.uasset" 9545
"../../../Engine/Content/EngineMaterials/Substrate/Glints2/dict_0000_0242.uasset" 9546
"../../../Engine/Content/EngineMaterials/Substrate/Glints2/dict_0000_0252.uasset" 9547
"../../../Engine/Content/EngineMaterials/Substrate/Glints2/dict_0000_0243.uasset" 9548
"../../../Engine/Content/EngineMaterials/Substrate/Glints2/dict_0000_0236.uasset" 9549
"../../../Engine/Content/EngineMaterials/Substrate/Glints2/dict_0000_0235.uasset" 9550
"../../../Engine/Content/EngineMaterials/Substrate/Glints2/dict_0000_0244.uasset" 9551
"../../../Engine/Content/EngineMaterials/Substrate/Glints2/dict_0000_0234.uasset" 9552
"../../../Engine/Content/EngineMaterials/Substrate/Glints2/dict_0000_0246.uasset" 9553
"../../../Engine/Content/EngineMaterials/Substrate/Glints2/dict_0000_0245.uasset" 9554
"../../../Engine/Content/EngineMaterials/Substrate/Glints2/dict_0000_0238.uasset" 9555
"../../../Engine/Content/EngineMaterials/Substrate/Glints2/dict_0000_0239.uasset" 9556
"../../../Engine/Content/EngineMaterials/Substrate/Glints2/dict_0000_0237.uasset" 9557
"/Engine/EngineMaterials/Substrate/Glints2/dict_0000_0254" 9558
"../../../Engine/Content/EngineMaterials/Substrate/Glints2/dict_0000_0247.uasset" 9559
"../../../Engine/Content/EngineMaterials/Substrate/Glints2/dict_0000_0233.uasset" 9560
"../../../Engine/Content/EngineMaterials/Substrate/Glints2/dict_0000_0240.uasset" 9561
"/Engine/EngineMaterials/Substrate/Glints2/dict_0000_0255" 9562
"/Engine/EngineMaterials/Substrate/Glints2/dict_0001_0000" 9563
"/Engine/EngineMaterials/Substrate/Glints2/dict_0001_0001" 9564
"/Engine/EngineMaterials/Substrate/Glints2/dict_0001_0002" 9565
"/Engine/EngineMaterials/Substrate/Glints2/dict_0001_0003" 9566
"/Engine/EngineMaterials/Substrate/Glints2/dict_0001_0004" 9567
"/Engine/EngineMaterials/Substrate/Glints2/dict_0000_0248" 9568
"/Engine/EngineMaterials/Substrate/Glints2/dict_0001_0005" 9569
"/Engine/EngineMaterials/Substrate/Glints2/dict_0001_0006" 9570
"/Engine/EngineMaterials/Substrate/Glints2/dict_0000_0249" 9571
"/Engine/EngineMaterials/Substrate/Glints2/dict_0001_0008" 9572
"/Engine/EngineMaterials/Substrate/Glints2/dict_0000_0250" 9573
"/Engine/EngineMaterials/Substrate/Glints2/dict_0000_0251" 9574
"/Engine/EngineMaterials/Substrate/Glints2/dict_0001_0011" 9575
"/Engine/EngineMaterials/Substrate/Glints2/dict_0000_0253" 9576
"../../../Engine/Content/EngineMaterials/Substrate/Glints2/dict_0000_0232.uasset" 9577
"../../../Engine/Content/EngineMaterials/Substrate/Glints2/dict_0000_0231.uasset" 9578
"../../../Engine/Content/EngineMaterials/Substrate/Glints2/dict_0000_0230.uasset" 9579
"../../../Engine/Content/EngineMaterials/Substrate/Glints2/dict_0000_0220.uasset" 9580
"../../../Engine/Content/EngineMaterials/Substrate/Glints2/dict_0000_0227.uasset" 9581
"../../../Engine/Content/EngineMaterials/Substrate/Glints2/dict_0000_0226.uasset" 9582
"../../../Engine/Content/EngineMaterials/Substrate/Glints2/dict_0000_0225.uasset" 9583
"../../../Engine/Content/EngineMaterials/Substrate/Glints2/dict_0000_0223.uasset" 9584
"../../../Engine/Content/EngineMaterials/Substrate/Glints2/dict_0000_0224.uasset" 9585
"../../../Engine/Content/EngineMaterials/Substrate/Glints2/dict_0000_0228.uasset" 9586
"../../../Engine/Content/EngineMaterials/Substrate/Glints2/dict_0000_0222.uasset" 9587
"../../../Engine/Content/EngineMaterials/Substrate/Glints2/dict_0000_0217.uasset" 9588
"../../../Engine/Content/EngineMaterials/Substrate/Glints2/dict_0000_0218.uasset" 9589
"../../../Engine/Content/EngineMaterials/Substrate/Glints2/dict_0000_0229.uasset" 9590
"../../../Engine/Content/EngineMaterials/Substrate/Glints2/dict_0000_0219.uasset" 9591
"/Engine/EngineMaterials/Substrate/Glints2/dict_0000_0233" 9592
"../../../Engine/Content/EngineMaterials/Substrate/Glints2/dict_0000_0221.uasset" 9593
"/Engine/EngineMaterials/Substrate/Glints2/dict_0000_0234" 9594
"/Engine/EngineMaterials/Substrate/Glints2/dict_0000_0235" 9595
"/Engine/EngineMaterials/Substrate/Glints2/dict_0000_0236" 9596
"/Engine/EngineMaterials/Substrate/Glints2/dict_0000_0237" 9597
"/Engine/EngineMaterials/Substrate/Glints2/dict_0000_0238" 9598
"/Engine/EngineMaterials/Substrate/Glints2/dict_0000_0239" 9599
"/Engine/EngineMaterials/Substrate/Glints2/dict_0000_0240" 9600
"/Engine/EngineMaterials/Substrate/Glints2/dict_0000_0241" 9601
"/Engine/EngineMaterials/Substrate/Glints2/dict_0000_0242" 9602
"/Engine/EngineMaterials/Substrate/Glints2/dict_0000_0243" 9603
"/Engine/EngineMaterials/Substrate/Glints2/dict_0000_0244" 9604
"/Engine/EngineMaterials/Substrate/Glints2/dict_0000_0245" 9605
"/Engine/EngineMaterials/Substrate/Glints2/dict_0000_0246" 9606
"/Engine/EngineMaterials/Substrate/Glints2/dict_0000_0247" 9607
"/Engine/EngineMaterials/Substrate/Glints2/dict_0000_0252" 9608
"../../../Engine/Content/EngineMaterials/Substrate/Glints2/dict_0000_0216.uasset" 9609
"../../../Engine/Content/EngineMaterials/Substrate/Glints2/dict_0000_0213.uasset" 9610
"../../../Engine/Content/EngineMaterials/Substrate/Glints2/dict_0000_0212.uasset" 9611
"../../../Engine/Content/EngineMaterials/Substrate/Glints2/dict_0000_0210.uasset" 9612
"../../../Engine/Content/EngineMaterials/Substrate/Glints2/dict_0000_0209.uasset" 9613
"../../../Engine/Content/EngineMaterials/Substrate/Glints2/dict_0000_0214.uasset" 9614
"../../../Engine/Content/EngineMaterials/Substrate/Glints2/dict_0000_0205.uasset" 9615
"../../../Engine/Content/EngineMaterials/Substrate/Glints2/dict_0000_0215.uasset" 9616
"../../../Engine/Content/EngineMaterials/Substrate/Glints2/dict_0000_0203.uasset" 9617
"../../../Engine/Content/EngineMaterials/Substrate/Glints2/dict_0000_0211.uasset" 9618
"../../../Engine/Content/EngineMaterials/Substrate/Glints2/dict_0000_0208.uasset" 9619
"../../../Engine/Content/EngineMaterials/Substrate/Glints2/dict_0000_0201.uasset" 9620
"../../../Engine/Content/EngineMaterials/Substrate/Glints2/dict_0000_0204.uasset" 9621
"../../../Engine/Content/EngineMaterials/Substrate/Glints2/dict_0000_0206.uasset" 9622
"../../../Engine/Content/EngineMaterials/Substrate/Glints2/dict_0000_0207.uasset" 9623
"/Engine/EngineMaterials/Substrate/Glints2/dict_0000_0217" 9624
"../../../Engine/Content/EngineMaterials/Substrate/Glints2/dict_0000_0202.uasset" 9625
"/Engine/EngineMaterials/Substrate/Glints2/dict_0000_0218" 9626
"/Engine/EngineMaterials/Substrate/Glints2/dict_0000_0219" 9627
"/Engine/EngineMaterials/Substrate/Glints2/dict_0000_0220" 9628
"/Engine/EngineMaterials/Substrate/Glints2/dict_0000_0221" 9629
"/Engine/EngineMaterials/Substrate/Glints2/dict_0000_0222" 9630
"/Engine/EngineMaterials/Substrate/Glints2/dict_0000_0223" 9631
"/Engine/EngineMaterials/Substrate/Glints2/dict_0000_0224" 9632
"/Engine/EngineMaterials/Substrate/Glints2/dict_0000_0225" 9633
"/Engine/EngineMaterials/Substrate/Glints2/dict_0000_0226" 9634
"/Engine/EngineMaterials/Substrate/Glints2/dict_0000_0227" 9635
"/Engine/EngineMaterials/Substrate/Glints2/dict_0000_0228" 9636
"/Engine/EngineMaterials/Substrate/Glints2/dict_0000_0229" 9637
"/Engine/EngineMaterials/Substrate/Glints2/dict_0000_0230" 9638
"/Engine/EngineMaterials/Substrate/Glints2/dict_0000_0216" 9639
"/Engine/EngineMaterials/Substrate/Glints2/dict_0000_0231" 9640
"/Engine/EngineMaterials/Substrate/Glints2/dict_0000_0232" 9641
"../../../Engine/Content/EngineMaterials/Substrate/Glints2/dict_0000_0200.uasset" 9642
"../../../Engine/Content/EngineMaterials/Substrate/Glints2/dict_0000_0198.uasset" 9643
"../../../Engine/Content/EngineMaterials/Substrate/Glints2/dict_0000_0197.uasset" 9644
"../../../Engine/Content/EngineMaterials/Substrate/Glints2/dict_0000_0196.uasset" 9645
"../../../Engine/Content/EngineMaterials/Substrate/Glints2/dict_0000_0192.uasset" 9646
"../../../Engine/Content/EngineMaterials/Substrate/Glints2/dict_0000_0190.uasset" 9647
"../../../Engine/Content/EngineMaterials/Substrate/Glints2/dict_0000_0191.uasset" 9648
"../../../Engine/Content/EngineMaterials/Substrate/Glints2/dict_0000_0189.uasset" 9649
"../../../Engine/Content/EngineMaterials/Substrate/Glints2/dict_0000_0187.uasset" 9650
"../../../Engine/Content/EngineMaterials/Substrate/Glints2/dict_0000_0185.uasset" 9651
"../../../Engine/Content/EngineMaterials/Substrate/Glints2/dict_0000_0193.uasset" 9652
"../../../Engine/Content/EngineMaterials/Substrate/Glints2/dict_0000_0188.uasset" 9653
"../../../Engine/Content/EngineMaterials/Substrate/Glints2/dict_0000_0195.uasset" 9654
"../../../Engine/Content/EngineMaterials/Substrate/Glints2/dict_0000_0199.uasset" 9655
"../../../Engine/Content/EngineMaterials/Substrate/Glints2/dict_0000_0186.uasset" 9656
"../../../Engine/Content/EngineMaterials/Substrate/Glints2/dict_0000_0194.uasset" 9657
"../../../Engine/Content/EngineMaterials/Substrate/Glints2/dict_0000_0184.uasset" 9658
"/Engine/EngineMaterials/Substrate/Glints2/dict_0000_0201" 9659
"/Engine/EngineMaterials/Substrate/Glints2/dict_0000_0202" 9660
"/Engine/EngineMaterials/Substrate/Glints2/dict_0000_0203" 9661
"/Engine/EngineMaterials/Substrate/Glints2/dict_0000_0204" 9662
"/Engine/EngineMaterials/Substrate/Glints2/dict_0000_0205" 9663
"/Engine/EngineMaterials/Substrate/Glints2/dict_0000_0206" 9664
"/Engine/EngineMaterials/Substrate/Glints2/dict_0000_0207" 9665
"/Engine/EngineMaterials/Substrate/Glints2/dict_0000_0208" 9666
"/Engine/EngineMaterials/Substrate/Glints2/dict_0000_0209" 9667
"/Engine/EngineMaterials/Substrate/Glints2/dict_0000_0210" 9668
"/Engine/EngineMaterials/Substrate/Glints2/dict_0000_0211" 9669
"/Engine/EngineMaterials/Substrate/Glints2/dict_0000_0212" 9670
"/Engine/EngineMaterials/Substrate/Glints2/dict_0000_0213" 9671
"/Engine/EngineMaterials/Substrate/Glints2/dict_0000_0214" 9672
"/Engine/EngineMaterials/Substrate/Glints2/dict_0000_0215" 9673
"/Engine/EngineMaterials/Substrate/Glints2/dict_0000_0196" 9674
"/Engine/EngineMaterials/Substrate/Glints2/dict_0000_0197" 9675
"/Engine/EngineMaterials/Substrate/Glints2/dict_0000_0198" 9676
"/Engine/EngineMaterials/Substrate/Glints2/dict_0000_0200" 9677
"../../../Engine/Content/EngineMaterials/Substrate/Glints2/dict_0000_0182.uasset" 9678
"../../../Engine/Content/EngineMaterials/Substrate/Glints2/dict_0000_0180.uasset" 9679
"../../../Engine/Content/EngineMaterials/Substrate/Glints2/dict_0000_0181.uasset" 9680
"../../../Engine/Content/EngineMaterials/Substrate/Glints2/dict_0000_0178.uasset" 9681
"../../../Engine/Content/EngineMaterials/Substrate/Glints2/dict_0000_0175.uasset" 9682
"../../../Engine/Content/EngineMaterials/Substrate/Glints2/dict_0000_0174.uasset" 9683
"../../../Engine/Content/EngineMaterials/Substrate/Glints2/dict_0000_0172.uasset" 9684
"../../../Engine/Content/EngineMaterials/Substrate/Glints2/dict_0000_0173.uasset" 9685
"../../../Engine/Content/EngineMaterials/Substrate/Glints2/dict_0000_0177.uasset" 9686
"../../../Engine/Content/EngineMaterials/Substrate/Glints2/dict_0000_0183.uasset" 9687
"../../../Engine/Content/EngineMaterials/Substrate/Glints2/dict_0000_0167.uasset" 9688
"../../../Engine/Content/EngineMaterials/Substrate/Glints2/dict_0000_0179.uasset" 9689
"../../../Engine/Content/EngineMaterials/Substrate/Glints2/dict_0000_0168.uasset" 9690
"../../../Engine/Content/EngineMaterials/Substrate/Glints2/dict_0000_0169.uasset" 9691
"/Engine/EngineMaterials/Substrate/Glints2/dict_0000_0184" 9692
"../../../Engine/Content/EngineMaterials/Substrate/Glints2/dict_0000_0170.uasset" 9693
"../../../Engine/Content/EngineMaterials/Substrate/Glints2/dict_0000_0165.uasset" 9694
"../../../Engine/Content/EngineMaterials/Substrate/Glints2/dict_0000_0166.uasset" 9695
"../../../Engine/Content/EngineMaterials/Substrate/Glints2/dict_0000_0176.uasset" 9696
"../../../Engine/Content/EngineMaterials/Substrate/Glints2/dict_0000_0171.uasset" 9697
"/Engine/EngineMaterials/Substrate/Glints2/dict_0000_0185" 9698
"/Engine/EngineMaterials/Substrate/Glints2/dict_0000_0186" 9699
"/Engine/EngineMaterials/Substrate/Glints2/dict_0000_0187" 9700
"/Engine/EngineMaterials/Substrate/Glints2/dict_0000_0188" 9701
"/Engine/EngineMaterials/Substrate/Glints2/dict_0000_0189" 9702
"/Engine/EngineMaterials/Substrate/Glints2/dict_0000_0190" 9703
"/Engine/EngineMaterials/Substrate/Glints2/dict_0000_0191" 9704
"/Engine/EngineMaterials/Substrate/Glints2/dict_0000_0192" 9705
"/Engine/EngineMaterials/Substrate/Glints2/dict_0000_0193" 9706
"/Engine/EngineMaterials/Substrate/Glints2/dict_0000_0194" 9707
"/Engine/EngineMaterials/Substrate/Glints2/dict_0000_0195" 9708
"/Engine/EngineMaterials/Substrate/Glints2/dict_0000_0180" 9709
"/Engine/EngineMaterials/Substrate/Glints2/dict_0000_0181" 9710
"/Engine/EngineMaterials/Substrate/Glints2/dict_0000_0182" 9711
"/Engine/EngineMaterials/Substrate/Glints2/dict_0000_0199" 9712
"../../../Engine/Content/EngineMaterials/Substrate/Glints2/dict_0000_0163.uasset" 9713
"../../../Engine/Content/EngineMaterials/Substrate/Glints2/dict_0000_0162.uasset" 9714
"../../../Engine/Content/EngineMaterials/Substrate/Glints2/dict_0000_0164.uasset" 9715
"../../../Engine/Content/EngineMaterials/Substrate/Glints2/dict_0000_0159.uasset" 9716
"../../../Engine/Content/EngineMaterials/Substrate/Glints2/dict_0000_0158.uasset" 9717
"../../../Engine/Content/EngineMaterials/Substrate/Glints2/dict_0000_0157.uasset" 9718
"../../../Engine/Content/EngineMaterials/Substrate/Glints2/dict_0000_0155.uasset" 9719
"../../../Engine/Content/EngineMaterials/Substrate/Glints2/dict_0000_0154.uasset" 9720
"../../../Engine/Content/EngineMaterials/Substrate/Glints2/dict_0000_0152.uasset" 9721
"../../../Engine/Content/EngineMaterials/Substrate/Glints2/dict_0000_0160.uasset" 9722
"../../../Engine/Content/EngineMaterials/Substrate/Glints2/dict_0000_0151.uasset" 9723
"../../../Engine/Content/EngineMaterials/Substrate/Glints2/dict_0000_0161.uasset" 9724
"../../../Engine/Content/EngineMaterials/Substrate/Glints2/dict_0000_0153.uasset" 9725
"/Engine/EngineMaterials/Substrate/Glints2/dict_0000_0165" 9726
"../../../Engine/Content/EngineMaterials/Substrate/Glints2/dict_0000_0156.uasset" 9727
"../../../Engine/Content/EngineMaterials/Substrate/Glints2/dict_0000_0149.uasset" 9728
"../../../Engine/Content/EngineMaterials/Substrate/Glints2/dict_0000_0150.uasset" 9729
"/Engine/EngineMaterials/Substrate/Glints2/dict_0000_0166" 9730
"/Engine/EngineMaterials/Substrate/Glints2/dict_0000_0167" 9731
"/Engine/EngineMaterials/Substrate/Glints2/dict_0000_0168" 9732
"/Engine/EngineMaterials/Substrate/Glints2/dict_0000_0169" 9733
"/Engine/EngineMaterials/Substrate/Glints2/dict_0000_0170" 9734
"/Engine/EngineMaterials/Substrate/Glints2/dict_0000_0171" 9735
"/Engine/EngineMaterials/Substrate/Glints2/dict_0000_0172" 9736
"/Engine/EngineMaterials/Substrate/Glints2/dict_0000_0173" 9737
"/Engine/EngineMaterials/Substrate/Glints2/dict_0000_0174" 9738
"/Engine/EngineMaterials/Substrate/Glints2/dict_0000_0175" 9739
"/Engine/EngineMaterials/Substrate/Glints2/dict_0000_0176" 9740
"/Engine/EngineMaterials/Substrate/Glints2/dict_0000_0177" 9741
"/Engine/EngineMaterials/Substrate/Glints2/dict_0000_0178" 9742
"/Engine/EngineMaterials/Substrate/Glints2/dict_0000_0179" 9743
"/Engine/EngineMaterials/Substrate/Glints2/dict_0000_0158" 9744
"/Engine/EngineMaterials/Substrate/Glints2/dict_0000_0159" 9745
"/Engine/EngineMaterials/Substrate/Glints2/dict_0000_0162" 9746
"/Engine/EngineMaterials/Substrate/Glints2/dict_0000_0163" 9747
"/Engine/EngineMaterials/Substrate/Glints2/dict_0000_0164" 9748
"/Engine/EngineMaterials/Substrate/Glints2/dict_0000_0183" 9749
"../../../Engine/Content/EngineMaterials/Substrate/Glints2/dict_0000_0147.uasset" 9750
"../../../Engine/Content/EngineMaterials/Substrate/Glints2/dict_0000_0145.uasset" 9751
"../../../Engine/Content/EngineMaterials/Substrate/Glints2/dict_0000_0146.uasset" 9752
"../../../Engine/Content/EngineMaterials/Substrate/Glints2/dict_0000_0141.uasset" 9753
"../../../Engine/Content/EngineMaterials/Substrate/Glints2/dict_0000_0143.uasset" 9754
"../../../Engine/Content/EngineMaterials/Substrate/Glints2/dict_0000_0148.uasset" 9755
"../../../Engine/Content/EngineMaterials/Substrate/Glints2/dict_0000_0140.uasset" 9756
"../../../Engine/Content/EngineMaterials/Substrate/Glints2/dict_0000_0144.uasset" 9757
"../../../Engine/Content/EngineMaterials/Substrate/Glints2/dict_0000_0135.uasset" 9758
"../../../Engine/Content/EngineMaterials/Substrate/Glints2/dict_0000_0142.uasset" 9759
"../../../Engine/Content/EngineMaterials/Substrate/Glints2/dict_0000_0133.uasset" 9760
"../../../Engine/Content/EngineMaterials/Substrate/Glints2/dict_0000_0128.uasset" 9761
"../../../Engine/Content/EngineMaterials/Substrate/Glints2/dict_0000_0137.uasset" 9762
"../../../Engine/Content/EngineMaterials/Substrate/Glints2/dict_0000_0136.uasset" 9763
"../../../Engine/Content/EngineMaterials/Substrate/Glints2/dict_0000_0138.uasset" 9764
"../../../Engine/Content/EngineMaterials/Substrate/Glints2/dict_0000_0134.uasset" 9765
"../../../Engine/Content/EngineMaterials/Substrate/Glints2/dict_0000_0139.uasset" 9766
"../../../Engine/Content/EngineMaterials/Substrate/Glints2/dict_0000_0132.uasset" 9767
"../../../Engine/Content/EngineMaterials/Substrate/Glints2/dict_0000_0131.uasset" 9768
"/Engine/EngineMaterials/Substrate/Glints2/dict_0000_0149" 9769
"../../../Engine/Content/EngineMaterials/Substrate/Glints2/dict_0000_0130.uasset" 9770
"../../../Engine/Content/EngineMaterials/Substrate/Glints2/dict_0000_0129.uasset" 9771
"/Engine/EngineMaterials/Substrate/Glints2/dict_0000_0150" 9772
"/Engine/EngineMaterials/Substrate/Glints2/dict_0000_0151" 9773
"/Engine/EngineMaterials/Substrate/Glints2/dict_0000_0152" 9774
"/Engine/EngineMaterials/Substrate/Glints2/dict_0000_0153" 9775
"/Engine/EngineMaterials/Substrate/Glints2/dict_0000_0154" 9776
"/Engine/EngineMaterials/Substrate/Glints2/dict_0000_0155" 9777
"/Engine/EngineMaterials/Substrate/Glints2/dict_0000_0156" 9778
"/Engine/EngineMaterials/Substrate/Glints2/dict_0000_0157" 9779
"/Engine/EngineMaterials/Substrate/Glints2/dict_0000_0160" 9780
"/Engine/EngineMaterials/Substrate/Glints2/dict_0000_0161" 9781
"/Engine/EngineMaterials/Substrate/Glints2/dict_0000_0145" 9782
"/Engine/EngineMaterials/Substrate/Glints2/dict_0000_0146" 9783
"/Engine/EngineMaterials/Substrate/Glints2/dict_0000_0147" 9784
"../../../Engine/Content/EngineMaterials/Substrate/Glints2/dict_0000_0126.uasset" 9785
"../../../Engine/Content/EngineMaterials/Substrate/Glints2/dict_0000_0125.uasset" 9786
"../../../Engine/Content/EngineMaterials/Substrate/Glints2/dict_0000_0123.uasset" 9787
"../../../Engine/Content/EngineMaterials/Substrate/Glints2/dict_0000_0122.uasset" 9788
"../../../Engine/Content/EngineMaterials/Substrate/Glints2/dict_0000_0121.uasset" 9789
"../../../Engine/Content/EngineMaterials/Substrate/Glints2/dict_0000_0120.uasset" 9790
"../../../Engine/Content/EngineMaterials/Substrate/Glints2/dict_0000_0118.uasset" 9791
"../../../Engine/Content/EngineMaterials/Substrate/Glints2/dict_0000_0124.uasset" 9792
"../../../Engine/Content/EngineMaterials/Substrate/Glints2/dict_0000_0127.uasset" 9793
"../../../Engine/Content/EngineMaterials/Substrate/Glints2/dict_0000_0117.uasset" 9794
"../../../Engine/Content/EngineMaterials/Substrate/Glints2/dict_0000_0114.uasset" 9795
"../../../Engine/Content/EngineMaterials/Substrate/Glints2/dict_0000_0116.uasset" 9796
"../../../Engine/Content/EngineMaterials/Substrate/Glints2/dict_0000_0119.uasset" 9797
"/Engine/EngineMaterials/Substrate/Glints2/dict_0000_0128" 9798
"../../../Engine/Content/EngineMaterials/Substrate/Glints2/dict_0000_0115.uasset" 9799
"/Engine/EngineMaterials/Substrate/Glints2/dict_0000_0129" 9800
"/Engine/EngineMaterials/Substrate/Glints2/dict_0000_0130" 9801
"/Engine/EngineMaterials/Substrate/Glints2/dict_0000_0131" 9802
"/Engine/EngineMaterials/Substrate/Glints2/dict_0000_0132" 9803
"/Engine/EngineMaterials/Substrate/Glints2/dict_0000_0133" 9804
"/Engine/EngineMaterials/Substrate/Glints2/dict_0000_0134" 9805
"/Engine/EngineMaterials/Substrate/Glints2/dict_0000_0135" 9806
"/Engine/EngineMaterials/Substrate/Glints2/dict_0000_0136" 9807
"/Engine/EngineMaterials/Substrate/Glints2/dict_0000_0137" 9808
"/Engine/EngineMaterials/Substrate/Glints2/dict_0000_0138" 9809
"/Engine/EngineMaterials/Substrate/Glints2/dict_0000_0139" 9810
"/Engine/EngineMaterials/Substrate/Glints2/dict_0000_0140" 9811
"/Engine/EngineMaterials/Substrate/Glints2/dict_0000_0141" 9812
"/Engine/EngineMaterials/Substrate/Glints2/dict_0000_0142" 9813
"/Engine/EngineMaterials/Substrate/Glints2/dict_0000_0121" 9814
"/Engine/EngineMaterials/Substrate/Glints2/dict_0000_0122" 9815
"/Engine/EngineMaterials/Substrate/Glints2/dict_0000_0143" 9816
"/Engine/EngineMaterials/Substrate/Glints2/dict_0000_0144" 9817
"/Engine/EngineMaterials/Substrate/Glints2/dict_0000_0123" 9818
"/Engine/EngineMaterials/Substrate/Glints2/dict_0000_0125" 9819
"/Engine/EngineMaterials/Substrate/Glints2/dict_0000_0126" 9820
"/Engine/EngineMaterials/Substrate/Glints2/dict_0000_0148" 9821
"../../../Engine/Content/EngineMaterials/Substrate/Glints2/dict_0000_0113.uasset" 9822
"../../../Engine/Content/EngineMaterials/Substrate/Glints2/dict_0000_0112.uasset" 9823
"../../../Engine/Content/EngineMaterials/Substrate/Glints2/dict_0000_0110.uasset" 9824
"../../../Engine/Content/EngineMaterials/Substrate/Glints2/dict_0000_0109.uasset" 9825
"../../../Engine/Content/EngineMaterials/Substrate/Glints2/dict_0000_0107.uasset" 9826
"../../../Engine/Content/EngineMaterials/Substrate/Glints2/dict_0000_0106.uasset" 9827
"../../../Engine/Content/EngineMaterials/Substrate/Glints2/dict_0000_0105.uasset" 9828
"../../../Engine/Content/EngineMaterials/Substrate/Glints2/dict_0000_0102.uasset" 9829
"../../../Engine/Content/EngineMaterials/Substrate/Glints2/dict_0000_0101.uasset" 9830
"../../../Engine/Content/EngineMaterials/Substrate/Glints2/dict_0000_0104.uasset" 9831
"../../../Engine/Content/EngineMaterials/Substrate/Glints2/dict_0000_0098.uasset" 9832
"../../../Engine/Content/EngineMaterials/Substrate/Glints2/dict_0000_0097.uasset" 9833
"../../../Engine/Content/EngineMaterials/Substrate/Glints2/dict_0000_0111.uasset" 9834
"../../../Engine/Content/EngineMaterials/Substrate/Glints2/dict_0000_0094.uasset" 9835
"../../../Engine/Content/EngineMaterials/Substrate/Glints2/dict_0000_0093.uasset" 9836
"../../../Engine/Content/EngineMaterials/Substrate/Glints2/dict_0000_0100.uasset" 9837
"../../../Engine/Content/EngineMaterials/Substrate/Glints2/dict_0000_0092.uasset" 9838
"../../../Engine/Content/EngineMaterials/Substrate/Glints2/dict_0000_0096.uasset" 9839
"../../../Engine/Content/EngineMaterials/Substrate/Glints2/dict_0000_0095.uasset" 9840
"../../../Engine/Content/EngineMaterials/Substrate/Glints2/dict_0000_0108.uasset" 9841
"/Engine/EngineMaterials/Substrate/Glints2/dict_0000_0114" 9842
"../../../Engine/Content/EngineMaterials/Substrate/Glints2/dict_0000_0099.uasset" 9843
"../../../Engine/Content/EngineMaterials/Substrate/Glints2/dict_0000_0091.uasset" 9844
"../../../Engine/Content/EngineMaterials/Substrate/Glints2/dict_0000_0103.uasset" 9845
"/Engine/EngineMaterials/Substrate/Glints2/dict_0000_0115" 9846
"/Engine/EngineMaterials/Substrate/Glints2/dict_0000_0116" 9847
"/Engine/EngineMaterials/Substrate/Glints2/dict_0000_0117" 9848
"/Engine/EngineMaterials/Substrate/Glints2/dict_0000_0118" 9849
"/Engine/EngineMaterials/Substrate/Glints2/dict_0000_0119" 9850
"/Engine/EngineMaterials/Substrate/Glints2/dict_0000_0120" 9851
"/Engine/EngineMaterials/Substrate/Glints2/dict_0000_0106" 9852
"/Engine/EngineMaterials/Substrate/Glints2/dict_0000_0107" 9853
"/Engine/EngineMaterials/Substrate/Glints2/dict_0000_0109" 9854
"/Engine/EngineMaterials/Substrate/Glints2/dict_0000_0110" 9855
"/Engine/EngineMaterials/Substrate/Glints2/dict_0000_0124" 9856
"/Engine/EngineMaterials/Substrate/Glints2/dict_0000_0112" 9857
"/Engine/EngineMaterials/Substrate/Glints2/dict_0000_0127" 9858
"/Engine/EngineMaterials/Substrate/Glints2/dict_0000_0113" 9859
"../../../Engine/Content/EngineMaterials/Substrate/Glints2/dict_0000_0089.uasset" 9860
"../../../Engine/Content/EngineMaterials/Substrate/Glints2/dict_0000_0087.uasset" 9861
"../../../Engine/Content/EngineMaterials/Substrate/Glints2/dict_0000_0085.uasset" 9862
"../../../Engine/Content/EngineMaterials/Substrate/Glints2/dict_0000_0090.uasset" 9863
"../../../Engine/Content/EngineMaterials/Substrate/Glints2/dict_0000_0081.uasset" 9864
"../../../Engine/Content/EngineMaterials/Substrate/Glints2/dict_0000_0088.uasset" 9865
"../../../Engine/Content/EngineMaterials/Substrate/Glints2/dict_0000_0078.uasset" 9866
"../../../Engine/Content/EngineMaterials/Substrate/Glints2/dict_0000_0077.uasset" 9867
"../../../Engine/Content/EngineMaterials/Substrate/Glints2/dict_0000_0083.uasset" 9868
"../../../Engine/Content/EngineMaterials/Substrate/Glints2/dict_0000_0084.uasset" 9869
"../../../Engine/Content/EngineMaterials/Substrate/Glints2/dict_0000_0076.uasset" 9870
"/Engine/EngineMaterials/Substrate/Glints2/dict_0000_0091" 9871
"../../../Engine/Content/EngineMaterials/Substrate/Glints2/dict_0000_0086.uasset" 9872
"../../../Engine/Content/EngineMaterials/Substrate/Glints2/dict_0000_0082.uasset" 9873
"../../../Engine/Content/EngineMaterials/Substrate/Glints2/dict_0000_0080.uasset" 9874
"../../../Engine/Content/EngineMaterials/Substrate/Glints2/dict_0000_0079.uasset" 9875
"/Engine/EngineMaterials/Substrate/Glints2/dict_0000_0092" 9876
"/Engine/EngineMaterials/Substrate/Glints2/dict_0000_0093" 9877
"/Engine/EngineMaterials/Substrate/Glints2/dict_0000_0094" 9878
"/Engine/EngineMaterials/Substrate/Glints2/dict_0000_0095" 9879
"/Engine/EngineMaterials/Substrate/Glints2/dict_0000_0096" 9880
"/Engine/EngineMaterials/Substrate/Glints2/dict_0000_0097" 9881
"/Engine/EngineMaterials/Substrate/Glints2/dict_0000_0098" 9882
"/Engine/EngineMaterials/Substrate/Glints2/dict_0000_0099" 9883
"/Engine/EngineMaterials/Substrate/Glints2/dict_0000_0100" 9884
"/Engine/EngineMaterials/Substrate/Glints2/dict_0000_0101" 9885
"/Engine/EngineMaterials/Substrate/Glints2/dict_0000_0102" 9886
"/Engine/EngineMaterials/Substrate/Glints2/dict_0000_0103" 9887
"/Engine/EngineMaterials/Substrate/Glints2/dict_0000_0104" 9888
"/Engine/EngineMaterials/Substrate/Glints2/dict_0000_0105" 9889
"/Engine/EngineMaterials/Substrate/Glints2/dict_0000_0108" 9890
"/Engine/EngineMaterials/Substrate/Glints2/dict_0000_0085" 9891
"/Engine/EngineMaterials/Substrate/Glints2/dict_0000_0087" 9892
"/Engine/EngineMaterials/Substrate/Glints2/dict_0000_0111" 9893
"/Engine/EngineMaterials/Substrate/Glints2/dict_0000_0089" 9894
"/Engine/EngineMaterials/Substrate/Glints2/dict_0000_0090" 9895
"../../../Engine/Content/EngineMaterials/Substrate/Glints2/dict_0000_0074.uasset" 9896
"../../../Engine/Content/EngineMaterials/Substrate/Glints2/dict_0000_0072.uasset" 9897
"../../../Engine/Content/EngineMaterials/Substrate/Glints2/dict_0000_0073.uasset" 9898
"../../../Engine/Content/EngineMaterials/Substrate/Glints2/dict_0000_0068.uasset" 9899
"../../../Engine/Content/EngineMaterials/Substrate/Glints2/dict_0000_0066.uasset" 9900
"../../../Engine/Content/EngineMaterials/Substrate/Glints2/dict_0000_0064.uasset" 9901
"../../../Engine/Content/EngineMaterials/Substrate/Glints2/dict_0000_0065.uasset" 9902
"../../../Engine/Content/EngineMaterials/Substrate/Glints2/dict_0000_0070.uasset" 9903
"../../../Engine/Content/EngineMaterials/Substrate/Glints2/dict_0000_0075.uasset" 9904
"/Engine/EngineMaterials/Substrate/Glints2/dict_0000_0076" 9905
"../../../Engine/Content/EngineMaterials/Substrate/Glints2/dict_0000_0058.uasset" 9906
"../../../Engine/Content/EngineMaterials/Substrate/Glints2/dict_0000_0059.uasset" 9907
"../../../Engine/Content/EngineMaterials/Substrate/Glints2/dict_0000_0060.uasset" 9908
"../../../Engine/Content/EngineMaterials/Substrate/Glints2/dict_0000_0055.uasset" 9909
"../../../Engine/Content/EngineMaterials/Substrate/Glints2/dict_0000_0062.uasset" 9910
"../../../Engine/Content/EngineMaterials/Substrate/Glints2/dict_0000_0067.uasset" 9911
"../../../Engine/Content/EngineMaterials/Substrate/Glints2/dict_0000_0061.uasset" 9912
"../../../Engine/Content/EngineMaterials/Substrate/Glints2/dict_0000_0057.uasset" 9913
"../../../Engine/Content/EngineMaterials/Substrate/Glints2/dict_0000_0069.uasset" 9914
"../../../Engine/Content/EngineMaterials/Substrate/Glints2/dict_0000_0063.uasset" 9915
"../../../Engine/Content/EngineMaterials/Substrate/Glints2/dict_0000_0071.uasset" 9916
"../../../Engine/Content/EngineMaterials/Substrate/Glints2/dict_0000_0056.uasset" 9917
"/Engine/EngineMaterials/Substrate/Glints2/dict_0000_0077" 9918
"/Engine/EngineMaterials/Substrate/Glints2/dict_0000_0078" 9919
"/Engine/EngineMaterials/Substrate/Glints2/dict_0000_0079" 9920
"/Engine/EngineMaterials/Substrate/Glints2/dict_0000_0080" 9921
"/Engine/EngineMaterials/Substrate/Glints2/dict_0000_0081" 9922
"/Engine/EngineMaterials/Substrate/Glints2/dict_0000_0082" 9923
"/Engine/EngineMaterials/Substrate/Glints2/dict_0000_0083" 9924
"/Engine/EngineMaterials/Substrate/Glints2/dict_0000_0084" 9925
"/Engine/EngineMaterials/Substrate/Glints2/dict_0000_0086" 9926
"/Engine/EngineMaterials/Substrate/Glints2/dict_0000_0072" 9927
"/Engine/EngineMaterials/Substrate/Glints2/dict_0000_0088" 9928
"/Engine/EngineMaterials/Substrate/Glints2/dict_0000_0074" 9929
"../../../Engine/Content/EngineMaterials/Substrate/Glints2/dict_0000_0049.uasset" 9930
"../../../Engine/Content/EngineMaterials/Substrate/Glints2/dict_0000_0044.uasset" 9931
"../../../Engine/Content/EngineMaterials/Substrate/Glints2/dict_0000_0053.uasset" 9932
"../../../Engine/Content/EngineMaterials/Substrate/Glints2/dict_0000_0048.uasset" 9933
"../../../Engine/Content/EngineMaterials/Substrate/Glints2/dict_0000_0051.uasset" 9934
"../../../Engine/Content/EngineMaterials/Substrate/Glints2/dict_0000_0046.uasset" 9935
"../../../Engine/Content/EngineMaterials/Substrate/Glints2/dict_0000_0054.uasset" 9936
"../../../Engine/Content/EngineMaterials/Substrate/Glints2/dict_0000_0045.uasset" 9937
"../../../Engine/Content/EngineMaterials/Substrate/Glints2/dict_0000_0050.uasset" 9938
"/Engine/EngineMaterials/Substrate/Glints2/dict_0000_0055" 9939
"../../../Engine/Content/EngineMaterials/Substrate/Glints2/dict_0000_0052.uasset" 9940
"../../../Engine/Content/EngineMaterials/Substrate/Glints2/dict_0000_0043.uasset" 9941
"../../../Engine/Content/EngineMaterials/Substrate/Glints2/dict_0000_0042.uasset" 9942
"../../../Engine/Content/EngineMaterials/Substrate/Glints2/dict_0000_0047.uasset" 9943
"/Engine/EngineMaterials/Substrate/Glints2/dict_0000_0056" 9944
"/Engine/EngineMaterials/Substrate/Glints2/dict_0000_0057" 9945
"/Engine/EngineMaterials/Substrate/Glints2/dict_0000_0058" 9946
"/Engine/EngineMaterials/Substrate/Glints2/dict_0000_0059" 9947
"/Engine/EngineMaterials/Substrate/Glints2/dict_0000_0060" 9948
"/Engine/EngineMaterials/Substrate/Glints2/dict_0000_0061" 9949
"/Engine/EngineMaterials/Substrate/Glints2/dict_0000_0062" 9950
"/Engine/EngineMaterials/Substrate/Glints2/dict_0000_0063" 9951
"/Engine/EngineMaterials/Substrate/Glints2/dict_0000_0064" 9952
"/Engine/EngineMaterials/Substrate/Glints2/dict_0000_0065" 9953
"/Engine/EngineMaterials/Substrate/Glints2/dict_0000_0066" 9954
"/Engine/EngineMaterials/Substrate/Glints2/dict_0000_0067" 9955
"/Engine/EngineMaterials/Substrate/Glints2/dict_0000_0068" 9956
"/Engine/EngineMaterials/Substrate/Glints2/dict_0000_0069" 9957
"/Engine/EngineMaterials/Substrate/Glints2/dict_0000_0070" 9958
"/Engine/EngineMaterials/Substrate/Glints2/dict_0000_0071" 9959
"/Engine/EngineMaterials/Substrate/Glints2/dict_0000_0073" 9960
"/Engine/EngineMaterials/Substrate/Glints2/dict_0000_0075" 9961
"../../../Engine/Content/EngineMaterials/Substrate/Glints2/dict_0000_0041.uasset" 9962
"../../../Engine/Content/EngineMaterials/Substrate/Glints2/dict_0000_0040.uasset" 9963
"../../../Engine/Content/EngineMaterials/Substrate/Glints2/dict_0000_0038.uasset" 9964
"../../../Engine/Content/EngineMaterials/Substrate/Glints2/dict_0000_0039.uasset" 9965
"../../../Engine/Content/EngineMaterials/Substrate/Glints2/dict_0000_0034.uasset" 9966
"../../../Engine/Content/EngineMaterials/Substrate/Glints2/dict_0000_0035.uasset" 9967
"../../../Engine/Content/EngineMaterials/Substrate/Glints2/dict_0000_0031.uasset" 9968
"../../../Engine/Content/EngineMaterials/Substrate/Glints2/dict_0000_0037.uasset" 9969
"../../../Engine/Content/EngineMaterials/Substrate/Glints2/dict_0000_0028.uasset" 9970
"../../../Engine/Content/EngineMaterials/Substrate/Glints2/dict_0000_0033.uasset" 9971
"../../../Engine/Content/EngineMaterials/Substrate/Glints2/dict_0000_0025.uasset" 9972
"../../../Engine/Content/EngineMaterials/Substrate/Glints2/dict_0000_0024.uasset" 9973
"../../../Engine/Content/EngineMaterials/Substrate/Glints2/dict_0000_0030.uasset" 9974
"../../../Engine/Content/EngineMaterials/Substrate/Glints2/dict_0000_0029.uasset" 9975
"../../../Engine/Content/EngineMaterials/Substrate/Glints2/dict_0000_0032.uasset" 9976
"../../../Engine/Content/EngineMaterials/Substrate/Glints2/dict_0000_0027.uasset" 9977
"../../../Engine/Content/EngineMaterials/Substrate/Glints2/dict_0000_0026.uasset" 9978
"../../../Engine/Content/EngineMaterials/Substrate/Glints2/dict_0000_0036.uasset" 9979
"/Engine/EngineMaterials/Substrate/Glints2/dict_0000_0042" 9980
"../../../Engine/Content/EngineMaterials/Substrate/Glints2/dict_0000_0023.uasset" 9981
"/Engine/EngineMaterials/Substrate/Glints2/dict_0000_0043" 9982
"/Engine/EngineMaterials/Substrate/Glints2/dict_0000_0044" 9983
"/Engine/EngineMaterials/Substrate/Glints2/dict_0000_0045" 9984
"/Engine/EngineMaterials/Substrate/Glints2/dict_0000_0046" 9985
"/Engine/EngineMaterials/Substrate/Glints2/dict_0000_0047" 9986
"/Engine/EngineMaterials/Substrate/Glints2/dict_0000_0048" 9987
"/Engine/EngineMaterials/Substrate/Glints2/dict_0000_0049" 9988
"/Engine/EngineMaterials/Substrate/Glints2/dict_0000_0050" 9989
"/Engine/EngineMaterials/Substrate/Glints2/dict_0000_0038" 9990
"/Engine/EngineMaterials/Substrate/Glints2/dict_0000_0039" 9991
"/Engine/EngineMaterials/Substrate/Glints2/dict_0000_0051" 9992
"/Engine/EngineMaterials/Substrate/Glints2/dict_0000_0052" 9993
"/Engine/EngineMaterials/Substrate/Glints2/dict_0000_0040" 9994
"/Engine/EngineMaterials/Substrate/Glints2/dict_0000_0053" 9995
"/Engine/EngineMaterials/Substrate/Glints2/dict_0000_0054" 9996
"/Engine/EngineMaterials/Substrate/Glints2/dict_0000_0041" 9997
"../../../Engine/Content/EngineMaterials/Substrate/Glints2/dict_0000_0021.uasset" 9998
"../../../Engine/Content/EngineMaterials/Substrate/Glints2/dict_0000_0019.uasset" 9999
"../../../Engine/Content/EngineMaterials/Substrate/Glints2/dict_0000_0017.uasset" 10000
"../../../Engine/Content/EngineMaterials/Substrate/Glints2/dict_0000_0015.uasset" 10001
"../../../Engine/Content/EngineMaterials/Substrate/Glints2/dict_0000_0013.uasset" 10002
"../../../Engine/Content/EngineMaterials/Substrate/Glints2/dict_0000_0018.uasset" 10003
"../../../Engine/Content/EngineMaterials/Substrate/Glints2/dict_0000_0022.uasset" 10004
"../../../Engine/Content/EngineMaterials/Substrate/Glints2/dict_0000_0010.uasset" 10005
"../../../Engine/Content/EngineMaterials/Substrate/Glints2/dict_0000_0016.uasset" 10006
"../../../Engine/Content/EngineMaterials/Substrate/Glints2/dict_0000_0020.uasset" 10007
"../../../Engine/Content/EngineMaterials/Substrate/Glints2/dict_0000_0006.uasset" 10008
"../../../Engine/Content/EngineMaterials/Substrate/Glints2/dict_0000_0012.uasset" 10009
"../../../Engine/Content/EngineMaterials/Substrate/Glints2/dict_0000_0011.uasset" 10010
"../../../Engine/Content/EngineMaterials/Substrate/Glints2/dict_0000_0009.uasset" 10011
"../../../Engine/Content/EngineMaterials/Substrate/Glints2/dict_0000_0008.uasset" 10012
"../../../Engine/Content/EngineMaterials/Substrate/Glints2/dict_0000_0007.uasset" 10013
"../../../Engine/Content/EngineMaterials/Substrate/Glints2/dict_0000_0014.uasset" 10014
"/Engine/EngineMaterials/Substrate/Glints2/dict_0000_0023" 10015
"/Engine/EngineMaterials/Substrate/Glints2/dict_0000_0024" 10016
"/Engine/EngineMaterials/Substrate/Glints2/dict_0000_0025" 10017
"/Engine/EngineMaterials/Substrate/Glints2/dict_0000_0026" 10018
"/Engine/EngineMaterials/Substrate/Glints2/dict_0000_0027" 10019
"/Engine/EngineMaterials/Substrate/Glints2/dict_0000_0028" 10020
"/Engine/EngineMaterials/Substrate/Glints2/dict_0000_0029" 10021
"/Engine/EngineMaterials/Substrate/Glints2/dict_0000_0030" 10022
"/Engine/EngineMaterials/Substrate/Glints2/dict_0000_0031" 10023
"/Engine/EngineMaterials/Substrate/Glints2/dict_0000_0032" 10024
"/Engine/EngineMaterials/Substrate/Glints2/dict_0000_0033" 10025
"/Engine/EngineMaterials/Substrate/Glints2/dict_0000_0034" 10026
"/Engine/EngineMaterials/Substrate/Glints2/dict_0000_0035" 10027
"/Engine/EngineMaterials/Substrate/Glints2/dict_0000_0036" 10028
"/Engine/EngineMaterials/Substrate/Glints2/dict_0000_0037" 10029
"/Engine/EngineMaterials/Substrate/Glints2/dict_0000_0013" 10030
"/Engine/EngineMaterials/Substrate/Glints2/dict_0000_0015" 10031
"/Engine/EngineMaterials/Substrate/Glints2/dict_0000_0017" 10032
"/Engine/EngineMaterials/Substrate/Glints2/dict_0000_0019" 10033
"/Engine/EngineMaterials/Substrate/Glints2/dict_0000_0021" 10034
"../../../Engine/Content/EngineMaterials/Substrate/Glints2/dict_0000_0004.uasset" 10035
"../../../Engine/Content/EngineMaterials/Substrate/Glints2/dict_0000_0002.uasset" 10036
"../../../Engine/Content/EngineMaterials/Substrate/Glints2/dict_0000_0005.uasset" 10037
"../../../Engine/Content/EngineMaterials/Substrate/Glints2/AGlintTex2dArray2.uasset" 10038
"../../../Engine/Content/EngineMaterials/Substrate/Volume/SubstrateSimpleVolumeLUT2D.uasset" 10039
"../../../Engine/Content/EngineMaterials/Substrate/Volume/SubstrateSimpleVolumeEnvLUT2D.uasset" 10040
"../../../Engine/Content/MobileResources/HUD/VirtualJoystick_Background.uasset" 10041
"../../../Engine/Content/EngineMaterials/Substrate/Glints2/dict_0000_0001.uasset" 10042
"../../../Engine/Content/MobileResources/HUD/VirtualJoystick_Thumb.uasset" 10043
"../../../Engine/Content/EngineMaterials/Substrate/Glints2/dict_0000_0003.uasset" 10044
"../../../Engine/Content/MobileResources/HUD/DefaultVirtualJoysticks.uasset" 10045
"../../../Engine/Content/EngineMaterials/Substrate/Volume/SubstrateSimpleVolumeLUT3D.uasset" 10046
"../../../Engine/Content/EngineMaterials/PPM_DefaultCalibrationColor.uasset" 10047
"../../../Engine/Content/EngineMaterials/DefaultCalibrationColor.uasset" 10048
"../../../Engine/Content/Functions/MaterialLayerFunctions/MatLayerBlend_OverrideOpacity.uasset" 10049
"../../../Engine/Content/EngineMaterials/DefaultCalibrationGrayscale.uasset" 10050
"../../../Engine/Plugins/Interchange/Assets/Content/Functions/MX_Surface.uasset" 10051
"../../../Engine/Content/EngineMaterials/PPM_DefaultCalibrationGrayscale.uasset" 10052
"../../../Engine/Content/EngineMaterials/Substrate/Volume/SubstrateSimpleVolumeEnvLUT3D.uasset" 10053
"/Engine/EngineMaterials/Substrate/Glints2/dict_0000_0006" 10054
"../../../Engine/Content/EngineMaterials/Substrate/Glints2/dict_0000_0000.uasset" 10055
"/Engine/EngineMaterials/Substrate/Glints2/dict_0000_0007" 10056
"/Engine/EngineMaterials/Substrate/Glints2/dict_0000_0008" 10057
"/Engine/EngineMaterials/Substrate/Glints2/dict_0000_0009" 10058
"/Engine/EngineMaterials/Substrate/Glints2/dict_0000_0010" 10059
"/Engine/EngineMaterials/Substrate/Glints2/dict_0000_0011" 10060
"/Engine/EngineMaterials/Substrate/Glints2/dict_0000_0012" 10061
"/Engine/EngineMaterials/Substrate/Glints2/dict_0000_0014" 10062
"/Engine/EngineMaterials/Substrate/Glints2/dict_0000_0002" 10063
"/Engine/EngineMaterials/Substrate/Glints2/dict_0000_0016" 10064
"/Engine/EngineMaterials/Substrate/Glints2/dict_0000_0018" 10065
"/Engine/EngineMaterials/Substrate/Glints2/dict_0000_0004" 10066
"/Engine/EngineMaterials/Substrate/Glints2/dict_0000_0020" 10067
"/Engine/EngineMaterials/Substrate/Glints2/dict_0000_0005" 10068
"/Engine/EngineMaterials/Substrate/Glints2/dict_0000_0022" 10069
"../../../Engine/Content/Functions/Engine_MaterialFunctions03/Procedurals/HeightToNormalSmooth.uasset" 10070
"../../../Engine/Plugins/Interchange/Assets/Content/Functions/MX_Displacement.uasset" 10071
"../../../Engine/Content/Functions/Engine_MaterialFunctions02/Utility/BlendAngleCorrectedNormals.uasset" 10072
"C:/Users/Braun/repos/ShatteredArcana/Content/Textures/UI/Books/book_binding.uasset" 10073
"C:/Users/Braun/repos/ShatteredArcana/Content/Textures/UI/T_Cursor_Wand.uasset" 10074
"C:/Users/Braun/repos/ShatteredArcana/Content/Textures/UI/Books/book_chaos.uasset" 10075
"C:/Users/Braun/repos/ShatteredArcana/Content/Textures/UI/Books/book_arcane.uasset" 10076
"C:/Users/Braun/repos/ShatteredArcana/Content/Textures/UI/Books/book_nature.uasset" 10077
"C:/Users/Braun/repos/ShatteredArcana/Content/Textures/UI/Books/book_death.uasset" 10078
"C:/Users/Braun/repos/ShatteredArcana/Content/Textures/UI/Books/book_glamour.uasset" 10079
"C:/Users/Braun/repos/ShatteredArcana/Content/Textures/UI/Books/book_spirit.uasset" 10080
"C:/Users/Braun/repos/ShatteredArcana/Content/Textures/UI/T_MenuBackground.uasset" 10081
"C:/Users/Braun/repos/ShatteredArcana/Content/Textures/UI/Books/book_sorcery.uasset" 10082
"C:/Users/Braun/repos/ShatteredArcana/Content/Textures/UI/Books/book_empty.uasset" 10083
"C:/Users/Braun/repos/ShatteredArcana/Content/Textures/UI/Books/book_life.uasset" 10084
"/InterchangeAssets/Functions/MX_Surface" 10085
"/Engine/EngineMaterials/PPM_DefaultCalibrationGrayscale" 10086
"/Engine/EngineMaterials/PPM_DefaultCalibrationColor" 10087
"/Engine/MobileResources/HUD/DefaultVirtualJoysticks" 10088
"/Engine/EngineMaterials/Substrate/Volume/SubstrateSimpleVolumeEnvLUT3D" 10089
"/Engine/EngineMaterials/Substrate/Volume/SubstrateSimpleVolumeLUT3D" 10090
"/Engine/EngineMaterials/Substrate/Glints2/AGlintTex2dArray2" 10091
"/Game/Textures/UI/Books/book_chaos" 10092
"/Game/Textures/UI/Books/book_binding" 10093
"/Game/Textures/UI/Books/book_arcane" 10094
"/Game/Textures/UI/T_Cursor_Wand" 10095
"/InterchangeAssets/Functions/MX_Displacement" 10096
"C:/Users/Braun/repos/ShatteredArcana/Content/Textures/Wizards/class_warlock.uasset" 10097
"C:/Users/Braun/repos/ShatteredArcana/Content/Textures/Wizards/class_wizard.uasset" 10098
"C:/Users/Braun/repos/ShatteredArcana/Content/Textures/Wizards/creation_background.uasset" 10099
"C:/Users/Braun/repos/ShatteredArcana/Content/Textures/Wizards/class_psyker.uasset" 10100
"C:/Users/Braun/repos/ShatteredArcana/Content/Textures/Wizards/realm_arcane.uasset" 10101
"C:/Users/Braun/repos/ShatteredArcana/Content/Textures/Wizards/realm_chaos.uasset" 10102
"C:/Users/Braun/repos/ShatteredArcana/Content/Textures/Wizards/realm_binding.uasset" 10103
"C:/Users/Braun/repos/ShatteredArcana/Content/Textures/Wizards/realm_glamour.uasset" 10104
"C:/Users/Braun/repos/ShatteredArcana/Content/Textures/Wizards/realm_life.uasset" 10105
"C:/Users/Braun/repos/ShatteredArcana/Content/Textures/Wizards/wizard_03.uasset" 10106
"C:/Users/Braun/repos/ShatteredArcana/Content/Textures/Wizards/realm_sorcery.uasset" 10107
"C:/Users/Braun/repos/ShatteredArcana/Content/Textures/Wizards/wizard_04.uasset" 10108
"C:/Users/Braun/repos/ShatteredArcana/Content/Textures/Wizards/wizard_02.uasset" 10109
"C:/Users/Braun/repos/ShatteredArcana/Content/Textures/Wizards/realm_death.uasset" 10110
"C:/Users/Braun/repos/ShatteredArcana/Content/Textures/Wizards/wizard_01.uasset" 10111
"C:/Users/Braun/repos/ShatteredArcana/Content/Textures/Wizards/realm_spirit.uasset" 10112
"C:/Users/Braun/repos/ShatteredArcana/Content/Textures/Wizards/realm_nature.uasset" 10113
"C:/Users/Braun/repos/ShatteredArcana/Content/Textures/Wizards/wizard_05.uasset" 10114
"C:/Users/Braun/repos/ShatteredArcana/Content/Textures/Wizards/wizard_06.uasset" 10115
"C:/Users/Braun/repos/ShatteredArcana/Content/Textures/Wizards/wizard_08.uasset" 10116
"C:/Users/Braun/repos/ShatteredArcana/Content/Textures/Wizards/wizard_09.uasset" 10117
"C:/Users/Braun/repos/ShatteredArcana/Content/Textures/Wizards/wizard_11.uasset" 10118
"C:/Users/Braun/repos/ShatteredArcana/Content/Textures/Wizards/wizard_07.uasset" 10119
"C:/Users/Braun/repos/ShatteredArcana/Content/Textures/Wizards/wizard_10.uasset" 10120
"/Game/Textures/Wizards/wizard_05" 10121
"/Game/Textures/Wizards/wizard_04" 10122
"/Game/Textures/Wizards/wizard_03" 10123
"/Game/Textures/Wizards/wizard_02" 10124
"/Game/Textures/Wizards/wizard_01" 10125
"/Game/Textures/Wizards/realm_spirit" 10126
"/Game/Textures/Wizards/realm_sorcery" 10127
"/Game/Textures/Wizards/realm_nature" 10128
"/Game/Textures/Wizards/realm_life" 10129
"/Game/Textures/UI/Books/book_spirit" 10130
"/Game/Textures/UI/Books/book_sorcery" 10131
"/Game/Textures/UI/Books/book_nature" 10132
"/Game/Textures/UI/Books/book_life" 10133
"/Game/Textures/UI/Books/book_glamour" 10134
"/Game/Textures/UI/Books/book_empty" 10135
"/Game/Textures/UI/Books/book_death" 10136
"/Game/Textures/Wizards/realm_glamour" 10137
"/Game/Textures/Wizards/realm_death" 10138
"/Game/Textures/Wizards/realm_chaos" 10139
"/Game/Textures/Wizards/realm_binding" 10140
"/Game/Textures/Wizards/realm_arcane" 10141
"/Game/Textures/UI/T_MenuBackground" 10142
"/Game/Textures/Wizards/creation_background" 10143
"/Game/Textures/Wizards/class_wizard" 10144
"/Game/Textures/Wizards/class_warlock" 10145
"/Game/Textures/Wizards/class_psyker" 10146
"C:/Users/Braun/repos/ShatteredArcana/Content/Textures/Wizards/wizard_13.uasset" 10147
"../../../Engine/Plugins/NNE/NNEDenoiser/Content/NNEDIM_ColorAlbedoNormal_Default.uasset" 10148
"C:/Users/Braun/repos/ShatteredArcana/Content/Textures/Wizards/wizard_12.uasset" 10149
"/Game/Textures/Wizards/wizard_11" 10150
"C:/Users/Braun/repos/ShatteredArcana/Content/Textures/Wizards/wizard_14.uasset" 10151
"../../../Engine/Plugins/NNE/NNEDenoiser/Content/NNEDOM_Output_Alpha.uasset" 10152
"../../../Engine/Plugins/NNE/NNEDenoiser/Content/NNEDIM_ColorAlbedoNormal_Alpha.uasset" 10153
"../../../Engine/Plugins/NNE/NNEDenoiser/Content/NNEDIM_HighQuality_Default.uasset" 10154
"../../../Engine/Plugins/NNE/NNEDenoiser/Content/NNEDIM_HighQuality_Alpha.uasset" 10155
"/Game/Textures/Wizards/wizard_10" 10156
"/Game/Textures/Wizards/wizard_09" 10157
"/Game/Textures/Wizards/wizard_08" 10158
"/Game/Textures/Wizards/wizard_07" 10159
"/Game/Textures/Wizards/wizard_06" 10160
"../../../Engine/Plugins/NNE/NNEDenoiser/Content/NNEDT_Oidn2-3_Balanced.uasset" 10161
"../../../Engine/Plugins/NNE/NNEDenoiser/Content/NNEDTIM_ColorAlbedoNormal_Alpha.uasset" 10162
"../../../Engine/Plugins/NNE/NNEDenoiser/Content/NNEDOM_Output_Default.uasset" 10163
"../../../Engine/Plugins/NNE/NNEDenoiser/Content/NNEDTOM_Output_Default.uasset" 10164
"../../../Engine/Plugins/NNE/NNEDenoiser/Content/NNED_Oidn2-3_Balanced.uasset" 10165
"../../../Engine/Plugins/NNE/NNEDenoiser/Content/NNED_Oidn2-3_Balanced_Alpha.uasset" 10166
"../../../Engine/Plugins/NNE/NNEDenoiser/Content/NNEDTIM_ColorAlbedoNormal_Default.uasset" 10167
"../../../Engine/Plugins/NNE/NNEDenoiser/Content/NNEDT_Oidn2-3_Balanced_Alpha.uasset" 10168
"../../../Engine/Plugins/NNE/NNEDenoiser/Content/NNEDTOM_Output_Alpha.uasset" 10169
"../../../Engine/Plugins/NNE/NNEDenoiser/Content/NNED_Oidn2-3_Fast.uasset" 10170
"../../../Engine/Plugins/NNE/NNEDenoiser/Content/NNE_oidn2-3-0_rt_hdr_alb_nrm_small__dyn__fp16_opset11_DenoiseAlpha.uasset" 10171
"../../../Engine/Plugins/NNE/NNEDenoiser/Content/NNED_Oidn2-3_Fast_Alpha.uasset" 10172
"../../../Engine/Plugins/NNE/NNEDenoiser/Content/NNED_Oidn2-3_HighQuality_Alpha.uasset" 10173
"../../../Engine/Plugins/NNE/NNEDenoiser/Content/NNED_Oidn2-3_HighQuality.uasset" 10174
"../../../Engine/Plugins/NNE/NNEDenoiser/Content/NNE_oidn2-3-0_rt_hdr_calb_cnrm_large__dyn__fp16_opset11_DenoiseAlpha.uasset" 10175
"C:/Users/Braun/repos/ShatteredArcana/Content/Maps/L_Overworld.umap" 10176
"../../../Engine/Plugins/NNE/NNEDenoiser/Content/NNE_oidn2-3-0_rt_hdr_alb_nrm_small__dyn__fp16_opset11_ForwardAlpha.uasset" 10177
"../../../Engine/Plugins/NNE/NNEDenoiser/Content/NNE_oidn2-3-0_rt_hdr_alb_nrm__dyn__fp16_opset11_DenoiseAlpha.uasset" 10178
"../../../Engine/Plugins/NNE/NNEDenoiser/Content/NNE_oidn2-3-0_rt_hdr_alb_nrm__dyn__fp16_opset11_ForwardAlpha.uasset" 10179
"../../../Engine/Plugins/NNE/NNEDenoiser/Content/NNE_oidn2-3-0_rt_hdr_calb_cnrm_large__dyn__fp16_opset11_ForwardAlpha.uasset" 10180
"/NNEDenoiser/NNEDT_Oidn2-3_Balanced" 10181
"/NNEDenoiser/NNEDTOM_Output_Default" 10182
"/NNEDenoiser/NNEDTOM_Output_Alpha" 10183
"/NNEDenoiser/NNEDTIM_ColorAlbedoNormal_Default" 10184
"/NNEDenoiser/NNEDTIM_ColorAlbedoNormal_Alpha" 10185
"/NNEDenoiser/NNEDOM_Output_Default" 10186
"/NNEDenoiser/NNED_Oidn2-3_Balanced_Alpha" 10187
"/NNEDenoiser/NNED_Oidn2-3_Balanced" 10188
"/NNEDenoiser/NNEDT_Oidn2-3_Balanced_Alpha" 10189
"/NNEDenoiser/NNEDOM_Output_Alpha" 10190
"/NNEDenoiser/NNEDIM_HighQuality_Default" 10191
"/NNEDenoiser/NNEDIM_HighQuality_Alpha" 10192
"/NNEDenoiser/NNEDIM_ColorAlbedoNormal_Default" 10193
"/NNEDenoiser/NNEDIM_ColorAlbedoNormal_Alpha" 10194
"/Game/Textures/Wizards/wizard_14" 10195
"/Game/Textures/Wizards/wizard_13" 10196
"/Game/Textures/Wizards/wizard_12" 10197
"/Game/Maps/L_Overworld" 10198
"../../../../../../Users/Braun/repos/ShatteredArcana/Content/Maps/L_Overworld.umap" 10199
"/NNEDenoiser/NNE_oidn2-3-0_rt_hdr_calb_cnrm_large__dyn__fp16_opset11_ForwardAlpha" 10200
"/NNEDenoiser/NNE_oidn2-3-0_rt_hdr_calb_cnrm_large__dyn__fp16_opset11_DenoiseAlpha" 10201
"/NNEDenoiser/NNE_oidn2-3-0_rt_hdr_alb_nrm__dyn__fp16_opset11_ForwardAlpha" 10202
"/NNEDenoiser/NNE_oidn2-3-0_rt_hdr_alb_nrm__dyn__fp16_opset11_DenoiseAlpha" 10203
"/NNEDenoiser/NNE_oidn2-3-0_rt_hdr_alb_nrm_small__dyn__fp16_opset11_ForwardAlpha" 10204
"/NNEDenoiser/NNE_oidn2-3-0_rt_hdr_alb_nrm_small__dyn__fp16_opset11_DenoiseAlpha" 10205
"/NNEDenoiser/NNED_Oidn2-3_HighQuality_Alpha" 10206
"/NNEDenoiser/NNED_Oidn2-3_HighQuality" 10207
"/NNEDenoiser/NNED_Oidn2-3_Fast_Alpha" 10208
"/NNEDenoiser/NNED_Oidn2-3_Fast" 10209
"C:/Users/Braun/repos/ShatteredArcana/Intermediate/ORTOptimizerPass_OptimizedF7CDB3E346BE19E24407E987F96D3FE3.onnx" 10210
"C:/Users/Braun/repos/ShatteredArcana/Intermediate/ORTOptimizerPass_Optimized4BE6A0DD40E73BAE2548E3A8B0706A06.onnx" 10211
"C:/Users/Braun/repos/ShatteredArcana/Intermediate/ORTOptimizerPass_Optimized3FBA0535499D0968331B0BAA70A162A1.onnx" 10212
"C:/Users/Braun/repos/ShatteredArcana/Intermediate/ORTOptimizerPass_Optimized56BA9BD5498381274D17D7B7A84C31AE.onnx" 10213
"C:/Users/Braun/repos/ShatteredArcana/Intermediate/ORTOptimizerPass_Optimized33BCE2734A4A348DD2AEAD83F5F79A66.onnx" 10214
"C:/Users/Braun/repos/ShatteredArcana/Intermediate/ORTOptimizerPass_Optimized107F608C41442176BBBE199D17836CAC.onnx" 10215
"C:/Users/Braun/repos/ShatteredArcana/Intermediate/ORTOptimizerPass_Optimized1B0AB7B34228907DB1666BB8E72A8B62.onnx" 10216
"C:/Users/Braun/repos/ShatteredArcana/Intermediate/ORTOptimizerPass_Optimized6516A1924132C412FE5673AD270B200A.onnx" 10217
"C:/Users/Braun/repos/ShatteredArcana/Intermediate/ORTOptimizerPass_Optimized0914E7974248078D9079DD93290ACC10.onnx" 10218
"C:/Users/Braun/repos/ShatteredArcana/Intermediate/ORTOptimizerPass_Optimized23984F4A4B97F9197D5F1AA1FBC10817.onnx" 10219
"C:/Users/Braun/repos/ShatteredArcana/Intermediate/ORTOptimizerPass_Optimized82642E864B6BBBF7499D0DB0A45FECDD.onnx" 10220
"C:/Users/Braun/repos/ShatteredArcana/Intermediate/ORTOptimizerPass_Optimized5B5399F441E1C6B9DFDE0B87A644525F.onnx" 10221
"C:/Users/Braun/repos/ShatteredArcana/DerivedDataCache/VT/TEXTURE_7C16439390E24F1F9468894FB4D4BC55_VTCHUNKD2DAB16BFF152507817E734DBB935160EA97A322" 10222
"../../../Engine/Content/EngineMaterials/DefaultBloomKernel.uasset" 10223
"../../../Engine/Content/EngineResources/FilmGrains/Marcie_Grain_v3_128_M2_000.uasset" 10224
"../../../Engine/Content/EngineDebugMaterials/DebugEditorMaterial.uasset" 10225
"../../../Engine/Content/EngineMaterials/FastBlueNoise_scalar_128x128x64.uasset" 10226
"../../../Engine/Content/EngineMaterials/FastBlueNoise_scalar_128x128x8.uasset" 10227
"../../../Engine/Content/EditorResources/BSPVertex.uasset" 10228
"../../../Engine/Content/EngineMaterials/FastBlueNoise_vec2_128x128x64.uasset" 10229
"../../../Engine/Content/EngineResources/Development/ZenLogo_64.uasset" 10230
"C:/Users/Braun/repos/ShatteredArcana/DerivedDataCache/VT/TEXTURE_7C16439390E24F1F9468894FB4D4BC55_VTCHUNK38740DBD4108040D6985AA56705D97D46F27920C" 10231
"C:/Users/Braun/repos/ShatteredArcana/DerivedDataCache/VT/TEXTURE_7C16439390E24F1F9468894FB4D4BC55_VTCHUNK84C05FFC339C0CEFE446DED1628C0AFB5362331E" 10232
"C:/Users/Braun/repos/ShatteredArcana/DerivedDataCache/VT/TEXTURE_7C16439390E24F1F9468894FB4D4BC55_VTCHUNKC0393DE8C5B4673D99D1BECB92AA8C1F72FEB491" 10233
"C:/Users/Braun/repos/ShatteredArcana/DerivedDataCache/VT/TEXTURE_7C16439390E24F1F9468894FB4D4BC55_VTCHUNK02D4C3BCAD7DFA48AB32B8281FB06B8B83DB6275" 10234
"../../../Engine/Content/EngineMaterials/LTC/Sheen_LTC.uasset" 10235
"../../../Engine/Content/EngineMaterials/EnergyConservation/Sheen_Energy.uasset" 10236
"/Engine/EngineMaterials/FastBlueNoise_vec2_128x128x64" 10237
"../../../Engine/Content/EngineMaterials/EnergyConservation/Diffuse_Energy.uasset" 10238
"../../../Engine/Content/EngineMaterials/SMAAAreaTex.uasset" 10239
"../../../Engine/Content/EngineMaterials/SMAASearchTex.uasset" 10240
"../../../Engine/Content/EngineSounds/Master.uasset" 10241
"../../../Engine/Plugins/Interchange/Runtime/Content/Pipelines/DefaultAssetsPipeline.uasset" 10242
"../../../Engine/Plugins/Interchange/Runtime/Content/Pipelines/DefaultMaterialXPipeline.uasset" 10243
"../../../Engine/Plugins/Interchange/Runtime/Content/Pipelines/DefaultGLTFAssetsPipeline.uasset" 10244
"../../../Engine/Plugins/Interchange/Runtime/Content/Pipelines/DefaultGLTFPipeline.uasset" 10245
"../../../Engine/Plugins/Interchange/Runtime/Content/Pipelines/DefaultTexturePipeline.uasset" 10246
"../../../Engine/Plugins/Interchange/Runtime/Content/Pipelines/DefaultMaterialPipeline.uasset" 10247
"../../../Engine/Plugins/Interchange/Runtime/Content/Pipelines/DefaultAudioPipeline.uasset" 10248
"../../../Engine/Plugins/Interchange/Runtime/Content/Pipelines/DefaultSceneAssetsPipeline.uasset" 10249
"../../../Engine/Plugins/Interchange/Runtime/Content/Pipelines/DefaultGLTFSceneAssetsPipeline.uasset" 10250
"../../../Engine/Plugins/Interchange/Runtime/Content/Pipelines/DefaultSceneLevelPipeline.uasset" 10251
"../../../Engine/Plugins/Interchange/Assets/Content/Functions/MX_UsdPreviewSurface.uasset" 10252
"../../../Engine/Plugins/Interchange/Assets/Content/Functions/MX_SurfaceUnlit.uasset" 10253
"../../../Engine/Plugins/Interchange/Assets/Content/Substrate/MX_SimpleVolume.uasset" 10254
"../../../Engine/Plugins/Interchange/Assets/Content/Functions/MX_OrenNayarBSDF.uasset" 10255
"/Engine/EngineMaterials/FastBlueNoise_scalar_128x128x8" 10256
"../../../Engine/Plugins/Interchange/Assets/Content/Functions/MX_BurleyDiffuseBSDF.uasset" 10257
"../../../Engine/Plugins/Interchange/Assets/Content/Functions/MX_TranslucentBSDF.uasset" 10258
"../../../Engine/Plugins/Interchange/Assets/Content/Functions/MX_DielectricBSDF.uasset" 10259
"../../../Engine/Plugins/Interchange/Assets/Content/Functions/MX_ConductorBSDF.uasset" 10260
"/Engine/EngineMaterials/FastBlueNoise_scalar_128x128x64" 10261
"/Engine/EngineDebugMaterials/DebugEditorMaterial" 10262
"/Engine/EngineResources/Development/ZenLogo_64" 10263
"/Engine/EngineResources/FilmGrains/Marcie_Grain_v3_128_M2_000" 10264
"/Engine/EngineMaterials/DefaultBloomKernel" 10265
"/Engine/EditorResources/BSPVertex" 10266
"../../../Engine/Plugins/Interchange/Assets/Content/Functions/MX_GeneralizedSchlickBSDF.uasset" 10267
"../../../Engine/Plugins/Interchange/Assets/Content/Functions/MX_SubsurfaceBSDF.uasset" 10268
"/InterchangeAssets/Functions/MX_OrenNayarBSDF" 10269
"../../../Engine/Plugins/Interchange/Assets/Content/Functions/MX_SheenBSDF.uasset" 10270
"../../../Engine/Plugins/Interchange/Assets/Content/Functions/MX_ChiangHairBSDF.uasset" 10271
"../../../Engine/Plugins/Interchange/Assets/Content/Functions/MX_UniformEDF.uasset" 10272
"../../../Engine/Plugins/Interchange/Assets/Content/Functions/MX_ConicalEDF.uasset" 10273
"../../../Engine/Plugins/Interchange/Assets/Content/Functions/MX_MeasuredEDF.uasset" 10274
"../../../Engine/Plugins/Interchange/Assets/Content/Functions/MX_AbsorptionVDF.uasset" 10275
"/InterchangeAssets/Substrate/MX_SimpleVolume" 10276
"/InterchangeAssets/Functions/MX_UsdPreviewSurface" 10277
"/InterchangeAssets/Functions/MX_SurfaceUnlit" 10278
"/Interchange/Pipelines/DefaultGLTFSceneAssetsPipeline" 10279
"/Interchange/Pipelines/DefaultSceneLevelPipeline" 10280
"/InterchangeAssets/Functions/MX_ConductorBSDF" 10281
"/InterchangeAssets/Functions/MX_DielectricBSDF" 10282
"/InterchangeAssets/Functions/MX_TranslucentBSDF" 10283
"/InterchangeAssets/Functions/MX_BurleyDiffuseBSDF" 10284
"/Engine/EngineMaterials/EnergyConservation/Diffuse_Energy" 10285
"/Engine/EngineMaterials/EnergyConservation/Sheen_Energy" 10286
"/Engine/EngineMaterials/LTC/Sheen_LTC" 10287
"/Interchange/Pipelines/DefaultSceneAssetsPipeline" 10288
"/Interchange/Pipelines/DefaultAudioPipeline" 10289
"/Interchange/Pipelines/DefaultTexturePipeline" 10290
"/Interchange/Pipelines/DefaultMaterialPipeline" 10291
"/Interchange/Pipelines/DefaultGLTFPipeline" 10292
"/Interchange/Pipelines/DefaultGLTFAssetsPipeline" 10293
"/Interchange/Pipelines/DefaultMaterialXPipeline" 10294
"/Interchange/Pipelines/DefaultAssetsPipeline" 10295
"/Engine/EngineSounds/Master" 10296
"/Engine/EngineMaterials/SMAASearchTex" 10297
"/Engine/EngineMaterials/SMAAAreaTex" 10298
"../../../Engine/Plugins/Interchange/Assets/Content/Functions/MX_AnisotropicVDF.uasset" 10299
"/InterchangeAssets/Functions/MX_AbsorptionVDF" 10300
"../../../Engine/Plugins/Animation/ControlRig/Content/Controls/ControlRigGizmoMaterial.uasset" 10301
"/InterchangeAssets/Functions/MX_MeasuredEDF" 10302
"/InterchangeAssets/Functions/MX_ConicalEDF" 10303
"/InterchangeAssets/Functions/MX_UniformEDF" 10304
"/InterchangeAssets/Functions/MX_ChiangHairBSDF" 10305
"/InterchangeAssets/Functions/MX_SheenBSDF" 10306
"/InterchangeAssets/Functions/MX_SubsurfaceBSDF" 10307
"/InterchangeAssets/Functions/MX_GeneralizedSchlickBSDF" 10308
"/ControlRig/Controls/ControlRigGizmoMaterial" 10309
"/InterchangeAssets/Functions/MX_AnisotropicVDF" 10310
"C:/Users/Braun/repos/ShatteredArcana/Saved/Cooked/Windows/ShatteredArcana/Metadata/CookedSettings.txt" 10311
